tiempo_relativo_s,valor_crudo
1.3249752521514893,-67980.0
1.334998607635498,-68056.0
1.3449811935424805,-68108.0
1.3548901081085205,-68127.0
1.3707749843597412,-68133.0
1.38057541847229,-68115.0
1.3851430416107178,-68082.0
1.394901990890503,-68043.0
1.4194715023040771,-68000.0
1.419996738433838,-67946.0
1.4269351959228516,-67883.0
1.4349653720855713,-67829.0
1.445105791091919,-67771.0
1.4553494453430176,-67718.0
1.471250295639038,-67687.0
1.4812204837799072,-67668.0
1.485029935836792,-67674.0
1.495091438293457,-67694.0
1.520158052444458,-67726.0
1.520803451538086,-67765.0
1.5300490856170654,-67818.0
1.5349712371826172,-67846.0
1.545100212097168,-67863.0
1.5707728862762451,-67887.0
1.5714571475982666,-67922.0
1.581934928894043,-67971.0
1.5864882469177246,-68038.0
1.5949251651763916,-68094.0
1.6157457828521729,-68160.0
1.6167891025543213,-68240.0
1.6250371932983398,-68349.0
1.6347095966339111,-68449.0
1.644836664199829,-68509.0
1.6661362648010254,-68517.0
1.6667017936706543,-68503.0
1.676621675491333,-68475.0
1.6844923496246338,-68451.0
1.6950047016143799,-68429.0
1.7149744033813477,-68396.0
1.7155821323394775,-68291.0
1.7244322299957275,-68168.0
1.7355732917785645,-68088.0
1.7456214427947998,-68040.0
1.7699055671691895,-68034.0
1.7704203128814697,-68060.0
1.7809123992919922,-68094.0
1.7859020233154297,-68163.0
1.7953171730041504,-68236.0
1.815331220626831,-68305.0
1.8242318630218506,-68340.0
1.8252677917480469,-68376.0
1.8355162143707275,-68384.0
1.8453850746154785,-68386.0
1.8676633834838867,-68374.0
1.8683280944824219,-68371.0
1.878370761871338,-68363.0
1.885174036026001,-68352.0
1.8952689170837402,-68332.0
1.916151523590088,-68317.0
1.9168157577514648,-68297.0
1.9266104698181152,-68288.0
1.9354033470153809,-68290.0
1.945410966873169,-68287.0
1.968001365661621,-68284.0
1.9685564041137695,-68292.0
1.9788131713867188,-68297.0
1.9853298664093018,-68305.0
1.9953513145446777,-68300.0
2.0172219276428223,-68309.0
2.0177319049835205,-68306.0
2.028205156326294,-68319.0
2.0354936122894287,-68318.0
2.045262336730957,-68326.0
2.055752992630005,-68325.0
2.0689332485198975,-68327.0
2.081803560256958,-68324.0
2.0853610038757324,-68314.0
2.0954151153564453,-68270.0
2.117887258529663,-68173.0
2.126142978668213,-67989.0
2.1266562938690186,-67790.0
2.1353251934051514,-67590.0
2.1451854705810547,-67453.0
2.155196189880371,-67366.0
2.168471097946167,-67331.0
2.1814262866973877,-67308.0
2.186016321182251,-67304.0
2.195127487182617,-67304.0
2.218316078186035,-67313.0
2.219052314758301,-67320.0
2.230083465576172,-67336.0
2.2353198528289795,-67347.0
2.245408535003662,-67362.0
2.2550878524780273,-67366.0
2.267646551132202,-67384.0
2.278169870376587,-67387.0
2.286241054534912,-67406.0
2.295933246612549,-67411.0
2.3168435096740723,-67424.0
2.3173446655273438,-67427.0
2.3289794921875,-67436.0
2.3361191749572754,-67433.0
2.3460569381713867,-67451.0
2.3574118614196777,-67453.0
2.3693947792053223,-67463.0
2.382382392883301,-67465.0
2.3868210315704346,-67481.0
2.395846128463745,-67480.0
2.416102886199951,-67492.0
2.4167518615722656,-67484.0
2.426032304763794,-67486.0
2.4362921714782715,-67482.0
2.4458529949188232,-67489.0
2.4672751426696777,-67480.0
2.4678139686584473,-67487.0
2.478050947189331,-67478.0
2.485882043838501,-67494.0
2.4959559440612793,-67502.0
2.5203866958618164,-67530.0
2.5208914279937744,-67545.0
2.5327682495117188,-67580.0
2.536435604095459,-67608.0
2.545842170715332,-67652.0
2.567826747894287,-67697.0
2.5684731006622314,-67759.0
2.5786633491516113,-67809.0
2.58589506149292,-67871.0
2.5957837104797363,-67909.0
2.6157710552215576,-67947.0
2.616415023803711,-67962.0
2.629380702972412,-67987.0
2.6356258392333984,-67988.0
2.6456210613250732,-67991.0
2.668091297149658,-67985.0
2.6686129570007324,-67987.0
2.680342197418213,-67973.0
2.688263177871704,-67971.0
2.695460796356201,-67952.0
2.7165327072143555,-67958.0
2.717130661010742,-67961.0
2.729140281677246,-67986.0
2.7352607250213623,-67998.0
2.745378017425537,-68029.0
2.7674267292022705,-68043.0
2.768019199371338,-68072.0
2.779388427734375,-68077.0
2.785963773727417,-68110.0
2.7953667640686035,-68123.0
2.816781997680664,-68154.0
2.8172457218170166,-68158.0
2.829451322555542,-68146.0
2.836338520050049,-68063.0
2.84639573097229,-67934.0
2.8676395416259766,-67752.0
2.8682308197021484,-67605.0
2.879171133041382,-67468.0
2.886378526687622,-67394.0
2.8966541290283203,-67327.0
2.9168858528137207,-67300.0
2.9173696041107178,-67263.0
2.930375576019287,-67262.0
2.9363629817962646,-67255.0
2.946467399597168,-67280.0
2.9679861068725586,-67287.0
2.9685165882110596,-67313.0
2.9802536964416504,-67317.0
2.9872379302978516,-67341.0
2.9964749813079834,-67345.0
3.01706862449646,-67369.0
3.017540454864502,-67372.0
3.0291805267333984,-67388.0
3.036386251449585,-67393.0
3.0464391708374023,-67412.0
3.068192958831787,-67428.0
3.068817138671875,-67449.0
3.080615758895874,-67473.0
3.0869054794311523,-67512.0
3.0964181423187256,-67528.0
3.11879563331604,-67559.0
3.119466781616211,-67562.0
3.1304821968078613,-67580.0
3.1361420154571533,-67581.0
3.1463916301727295,-67586.0
3.1690635681152344,-67570.0
3.1695663928985596,-67585.0
3.18147873878479,-67580.0
3.1863913536071777,-67594.0
3.1963396072387695,-67576.0
3.218446731567383,-67571.0
3.229004144668579,-67540.0
3.230199098587036,-67538.0
3.236248731613159,-67505.0
3.24639892578125,-67492.0
3.2692534923553467,-67462.0
3.269906520843506,-67485.0
3.2825047969818115,-67495.0
3.2864344120025635,-67534.0
3.2961769104003906,-67549.0
3.3186891078948975,-67592.0
3.3194262981414795,-67626.0
3.3297135829925537,-67704.0
3.3356544971466064,-67764.0
3.3457202911376953,-67838.0
3.3693628311157227,-67910.0
3.3699538707733154,-68007.0
3.3830459117889404,-68085.0
3.387019157409668,-68160.0
3.3969388008117676,-68211.0
3.41888165473938,-68258.0
3.4198992252349854,-68277.0
3.429647207260132,-68309.0
3.437044382095337,-68319.0
3.446664810180664,-68340.0
3.46905255317688,-68346.0
3.4695181846618652,-68367.0
3.4823966026306152,-68371.0
3.4869236946105957,-68386.0
3.4965574741363525,-68387.0
3.518824815750122,-68397.0
3.519371271133423,-68395.0
3.5303938388824463,-68398.0
3.5364863872528076,-68373.0
3.546560764312744,-68346.0
3.57011079788208,-68283.0
3.5705790519714355,-68196.0
3.5840020179748535,-68040.0
3.587547779083252,-67900.0
3.596529245376587,-67737.0
3.6197760105133057,-67571.0
3.6203439235687256,-67436.0
3.633845329284668,-67374.0
3.6364524364471436,-67334.0
3.6465446949005127,-67326.0
3.6701815128326416,-67319.0
3.6706948280334473,-67343.0
3.685230255126953,-67359.0
3.6863901615142822,-67392.0
3.696521759033203,-67412.0
3.719085216522217,-67434.0
3.719547986984253,-67449.0
3.731497287750244,-67474.0
3.736626148223877,-67481.0
3.7464449405670166,-67512.0
3.7694575786590576,-67532.0
3.7700648307800293,-67568.0
3.7839388847351074,-67602.0
3.7868235111236572,-67644.0
3.7963979244232178,-67673.0
3.8186697959899902,-67708.0
3.8192665576934814,-67717.0
3.8318119049072266,-67738.0
3.8364741802215576,-67723.0
3.8465659618377686,-67722.0
3.8691368103027344,-67703.0
3.8696606159210205,-67697.0
3.8827104568481445,-67690.0
3.8872947692871094,-67704.0
3.89689302444458,-67724.0
3.9200730323791504,-67771.0
3.928870916366577,-67800.0
3.9294891357421875,-67850.0
3.936558723449707,-67880.0
3.9473767280578613,-67917.0
3.9685652256011963,-67936.0
3.9691321849823,-67965.0
3.9842288494110107,-67975.0
3.9875152111053467,-68002.0
3.9974255561828613,-68014.0
4.018464803695679,-68033.0
4.019026279449463,-68045.0
4.031653165817261,-68059.0
4.037432670593262,-68064.0
4.047350168228149,-68080.0
4.0699450969696045,-68084.0
4.07042121887207,-68093.0
4.085339307785034,-68091.0
4.0872275829315186,-68106.0
4.09735107421875,-68106.0
4.118476390838623,-68121.0
4.119071006774902,-68108.0
4.1332244873046875,-68111.0
4.137361526489258,-68093.0
4.1474995613098145,-68089.0
4.16966986656189,-68076.0
4.170141220092773,-68072.0
4.182924032211304,-68054.0
4.18742299079895,-68053.0
4.197263479232788,-68037.0
4.21903133392334,-68041.0
4.219523191452026,-68026.0
4.2340312004089355,-68019.0
4.237332344055176,-67977.0
4.2471678256988525,-67909.0
4.269237995147705,-67769.0
4.269973516464233,-67621.0
4.283013105392456,-67470.0
4.287059545516968,-67360.0
4.297040700912476,-67278.0
4.3190391063690186,-67230.0
4.319531202316284,-67189.0
4.336151361465454,-67180.0
4.338088274002075,-67167.0
4.346876621246338,-67174.0
4.3568115234375,-67168.0
4.371915817260742,-67184.0
4.386620759963989,-67184.0
4.387126207351685,-67198.0
4.396864891052246,-67193.0
4.42200493812561,-67210.0
4.42255711555481,-67200.0
4.435961961746216,-67214.0
4.436657667160034,-67213.0
4.446752309799194,-67223.0
4.469999074935913,-67227.0
4.470466375350952,-67245.0
4.486316919326782,-67265.0
4.486827850341797,-67293.0
4.497951507568359,-67301.0
4.51978874206543,-67328.0
4.520311594009399,-67344.0
4.535269021987915,-67360.0
4.537964582443237,-67363.0
4.547919988632202,-67377.0
4.570945978164673,-67371.0
4.571424961090088,-67375.0
4.586644887924194,-67371.0
4.5881571769714355,-67371.0
4.598121166229248,-67360.0
4.620640516281128,-67355.0
4.621219873428345,-67337.0
4.635935306549072,-67340.0
4.638001203536987,-67335.0
4.647841691970825,-67333.0
4.670648813247681,-67333.0
4.67119574546814,-67338.0
4.686677932739258,-67334.0
4.688009977340698,-67353.0
4.698042154312134,-67356.0
4.720499277114868,-67366.0
4.721014022827148,-67366.0
4.7355852127075195,-67385.0
4.738357067108154,-67387.0
4.747969150543213,-67395.0
4.770998954772949,-67394.0
4.771509408950806,-67407.0
4.786972522735596,-67413.0
4.787638902664185,-67419.0
4.797915935516357,-67408.0
4.820239543914795,-67420.0
4.820760250091553,-67412.0
4.8334925174713135,-67415.0
4.8374433517456055,-67411.0
4.847317695617676,-67425.0
4.872301340103149,-67427.0
4.872876405715942,-67442.0
4.886670827865601,-67454.0
4.887477874755859,-67478.0
4.897408485412598,-67492.0
4.919409275054932,-67518.0
4.919995069503784,-67533.0
4.934646129608154,-67554.0
4.937377452850342,-67564.0
4.947478532791138,-67581.0
4.972247362136841,-67582.0
4.973450660705566,-67592.0
4.987198114395142,-67590.0
4.987701416015625,-67591.0
4.997299432754517,-67569.0
5.0207860469818115,-67528.0
5.021312952041626,-67444.0
5.034747362136841,-67357.0
5.037437677383423,-67259.0
5.0475099086761475,-67186.0
5.071386814117432,-67111.0
5.071982145309448,-67062.0
5.086857557296753,-67010.0
5.088193893432617,-66977.0
5.098324537277222,-66949.0
5.119078636169434,-66944.0
5.119546413421631,-66943.0
5.1348206996917725,-66951.0
5.1381635665893555,-66956.0
5.148346900939941,-66981.0
5.171930551528931,-66995.0
5.172408103942871,-67009.0
5.18810510635376,-67014.0
5.188580274581909,-67036.0
5.198291063308716,-67040.0
5.22127628326416,-67062.0
5.22181248664856,-67076.0
5.2359466552734375,-67098.0
5.23813796043396,-67114.0
5.248345613479614,-67139.0
5.271850109100342,-67156.0
5.272319078445435,-67181.0
5.28643536567688,-67190.0
5.289390563964844,-67199.0
5.298367738723755,-67202.0
5.318469762802124,-67205.0
5.319087743759155,-67195.0
5.328329563140869,-67198.0
5.344162464141846,-67188.0
5.348153829574585,-67186.0
5.374740123748779,-67174.0
5.375377655029297,-67179.0
5.378584861755371,-67173.0
5.3913984298706055,-67185.0
5.398752927780151,-67190.0
5.421496868133545,-67196.0
5.42201566696167,-67195.0
5.437618970870972,-67209.0
5.438114643096924,-67207.0
5.44830322265625,-67219.0
5.473108530044556,-67222.0
5.4735798835754395,-67236.0
5.490192651748657,-67243.0
5.4906957149505615,-67251.0
5.497892141342163,-67254.0
5.52257227897644,-67271.0
5.523136138916016,-67280.0
5.536173343658447,-67292.0
5.539239168167114,-67303.0
5.548332691192627,-67321.0
5.574462890625,-67327.0
5.5750205516815186,-67335.0
5.589986562728882,-67341.0
5.590728759765625,-67351.0
5.597946643829346,-67355.0
5.621768951416016,-67365.0
5.622348308563232,-67371.0
5.637226581573486,-67384.0
5.638762950897217,-67382.0
5.64885401725769,-67384.0
5.6746814250946045,-67390.0
5.675157785415649,-67395.0
5.694850206375122,-67395.0
5.6954426765441895,-67401.0
5.69894814491272,-67412.0
5.723405122756958,-67422.0
5.724731683731079,-67427.0
5.739480257034302,-67440.0
5.741502523422241,-67448.0
5.748480319976807,-67449.0
5.7770538330078125,-67428.0
5.777547836303711,-67368.0
5.778759241104126,-67265.0
5.795135021209717,-67158.0
5.798837184906006,-67066.0
5.8245158195495605,-67001.0
5.825390338897705,-66949.0
5.841334819793701,-66903.0
5.8419342041015625,-66874.0
5.848560810089111,-66859.0
5.8754987716674805,-66853.0
5.876037359237671,-66851.0
5.890188217163086,-66855.0
5.893847465515137,-66868.0
5.898861646652222,-66883.0
5.924533843994141,-66892.0
5.925058126449585,-66901.0
5.9415178298950195,-66906.0
5.94206428527832,-66914.0
5.948362350463867,-66919.0
5.976259469985962,-66924.0
5.976959466934204,-66936.0
5.979187726974487,-66946.0
5.993545770645142,-66963.0
5.998861074447632,-66983.0
6.0328240394592285,-67004.0
6.033667087554932,-67014.0
6.0510337352752686,-67029.0
6.051488161087036,-67031.0
6.051943063735962,-67039.0
6.060523271560669,-67035.0
6.085548400878906,-67035.0
6.086248397827148,-67030.0
6.103569746017456,-67027.0
6.104379415512085,-67025.0
6.109889268875122,-67022.0
6.139881134033203,-67027.0
6.140722751617432,-67028.0
6.161405324935913,-67039.0
6.162107467651367,-67045.0
6.168228626251221,-67058.0
6.170028448104858,-67069.0
6.198177814483643,-67090.0
6.19883918762207,-67119.0
6.199725151062012,-67146.0
6.230700731277466,-67184.0
6.231443405151367,-67220.0
6.232208728790283,-67260.0
6.25365948677063,-67294.0
6.254289388656616,-67325.0
6.26111912727356,-67361.0
6.284546136856079,-67394.0
6.28525710105896,-67428.0
6.303778648376465,-67458.0
6.304286956787109,-67489.0
6.310225248336792,-67513.0
6.338498830795288,-67540.0
6.339045524597168,-67574.0
6.339515209197998,-67605.0
6.360994100570679,-67634.0
6.361607789993286,-67671.0
6.38427996635437,-67683.0
6.3933799266815186,-67700.0
6.394302845001221,-67700.0
6.419078350067139,-67700.0
6.419966697692871,-67679.0
6.420426607131958,-67653.0
6.453525543212891,-67617.0
6.4540956020355225,-67591.0
6.454582214355469,-67556.0
6.459430456161499,-67547.0
6.483872890472412,-67539.0
6.484519004821777,-67548.0
6.509490013122559,-67551.0
6.516388416290283,-67563.0
6.547292470932007,-67571.0
6.547956466674805,-67592.0
6.55036735534668,-67606.0
6.563647747039795,-67618.0
6.564228773117065,-67628.0
6.570356130599976,-67607.0
6.5731871128082275,-67530.0
6.589985609054565,-67391.0
6.590427875518799,-67248.0
6.599215984344482,-67145.0
6.6262757778167725,-67068.0
6.626798391342163,-67020.0
6.644689083099365,-66979.0
6.645318984985352,-66969.0
6.649362087249756,-66957.0
6.681243658065796,-66964.0
6.683216571807861,-66969.0
6.683744192123413,-66986.0
6.703180313110352,-67005.0
6.703711748123169,-67027.0
6.709463834762573,-67039.0
6.736886024475098,-67062.0
6.737390518188477,-67071.0
6.755584001541138,-67086.0
6.756532430648804,-67088.0
6.7604663372039795,-67098.0
6.780015468597412,-67093.0
6.7804577350616455,-67111.0
6.79057765007019,-67111.0
6.8119752407073975,-67126.0
6.812577724456787,-67128.0
6.8201189041137695,-67144.0
6.858162879943848,-67149.0
6.861440658569336,-67156.0
6.86334490776062,-67153.0
6.890320301055908,-67154.0
6.891986846923828,-67148.0
6.8933939933776855,-67144.0
6.89426064491272,-67135.0
6.919841051101685,-67142.0
6.920473098754883,-67129.0
6.921268463134766,-67134.0
6.93103289604187,-67122.0
6.966706037521362,-67136.0
6.967551231384277,-67129.0
6.968306303024292,-67144.0
6.970021963119507,-67146.0
7.01270318031311,-67164.0
7.01349139213562,-67166.0
7.014444589614868,-67183.0
7.018727779388428,-67182.0
7.055298089981079,-67195.0
7.05604362487793,-67200.0
7.056854963302612,-67213.0
7.085905075073242,-67214.0
7.093771457672119,-67227.0
7.094417095184326,-67230.0
7.095305919647217,-67239.0
7.09722900390625,-67237.0
7.1321728229522705,-67251.0
7.1331565380096436,-67248.0
7.134197235107422,-67262.0
7.135390520095825,-67270.0
7.164514064788818,-67286.0
7.165365695953369,-67289.0
7.171924114227295,-67303.0
7.172770738601685,-67307.0
7.205067157745361,-67324.0
7.205894231796265,-67322.0
7.2069385051727295,-67344.0
7.234371185302734,-67347.0
7.23832893371582,-67361.0
7.239800930023193,-67360.0
7.242974281311035,-67372.0
7.273284673690796,-67373.0
7.2760350704193115,-67391.0
7.280395746231079,-67397.0
7.281520843505859,-67412.0
7.312143564224243,-67409.0
7.313091278076172,-67421.0
7.314403533935547,-67418.0
7.3447747230529785,-67429.0
7.345554351806641,-67429.0
7.3677027225494385,-67434.0
7.368230581283569,-67438.0
7.3687427043914795,-67451.0
7.370409727096558,-67447.0
7.4051525592803955,-67462.0
7.406491279602051,-67456.0
7.4073004722595215,-67464.0
7.437025547027588,-67455.0
7.4377121925354,-67427.0
7.438702821731567,-67358.0
7.442132472991943,-67297.0
7.467144727706909,-67223.0
7.467719554901123,-67162.0
7.476797580718994,-67110.0
7.5098607540130615,-67079.0
7.5104687213897705,-67044.0
7.512868404388428,-67029.0
7.5409605503082275,-67014.0
7.547218084335327,-67014.0
7.549037218093872,-67011.0
7.580681800842285,-67018.0
7.581474542617798,-67021.0
7.5821192264556885,-67035.0
7.583144426345825,-67032.0
7.585199594497681,-67043.0
7.621699333190918,-67046.0
7.623022079467773,-67058.0
7.655647039413452,-67056.0
7.656521320343018,-67067.0
7.657642364501953,-67065.0
7.688408613204956,-67076.0
7.6893439292907715,-67082.0
7.690274715423584,-67090.0
7.696575164794922,-67091.0
7.697711944580078,-67107.0
7.69845175743103,-67104.0
7.735412120819092,-67114.0
7.736679792404175,-67108.0
7.737569808959961,-67112.0
7.7632410526275635,-67102.0
7.7679102420806885,-67108.0
7.769442319869995,-67091.0
7.776450157165527,-67097.0
7.8104894161224365,-67091.0
7.811321973800659,-67108.0
7.812241315841675,-67096.0
7.813209533691406,-67112.0
7.8141679763793945,-67107.0
7.838695287704468,-67125.0
7.839390993118286,-67118.0
7.844431400299072,-67136.0
7.872993469238281,-67133.0
7.873454570770264,-67151.0
7.873953104019165,-67147.0
7.8811867237091064,-67160.0
7.909321308135986,-67159.0
7.910146474838257,-67171.0
7.910673379898071,-67175.0
7.93326210975647,-67193.0
7.933773040771484,-67195.0
7.940979242324829,-67209.0
7.970906734466553,-67208.0
7.971681594848633,-67221.0
7.972317695617676,-67214.0
8.011101484298706,-67225.0
8.01176142692566,-67228.0
8.012418746948242,-67243.0
8.013087034225464,-67242.0
8.05008339881897,-67251.0
8.050852298736572,-67240.0
8.05146074295044,-67256.0
8.052893161773682,-67259.0
8.080442428588867,-67272.0
8.081172227859497,-67268.0
8.081870079040527,-67285.0
8.09492039680481,-67281.0
8.118295907974243,-67291.0
8.118771076202393,-67281.0
8.12521481513977,-67296.0
8.165942430496216,-67294.0
8.166807651519775,-67310.0
8.16751503944397,-67308.0
8.1687650680542,-67317.0
8.17097783088684,-67314.0
8.215957880020142,-67327.0
8.216780424118042,-67323.0
8.218075513839722,-67344.0
8.219292402267456,-67347.0
8.224508285522461,-67357.0
8.255790948867798,-67354.0
8.256277084350586,-67361.0
8.256886005401611,-67346.0
8.280805110931396,-67322.0
8.281258583068848,-67257.0
8.281803131103516,-67201.0
8.315532207489014,-67136.0
8.316095113754272,-67094.0
8.31658673286438,-67047.0
8.36431360244751,-67028.0
8.36499309539795,-66999.0
8.365647077560425,-66986.0
8.366402626037598,-66967.0
8.36707878112793,-66978.0
8.373294591903687,-66977.0
8.408492088317871,-66993.0
8.40922999382019,-66997.0
8.409874439239502,-67011.0
8.411800622940063,-67011.0
8.455213069915771,-67024.0
8.455861806869507,-67024.0
8.456464767456055,-67032.0
8.457584381103516,-67026.0
8.473789930343628,-67045.0
8.47548246383667,-67037.0
8.50852108001709,-67056.0
8.515798091888428,-67053.0
8.516488790512085,-67071.0
8.517070055007935,-67067.0
8.52402400970459,-67083.0
8.562960147857666,-67077.0
8.563441038131714,-67089.0
8.564001560211182,-67075.0
8.564504623413086,-67082.0
8.571436405181885,-67069.0
8.604230642318726,-67085.0
8.60502576828003,-67065.0
8.605816841125488,-67075.0
8.64182186126709,-67066.0
8.642473220825195,-67075.0
8.64311170578003,-67068.0
8.647496700286865,-67083.0
8.688749313354492,-67075.0
8.689504146575928,-67096.0
8.690318584442139,-67089.0
8.691202402114868,-67101.0
8.692109107971191,-67103.0
8.744304895401001,-67120.0
8.745378017425537,-67120.0
8.748257875442505,-67138.0
8.752159595489502,-67136.0
8.792179584503174,-67156.0
8.792932033538818,-67152.0
8.793609857559204,-67167.0
8.799679040908813,-67165.0
8.800897359848022,-67180.0
8.837646961212158,-67173.0
8.838138103485107,-67199.0
8.838731050491333,-67194.0
8.839205503463745,-67207.0
8.839829683303833,-67203.0
8.841382026672363,-67216.0
8.870946168899536,-67215.0
8.87157940864563,-67228.0
8.872233867645264,-67227.0
8.88131856918335,-67252.0
8.92988920211792,-67246.0
8.930686712265015,-67262.0
8.931410312652588,-67262.0
8.932137966156006,-67281.0
8.934256076812744,-67277.0
8.97139859199524,-67294.0
8.972070217132568,-67285.0
8.972790002822876,-67297.0
8.97770881652832,-67294.0
9.060457706451416,-67310.0
9.0690176486969,-67304.0
9.069767713546753,-67315.0
9.070260763168335,-67314.0
9.070784330368042,-67325.0
9.07145619392395,-67325.0
9.072231769561768,-67336.0
9.072856664657593,-67336.0
9.073412656784058,-67355.0
9.141558647155762,-67351.0
9.142094373703003,-67362.0
9.142531394958496,-67340.0
9.143102884292603,-67318.0
9.14739203453064,-67257.0
9.14807939529419,-67197.0
9.1487557888031,-67129.0
9.149647951126099,-67078.0
9.221933841705322,-67012.0
9.222518920898438,-66968.0
9.223036766052246,-66922.0
9.223489761352539,-66901.0
9.224153757095337,-66880.0
9.224980592727661,-66871.0
9.225688934326172,-66856.0
9.22627592086792,-66863.0
9.29783296585083,-66858.0
9.298365116119385,-66865.0
9.29891061782837,-66864.0
9.3024320602417,-66876.0
9.3030366897583,-66876.0
9.303607702255249,-66886.0
9.304181814193726,-66882.0
9.304830074310303,-66884.0
9.313559532165527,-66881.0
9.391831636428833,-66889.0
9.392420768737793,-66899.0
9.401076078414917,-66915.0
9.401834726333618,-66918.0
9.402646541595459,-66932.0
9.403506517410278,-66930.0
9.404608964920044,-66939.0
9.47217059135437,-66926.0
9.472710371017456,-66938.0
9.473219871520996,-66924.0
9.476559162139893,-66931.0
9.478086948394775,-66926.0
9.478901624679565,-66932.0
9.479930400848389,-66917.0
9.527665376663208,-66932.0
9.528469562530518,-66927.0
9.529231548309326,-66929.0
9.529917001724243,-66929.0
9.530762672424316,-66938.0
9.531718492507935,-66935.0
9.532573938369751,-66946.0
9.573270559310913,-66944.0
9.573948860168457,-66958.0
9.578741312026978,-66959.0
9.580445289611816,-66975.0
9.581345081329346,-66977.0
9.629862308502197,-66991.0
9.630679845809937,-66993.0
9.631810188293457,-67012.0
9.6336190700531,-67003.0
9.674552202224731,-67024.0
9.675805807113647,-67021.0
9.68066692352295,-67035.0
9.681547403335571,-67033.0
9.722009897232056,-67050.0
9.722835302352905,-67053.0
9.723517894744873,-67071.0
9.724395513534546,-67062.0
9.726051568984985,-67079.0
9.727813482284546,-67079.0
9.762393951416016,-67091.0
9.76308274269104,-67094.0
9.763893842697144,-67105.0
9.769786357879639,-67099.0
9.770820379257202,-67122.0
9.808218002319336,-67117.0
9.809046506881714,-67130.0
9.809709072113037,-67126.0
9.810441732406616,-67141.0
9.848706245422363,-67137.0
9.849483251571655,-67157.0
9.852655410766602,-67153.0
9.85652780532837,-67160.0
9.85742473602295,-67162.0
9.909327507019043,-67181.0
9.910039901733398,-67177.0
9.910680055618286,-67189.0
9.911443710327148,-67189.0
9.912875413894653,-67203.0
9.955501317977905,-67204.0
9.956153154373169,-67216.0
9.956872940063477,-67220.0
9.960906267166138,-67234.0
9.962707042694092,-67229.0
9.963533401489258,-67224.0
9.996333837509155,-67168.0
9.996941566467285,-67110.0
9.997444152832031,-67027.0
10.0275559425354,-66963.0
10.028648376464844,-66893.0
10.032944917678833,-66836.0
10.03465747833252,-66772.0
10.1060631275177,-66734.0
10.106919527053833,-66688.0
10.108207941055298,-66667.0
10.169174671173096,-66635.0
10.16981816291809,-66631.0
10.170331954956055,-66623.0
10.17445993423462,-66621.0
10.175173044204712,-66615.0
10.17650842666626,-66622.0
10.177485704421997,-66614.0
10.206918478012085,-66623.0
10.207420349121094,-66619.0
10.208518266677856,-66625.0
10.209935665130615,-66618.0
10.234960556030273,-66629.0
10.235448360443115,-66627.0
10.236128807067871,-66643.0
10.242769479751587,-66648.0
10.243561029434204,-66661.0
10.2453773021698,-66659.0
10.275712490081787,-66671.0
10.276195049285889,-66666.0
10.276890993118286,-66674.0
10.277411460876465,-66662.0
10.30669093132019,-66667.0
10.307307004928589,-66661.0
10.308159351348877,-66662.0
10.313577890396118,-66651.0
10.344778060913086,-66656.0
10.345500230789185,-66648.0
10.346120119094849,-66651.0
10.377132177352905,-66643.0
10.377629041671753,-66643.0
10.378351926803589,-66643.0
10.38376760482788,-66652.0
10.419200897216797,-66653.0
10.4200599193573,-66659.0
10.420867204666138,-66663.0
10.451932668685913,-66676.0
10.452673435211182,-66673.0
10.457454681396484,-66684.0
10.458144664764404,-66682.0
10.494319200515747,-66696.0
10.495728254318237,-66698.0
10.496725082397461,-66713.0
10.497687101364136,-66715.0
10.527466535568237,-66732.0
10.528088569641113,-66733.0
10.528547048568726,-66748.0
10.533427953720093,-66752.0
10.557794570922852,-66771.0
10.558358907699585,-66778.0
10.565976619720459,-66797.0
10.6031494140625,-66803.0
10.607128381729126,-66813.0
10.60892915725708,-66817.0
10.609904050827026,-66830.0
10.648878574371338,-66833.0
10.649914741516113,-66839.0
10.650903224945068,-66842.0
10.651765584945679,-66852.0
10.684427499771118,-66854.0
10.685946464538574,-66860.0
10.691203594207764,-66862.0
10.6920325756073,-66873.0
10.73132610321045,-66875.0
10.732128858566284,-66888.0
10.733214616775513,-66889.0
10.734385013580322,-66903.0
10.736228942871094,-66900.0
10.768290281295776,-66914.0
10.776324272155762,-66917.0
10.777395725250244,-66932.0
10.778330564498901,-66939.0
10.823241233825684,-66959.0
10.824321508407593,-66964.0
10.825079441070557,-66973.0
10.825975179672241,-66967.0
10.826948404312134,-66954.0
10.863783359527588,-66893.0
10.86457872390747,-66832.0
10.866490125656128,-66749.0
10.874527931213379,-66680.0
10.875562906265259,-66605.0
10.911271095275879,-66541.0
10.911880016326904,-66480.0
10.91308856010437,-66430.0
10.914199352264404,-66386.0
10.94154691696167,-66360.0
10.944870948791504,-66335.0
10.94554352760315,-66327.0
10.985378742218018,-66315.0
10.986032009124756,-66321.0
10.986717939376831,-66323.0
10.98749828338623,-66328.0
11.024212121963501,-66327.0
11.024853706359863,-66339.0
11.025542736053467,-66334.0
11.026955366134644,-66340.0
11.052221775054932,-66344.0
11.053490161895752,-66358.0
11.057796955108643,-66370.0
11.08916974067688,-66394.0
11.089717626571655,-66397.0
11.090904712677002,-66413.0
11.093327522277832,-66413.0
11.119757175445557,-66422.0
11.120392560958862,-66424.0
11.1244056224823,-66425.0
11.156032085418701,-66415.0
11.156887292861938,-66409.0
11.157579898834229,-66404.0
11.1840660572052,-66402.0
11.184561014175415,-66403.0
11.18761944770813,-66403.0
11.222068309783936,-66402.0
11.22291898727417,-66406.0
11.22367787361145,-66409.0
11.224686622619629,-66418.0
11.250438451766968,-66422.0
11.250999212265015,-66436.0
11.259315729141235,-66443.0
11.310374736785889,-66465.0
11.311218023300171,-66468.0
11.312327861785889,-66484.0
11.313179969787598,-66490.0
11.313881635665894,-66507.0
11.344375371932983,-66512.0
11.344878911972046,-66526.0
11.34544324874878,-66539.0
11.346263647079468,-66557.0
11.35457730293274,-66570.0
11.3898286819458,-66588.0
11.390371322631836,-66602.0
11.390960693359375,-66621.0
11.39610767364502,-66628.0
11.423256397247314,-66639.0
11.423838376998901,-66654.0
11.424400806427002,-66669.0
11.434980392456055,-66673.0
11.480302572250366,-66680.0
11.480972290039062,-66691.0
11.481771469116211,-66696.0
11.48277735710144,-66699.0
11.52062726020813,-66708.0
11.521485090255737,-66712.0
11.52642822265625,-66722.0
11.527504920959473,-66731.0
11.528432369232178,-66739.0
11.570024490356445,-66750.0
11.57126522064209,-66756.0
11.572519302368164,-66767.0
11.606034517288208,-66770.0
11.606581449508667,-66785.0
11.61035704612732,-66798.0
11.611822366714478,-66802.0
11.612462282180786,-66819.0
11.644322156906128,-66825.0
11.64494252204895,-66840.0
11.646106958389282,-66838.0
11.646605253219604,-66812.0
11.674685716629028,-66750.0
11.675143718719482,-66683.0
11.675604820251465,-66594.0
11.71352243423462,-66511.0
11.714295864105225,-66423.0
11.715017080307007,-66337.0
11.715834379196167,-66258.0
11.742509841918945,-66192.0
11.743125677108765,-66132.0
11.747891187667847,-66086.0
11.782023906707764,-66054.0
11.782543659210205,-66034.0
11.783297777175903,-66027.0
11.813201189041138,-66024.0
11.81408166885376,-66029.0
11.81513261795044,-66026.0
11.815992832183838,-66031.0
11.852627038955688,-66038.0
11.853273153305054,-66041.0
11.853935241699219,-66046.0
11.855040073394775,-66054.0
11.882984638214111,-66064.0
11.883630990982056,-66086.0
11.884755611419678,-66103.0
11.94179630279541,-66120.0
11.943028450012207,-66136.0
11.944713830947876,-66154.0
11.946090698242188,-66161.0
11.948970794677734,-66179.0
11.981233835220337,-66186.0
11.981898069381714,-66186.0
11.982527256011963,-66184.0
11.991400718688965,-66180.0
11.991993427276611,-66181.0
12.031341552734375,-66182.0
12.032227993011475,-66182.0
12.032915353775024,-66184.0
12.033507108688354,-66184.0
12.03476881980896,-66186.0
12.089826583862305,-66194.0
12.090615272521973,-66205.0
12.120577096939087,-66212.0
12.122106313705444,-66224.0
12.122899055480957,-66233.0
12.123713731765747,-66246.0
12.12565279006958,-66256.0
12.12633991241455,-66269.0
12.126973390579224,-66283.0
12.134965658187866,-66300.0
12.177649736404419,-66313.0
12.179232120513916,-66331.0
12.179983377456665,-66345.0
12.181019306182861,-66365.0
12.217185258865356,-66382.0
12.217892408370972,-66396.0
12.22553300857544,-66414.0
12.22650933265686,-66436.0
12.227431535720825,-66449.0
12.269797325134277,-66466.0
12.270463466644287,-66480.0
12.271439552307129,-66489.0
12.272233486175537,-66498.0
12.307433128356934,-66517.0
12.307944059371948,-66525.0
12.30851411819458,-66536.0
12.314070463180542,-66548.0
12.31713080406189,-66555.0
12.36234164237976,-66560.0
12.363053560256958,-66571.0
12.363786220550537,-66575.0
12.36471962928772,-66578.0
12.365720987319946,-66585.0
12.400573492050171,-66599.0
12.401150226593018,-66611.0
12.404401540756226,-66616.0
12.406549453735352,-66626.0
12.451299667358398,-66640.0
12.452046155929565,-66645.0
12.452717304229736,-66656.0
12.45331621170044,-66672.0
12.457144498825073,-66688.0
12.500747919082642,-66698.0
12.501480340957642,-66706.0
12.50584602355957,-66706.0
12.506864547729492,-66679.0
12.507455110549927,-66616.0
12.543984651565552,-66536.0
12.544777870178223,-66436.0
12.54548692703247,-66342.0
12.546388626098633,-66244.0
12.574491500854492,-66148.0
12.575108289718628,-66049.0
12.575696468353271,-65969.0
12.614568948745728,-65908.0
12.615143299102783,-65870.0
12.615790605545044,-65833.0
12.616497278213501,-65819.0
12.646081686019897,-65809.0
12.646805047988892,-65808.0
12.651033163070679,-65809.0
12.655630350112915,-65821.0
12.70022463798523,-65834.0
12.701126337051392,-65840.0
12.702024221420288,-65843.0
12.703039407730103,-65855.0
12.732166290283203,-65861.0
12.732998132705688,-65873.0
12.739585876464844,-65900.0
12.7430739402771,-65925.0
12.74521541595459,-65944.0
12.769105672836304,-65969.0
12.769564151763916,-65990.0
12.77790379524231,-66007.0
12.806635618209839,-66022.0
12.810281038284302,-66030.0
12.81096887588501,-66026.0
12.820088148117065,-66029.0
12.869632244110107,-66025.0
12.871037483215332,-66026.0
12.871980428695679,-66014.0
12.874565124511719,-66022.0
12.91157603263855,-66023.0
12.915923595428467,-66036.0
12.917690515518188,-66037.0
12.919103860855103,-66042.0
12.961890935897827,-66048.0
12.962887525558472,-66063.0
12.963979721069336,-66072.0
12.965148210525513,-66093.0
13.001393795013428,-66097.0
13.002116918563843,-66112.0
13.002771377563477,-66117.0
13.006911993026733,-66140.0
13.009228944778442,-66154.0
13.010153770446777,-66166.0
13.060537338256836,-66180.0
13.062135696411133,-66201.0
13.062932968139648,-66212.0
13.063759565353394,-66232.0
13.064751625061035,-66251.0
13.066076517105103,-66273.0
13.102155685424805,-66284.0
13.102667093276978,-66300.0
13.103460788726807,-66311.0
13.107765197753906,-66325.0
13.10837697982788,-66328.0
13.145253419876099,-66340.0
13.145839929580688,-66351.0
13.146912336349487,-66369.0
13.148771524429321,-66370.0
13.177537441253662,-66381.0
13.178330898284912,-66388.0
13.184965133666992,-66397.0
13.185866117477417,-66396.0
13.22472095489502,-66409.0
13.22612738609314,-66410.0
13.228189706802368,-66422.0
13.25887656211853,-66428.0
13.259339332580566,-66440.0
13.25998592376709,-66444.0
13.263807535171509,-66461.0
13.266515970230103,-66466.0
13.30106234550476,-66483.0
13.301516771316528,-66496.0
13.309080362319946,-66514.0
13.309739351272583,-66521.0
13.353222131729126,-66541.0
13.354151487350464,-66545.0
13.358349323272705,-66560.0
13.36009669303894,-66562.0
13.361003637313843,-66548.0
13.405994415283203,-66489.0
13.406749248504639,-66416.0
13.407656192779541,-66316.0
13.408561706542969,-66231.0
13.452442646026611,-66118.0
13.453221559524536,-66018.0
13.45400071144104,-65917.0
13.459951877593994,-65844.0
13.460883140563965,-65768.0
13.46167278289795,-65730.0
13.507445335388184,-65694.0
13.508350372314453,-65678.0
13.509765625,-65668.0
13.510900735855103,-65679.0
13.546863794326782,-65683.0
13.550302982330322,-65696.0
13.55138874053955,-65700.0
13.556390285491943,-65727.0
13.557257890701294,-65733.0
13.55895709991455,-65756.0
13.601075172424316,-65770.0
13.601950883865356,-65797.0
13.602882623672485,-65818.0
13.603938817977905,-65846.0
13.642031192779541,-65860.0
13.642778396606445,-65884.0
13.643627643585205,-65896.0
13.648711204528809,-65910.0
13.649492979049683,-65913.0
13.696476459503174,-65927.0
13.697219133377075,-65925.0
13.698383331298828,-65927.0
13.699431657791138,-65920.0
13.700283765792847,-65923.0
13.743050336837769,-65914.0
13.743664264678955,-65921.0
13.744271993637085,-65913.0
13.745194435119629,-65922.0
13.747293949127197,-65926.0
13.788521766662598,-65943.0
13.790422916412354,-65945.0
13.791352987289429,-65966.0
13.82223916053772,-65978.0
13.822782516479492,-65990.0
13.826558828353882,-65999.0
13.828898668289185,-66025.0
13.82954740524292,-66038.0
13.866841077804565,-66067.0
13.86813497543335,-66084.0
13.869558095932007,-66110.0
13.901001453399658,-66123.0
13.901993751525879,-66151.0
13.907910346984863,-66159.0
13.908585786819458,-66175.0
13.909323930740356,-66189.0
13.944584846496582,-66210.0
13.945186138153076,-66217.0
13.947193384170532,-66234.0
13.949010610580444,-66235.0
13.993152379989624,-66256.0
13.99838137626648,-66263.0
14.00167441368103,-66278.0
14.002528429031372,-66282.0
14.003422260284424,-66296.0
14.05564022064209,-66301.0
14.056464910507202,-66314.0
14.057456970214844,-66321.0
14.058724403381348,-66336.0
14.062626600265503,-66339.0
14.064826726913452,-66352.0
14.100557327270508,-66354.0
14.101072072982788,-66374.0
14.10169529914856,-66380.0
14.102441549301147,-66403.0
14.150845050811768,-66411.0
14.15163254737854,-66427.0
14.152446985244751,-66433.0
14.1534583568573,-66454.0
14.158523321151733,-66463.0
14.159524917602539,-66481.0
14.206742763519287,-66492.0
14.207586288452148,-66515.0
14.208494424819946,-66512.0
14.209993600845337,-66506.0
14.210770606994629,-66456.0
14.249468088150024,-66387.0
14.250145435333252,-66284.0
14.255226135253906,-66187.0
14.256072998046875,-66078.0
14.257542371749878,-65977.0
14.306578636169434,-65864.0
14.307739019393921,-65776.0
14.308359622955322,-65699.0
14.310580968856812,-65650.0
14.349632024765015,-65604.0
14.359264373779297,-65586.0
14.360320806503296,-65573.0
14.3612220287323,-65573.0
14.36240816116333,-65573.0
14.398248195648193,-65581.0
14.399134635925293,-65581.0
14.400392532348633,-65593.0
14.435741424560547,-65599.0
14.439923524856567,-65606.0
14.4408597946167,-65621.0
14.445804357528687,-65638.0
14.446636199951172,-65656.0
14.44792652130127,-65685.0
14.491944551467896,-65706.0
14.492627143859863,-65738.0
14.493392944335938,-65742.0
14.494368553161621,-65767.0
14.532505512237549,-65770.0
14.53317666053772,-65787.0
14.534103393554688,-65789.0
14.539143800735474,-65804.0
14.54002332687378,-65803.0
14.541982650756836,-65810.0
14.570336818695068,-65802.0
14.576787233352661,-65808.0
14.577317953109741,-65810.0
14.578151226043701,-65821.0
14.613106727600098,-65812.0
14.613731622695923,-65831.0
14.614336967468262,-65828.0
14.618319511413574,-65848.0
14.62931203842163,-65858.0
14.671473741531372,-65881.0
14.673167943954468,-65888.0
14.674131393432617,-65912.0
14.675005435943604,-65927.0
14.711981296539307,-65955.0
14.712679147720337,-65966.0
14.719578981399536,-65996.0
14.720487594604492,-66010.0
14.721529006958008,-66037.0
14.766834259033203,-66049.0
14.768119812011719,-66078.0
14.769491195678711,-66085.0
14.771052598953247,-66109.0
14.814213752746582,-66121.0
14.815016746520996,-66148.0
14.817553997039795,-66154.0
14.823856353759766,-66170.0
14.824843883514404,-66178.0
14.827873468399048,-66196.0
14.867949485778809,-66203.0
14.868530035018921,-66222.0
14.869024753570557,-66230.0
14.869477033615112,-66248.0
14.870163440704346,-66257.0
14.907662153244019,-66279.0
14.908769130706787,-66282.0
14.91262149810791,-66303.0
14.9140465259552,-66310.0
14.966976881027222,-66330.0
14.96852421760559,-66342.0
15.008953094482422,-66359.0
15.009694337844849,-66373.0
15.010562419891357,-66388.0
15.017504930496216,-66395.0
15.018385171890259,-66417.0
15.019787311553955,-66422.0
15.063817501068115,-66445.0
15.064766645431519,-66450.0
15.065588474273682,-66474.0
15.066458940505981,-66470.0
15.068347930908203,-66489.0
15.111545324325562,-66494.0
15.112162351608276,-66513.0
15.112779378890991,-66514.0
15.117478370666504,-66524.0
15.119540929794312,-66496.0
15.120427370071411,-66446.0
15.1229727268219,-66346.0
15.160931587219238,-66248.0
15.161998510360718,-66130.0
15.162833452224731,-66020.0
15.164288997650146,-65894.0
15.166001796722412,-65786.0
15.203418016433716,-65677.0
15.204840421676636,-65607.0
15.211404085159302,-65544.0
15.212307691574097,-65515.0
15.213316917419434,-65485.0
15.263035297393799,-65489.0
15.263854026794434,-65487.0
15.264640808105469,-65501.0
15.26544451713562,-65508.0
15.266852378845215,-65527.0
15.301686763763428,-65534.0
15.302337884902954,-65551.0
15.305225849151611,-65549.0
15.30587911605835,-65566.0
15.308805227279663,-65564.0
15.344018459320068,-65575.0
15.344472646713257,-65578.0
15.344921588897705,-65602.0
15.35158109664917,-65614.0
15.387619733810425,-65643.0
15.388111352920532,-65653.0
15.388585090637207,-65677.0
15.39195966720581,-65676.0
15.432562112808228,-65695.0
15.433552503585815,-65695.0
15.434418439865112,-65710.0
15.435455799102783,-65705.0
15.474430561065674,-65720.0
15.475223541259766,-65720.0
15.482896566390991,-65743.0
15.487178087234497,-65755.0
15.488216161727905,-65775.0
15.514879941940308,-65786.0
15.515507221221924,-65809.0
15.516193628311157,-65812.0
15.534412860870361,-65836.0
15.542370319366455,-65854.0
15.57202696800232,-65878.0
15.572727918624878,-65892.0
15.574209690093994,-65924.0
15.575942039489746,-65940.0
15.596957206726074,-65971.0
15.597474813461304,-65987.0
15.603225231170654,-66024.0
15.629464149475098,-66038.0
15.630234479904175,-66064.0
15.63295316696167,-66078.0
15.651209592819214,-66103.0
15.65249252319336,-66109.0
15.688183069229126,-66133.0
15.689150333404541,-66137.0
15.690125465393066,-66147.0
15.691183090209961,-66142.0
15.715397357940674,-66152.0
15.717146873474121,-66145.0
15.722069263458252,-66158.0
15.751781225204468,-66153.0
15.753160953521729,-66171.0
15.754385232925415,-66174.0
15.777075052261353,-66192.0
15.78178334236145,-66197.0
15.78454065322876,-66210.0
15.808558702468872,-66214.0
15.809125661849976,-66229.0
15.809627056121826,-66229.0
15.828524112701416,-66249.0
15.829059362411499,-66250.0
15.858580112457275,-66271.0
15.859245538711548,-66276.0
15.859956741333008,-66299.0
15.880125284194946,-66304.0
15.880623817443848,-66323.0
15.891798734664917,-66330.0
15.916133165359497,-66348.0
15.916753768920898,-66351.0
15.919173955917358,-66376.0
15.93523907661438,-66387.0
15.939381837844849,-66413.0
15.97040605545044,-66420.0
15.971060037612915,-66435.0
15.971856832504272,-66440.0
15.992270946502686,-66468.0
15.993354797363281,-66525.0
16.02127742767334,-66570.0
16.021856546401978,-66557.0
16.02236771583557,-66468.0
16.043116331100464,-66339.0
16.043567180633545,-66227.0
16.049169063568115,-66112.0
16.070075035095215,-66011.0
16.08000111579895,-65909.0
16.080763816833496,-65823.0
16.10611891746521,-65747.0
16.110787868499756,-65702.0
16.112497806549072,-65664.0
16.139405965805054,-65651.0
16.1400408744812,-65643.0
16.141139268875122,-65660.0
16.162484884262085,-65668.0
16.163753509521484,-65692.0
16.170483827590942,-65698.0
16.198274850845337,-65729.0
16.19930124282837,-65731.0
16.200295448303223,-65755.0
16.223052263259888,-65765.0
16.223702669143677,-65795.0
16.230259895324707,-65809.0
16.26169753074646,-65852.0
16.262446641921997,-65869.0
16.263325929641724,-65890.0
16.28831386566162,-65899.0
16.288959980010986,-65920.0
16.290045738220215,-65926.0
16.325361490249634,-65937.0
16.326316833496094,-65939.0
16.32758665084839,-65946.0
16.353421926498413,-65946.0
16.35419249534607,-65960.0
16.354915380477905,-65966.0
16.36087465286255,-65984.0
16.392069578170776,-65989.0
16.39285445213318,-66010.0
16.393500566482544,-66015.0
16.421180725097656,-66036.0
16.42189621925354,-66049.0
16.42642116546631,-66073.0
16.45236849784851,-66084.0
16.452975749969482,-66109.0
16.45347547531128,-66117.0
16.476101875305176,-66150.0
16.47783613204956,-66170.0
16.480760097503662,-66199.0
16.50772976875305,-66214.0
16.50823473930359,-66253.0
16.509833574295044,-66272.0
16.528868675231934,-66306.0
16.529372692108154,-66329.0
16.556185483932495,-66364.0
16.556811571121216,-66393.0
16.559791088104248,-66430.0
16.57603883743286,-66448.0
16.581390380859375,-66480.0
16.606204748153687,-66500.0
16.606752395629883,-66522.0
16.627885818481445,-66538.0
16.628390312194824,-66561.0
16.634348154067993,-66569.0
16.6598219871521,-66581.0
16.660338163375854,-66578.0
16.66123652458191,-66586.0
16.68209958076477,-66574.0
16.682576417922974,-66572.0
16.711577892303467,-66552.0
16.71219491958618,-66553.0
16.712989568710327,-66544.0
16.730576038360596,-66546.0
16.73128604888916,-66537.0
16.741870641708374,-66538.0
16.777459621429443,-66536.0
16.778167486190796,-66544.0
16.778790950775146,-66543.0
16.78076410293579,-66557.0
16.796689987182617,-66558.0
16.800145149230957,-66578.0
16.830759286880493,-66581.0
16.832019567489624,-66602.0
16.83299970626831,-66609.0
16.850986003875732,-66600.0
16.851460933685303,-66553.0
16.88287091255188,-66481.0
16.883676052093506,-66381.0
16.884349584579468,-66282.0
16.904569625854492,-66182.0
16.905229330062866,-66094.0
16.913301944732666,-66007.0
16.932826280593872,-65951.0
16.93337368965149,-65897.0
16.940840005874634,-65872.0
16.96224355697632,-65852.0
16.962838649749756,-65852.0
16.991350650787354,-65857.0
16.99186944961548,-65886.0
16.992318391799927,-65897.0
17.01310682296753,-65926.0
17.013643264770508,-65939.0
17.020092964172363,-65968.0
17.042493104934692,-65984.0
17.04314136505127,-66002.0
17.06069827079773,-66022.0
17.061251163482666,-66049.0
17.094038724899292,-66071.0
17.094849586486816,-66102.0
17.095824480056763,-66119.0
17.118805646896362,-66138.0
17.119773387908936,-66143.0
17.12048649787903,-66148.0
17.158539295196533,-66145.0
17.15936589241028,-66144.0
17.160123586654663,-66134.0
17.161259174346924,-66134.0
17.182665586471558,-66123.0
17.18327021598816,-66123.0
17.193029642105103,-66110.0
17.224483251571655,-66115.0
17.225348711013794,-66110.0
17.226378440856934,-66117.0
17.253557682037354,-66120.0
17.257874011993408,-66128.0
17.259726524353027,-66138.0
17.261298656463623,-66156.0
17.283508777618408,-66169.0
17.284281969070435,-66187.0
17.306040048599243,-66199.0
17.310201168060303,-66222.0
17.312203645706177,-66232.0
17.33930540084839,-66257.0
17.340056657791138,-66275.0
17.34216833114624,-66308.0
17.3663170337677,-66329.0
17.367042303085327,-66355.0
17.372323513031006,-66374.0
17.40331768989563,-66403.0
17.404049396514893,-66426.0
17.40494465827942,-66452.0
17.430408239364624,-66469.0
17.43122911453247,-66501.0
17.43207359313965,-66517.0
17.46852707862854,-66542.0
17.469409942626953,-66560.0
17.470067501068115,-66586.0
17.471226930618286,-66603.0
17.49644708633423,-66632.0
17.49720859527588,-66647.0
17.502222776412964,-66673.0
17.529284477233887,-66682.0
17.529990196228027,-66704.0
17.53229570388794,-66719.0
17.55173349380493,-66740.0
17.552780628204346,-66751.0
17.561184644699097,-66777.0
17.584273099899292,-66791.0
17.58517050743103,-66810.0
17.603251457214355,-66826.0
17.6037654876709,-66842.0
17.611908435821533,-66858.0
17.637038946151733,-66883.0
17.63768482208252,-66899.0
17.658539056777954,-66917.0
17.659324169158936,-66924.0
17.66430687904358,-66925.0
17.688764095306396,-66881.0
17.689316034317017,-66768.0
17.690823078155518,-66619.0
17.709947109222412,-66475.0
17.715564489364624,-66349.0
17.74051022529602,-66236.0
17.7420756816864,-66131.0
17.742533445358276,-66041.0
17.763343811035156,-65963.0
17.76752519607544,-65915.0
17.786266565322876,-65879.0
17.795907020568848,-65860.0
17.796553373336792,-65850.0
17.823776483535767,-65852.0
17.824389219284058,-65854.0
17.829932689666748,-65867.0
17.832071781158447,-65876.0
17.862169981002808,-65890.0
17.862913370132446,-65900.0
17.863760709762573,-65911.0
17.885231733322144,-65910.0
17.88979697227478,-65924.0
17.892016887664795,-65930.0
17.921486616134644,-65940.0
17.922144174575806,-65947.0
17.92299175262451,-65973.0
17.94603180885315,-65996.0
17.9466769695282,-66021.0
17.95171594619751,-66037.0
17.984368324279785,-66052.0
17.985111951828003,-66065.0
17.98576593399048,-66077.0
18.00922966003418,-66080.0
18.009727239608765,-66087.0
18.01492929458618,-66091.0
18.040345191955566,-66096.0
18.041048049926758,-66095.0
18.04298973083496,-66102.0
18.06440234184265,-66104.0
18.064911127090454,-66114.0
18.071630001068115,-66122.0
18.097447156906128,-66134.0
18.098085403442383,-66141.0
18.11850380897522,-66156.0
18.1195867061615,-66167.0
18.121546745300293,-66191.0
18.151941776275635,-66201.0
18.15263319015503,-66225.0
18.153342485427856,-66241.0
18.174272537231445,-66268.0
18.175230979919434,-66294.0
18.20392370223999,-66319.0
18.204434156417847,-66341.0
18.20498251914978,-66362.0
18.225117444992065,-66388.0
18.22563648223877,-66416.0
18.233731269836426,-66442.0
18.256245613098145,-66467.0
18.25721049308777,-66494.0
18.280898332595825,-66514.0
18.28178834915161,-66532.0
18.286749362945557,-66551.0
18.31869387626648,-66572.0
18.31958532333374,-66586.0
18.320783615112305,-66599.0
18.346134424209595,-66615.0
18.354002237319946,-66630.0
18.35498547554016,-66645.0
18.358241081237793,-66656.0
18.378159761428833,-66668.0
18.378634214401245,-66676.0
18.385852813720703,-66690.0
18.405657529830933,-66702.0
18.406113147735596,-66713.0
18.412243843078613,-66727.0
18.439430952072144,-66738.0
18.44008159637451,-66749.0
18.442180395126343,-66757.0
18.46158504486084,-66770.0
18.46208381652832,-66788.0
18.494213104248047,-66808.0
18.49482750892639,-66830.0
18.495565176010132,-66853.0
18.515451908111572,-66861.0
18.516555070877075,-66836.0
18.522223472595215,-66761.0
18.5484676361084,-66630.0
18.549289226531982,-66484.0
18.57076597213745,-66355.0
18.57124090194702,-66247.0
18.571715116500854,-66138.0
18.601846933364868,-66048.0
18.602336645126343,-65974.0
18.603049755096436,-65920.0
18.623273611068726,-65878.0
18.623775720596313,-65857.0
18.654632806777954,-65850.0
18.655198574066162,-65850.0
18.655693292617798,-65857.0
18.68034029006958,-65871.0
18.685134887695312,-65887.0
18.68585443496704,-65899.0
18.715254545211792,-65915.0
18.71615982055664,-65932.0
18.71670389175415,-65936.0
18.734312772750854,-65949.0
18.73918604850769,-65958.0
18.745437622070312,-65973.0
18.77863907814026,-65997.0
18.779457807540894,-66012.0
18.780391693115234,-66042.0
18.80567502975464,-66066.0
18.80632448196411,-66086.0
18.807194709777832,-66102.0
18.813972234725952,-66118.0
18.8340744972229,-66120.0
18.834723472595215,-66128.0
18.8525230884552,-66130.0
18.8532657623291,-66131.0
18.863394021987915,-66127.0
18.887816429138184,-66133.0
18.888412952423096,-66139.0
18.9067120552063,-66147.0
18.90735960006714,-66157.0
18.931214332580566,-66158.0
18.931725025177002,-66174.0
18.947771549224854,-66186.0
18.948256492614746,-66195.0
18.957585096359253,-66211.0
18.9860897064209,-66230.0
18.986878633499146,-66249.0
18.987345933914185,-66267.0
19.00963258743286,-66295.0
19.010101795196533,-66310.0
19.016469478607178,-66337.0
19.038779258728027,-66353.0
19.03930115699768,-66378.0
19.05990719795227,-66395.0
19.060423374176025,-66423.0
19.06747555732727,-66434.0
19.08931803703308,-66458.0
19.089868307113647,-66473.0
19.107867002487183,-66499.0
19.108371257781982,-66509.0
19.113612413406372,-66529.0
19.138979196548462,-66542.0
19.139612436294556,-66552.0
19.16119146347046,-66562.0
19.16174077987671,-66574.0
19.162845134735107,-66585.0
19.19256830215454,-66597.0
19.19315457344055,-66604.0
19.193819761276245,-66614.0
19.22090721130371,-66619.0
19.22603964805603,-66634.0
19.226927280426025,-66644.0
19.25955843925476,-66660.0
19.260352611541748,-66673.0
19.261557579040527,-66689.0
19.287192583084106,-66704.0
19.287837505340576,-66721.0
19.288525104522705,-66734.0
19.29619026184082,-66755.0
19.316840887069702,-66773.0
19.31743621826172,-66801.0
19.32624340057373,-66810.0
19.348531484603882,-66824.0
19.353647470474243,-66810.0
19.355351448059082,-66749.0
19.377805948257446,-66636.0
19.378352165222168,-66507.0
19.39544939994812,-66391.0
19.396450996398926,-66297.0
19.42643141746521,-66217.0
19.427170038223267,-66158.0
19.428266048431396,-66101.0
19.448771238327026,-66066.0
19.44937252998352,-66042.0
19.45582342147827,-66041.0
19.488078117370605,-66036.0
19.488861083984375,-66047.0
19.490219831466675,-66052.0
19.522192001342773,-66067.0
19.52575421333313,-66076.0
19.52672052383423,-66094.0
19.527940034866333,-66105.0
19.551177740097046,-66118.0
19.551995277404785,-66128.0
19.554323196411133,-66136.0
19.582290410995483,-66147.0
19.583503007888794,-66163.0
19.584507942199707,-66178.0
19.60618567466736,-66198.0
19.60666561126709,-66207.0
19.62515115737915,-66229.0
19.625617265701294,-66232.0
19.633454084396362,-66243.0
19.658509254455566,-66246.0
19.659199237823486,-66255.0
19.68050527572632,-66251.0
19.681631803512573,-66253.0
19.68650770187378,-66251.0
19.70905637741089,-66255.0
19.709513664245605,-66247.0
19.72763729095459,-66252.0
19.728152751922607,-66247.0
19.73340630531311,-66254.0
19.749086618423462,-66249.0
19.756936073303223,-66255.0
19.776334285736084,-66255.0
19.776862382888794,-66267.0
19.806049585342407,-66265.0
19.80655550956726,-66280.0
19.80717444419861,-66285.0
19.835026502609253,-66302.0
19.835716009140015,-66317.0
19.840654611587524,-66342.0
19.873263597488403,-66358.0
19.87533974647522,-66384.0
19.87615203857422,-66402.0
19.87711477279663,-66421.0
19.90032148361206,-66432.0
19.900856494903564,-66454.0
19.905524730682373,-66460.0
19.93114399909973,-66482.0
19.93195939064026,-66488.0
19.95255398750305,-66501.0
19.953062295913696,-66511.0
19.954526662826538,-66525.0
19.985188961029053,-66522.0
19.985841751098633,-66532.0
19.986526250839233,-66529.0
20.007734298706055,-66537.0
20.00819158554077,-66538.0
20.014124393463135,-66550.0
20.035831689834595,-66553.0
20.036553382873535,-66559.0
20.05149531364441,-66553.0
20.05537724494934,-66560.0
20.08444905281067,-66561.0
20.085411310195923,-66577.0
20.08672332763672,-66579.0
20.10640573501587,-66600.0
20.107074737548828,-66606.0
20.134974479675293,-66620.0
20.13578772544861,-66626.0
20.1364688873291,-66640.0
20.15122413635254,-66625.0
20.155184268951416,-66585.0
20.18248748779297,-66503.0
20.18315601348877,-66418.0
20.184232711791992,-66334.0
20.201587438583374,-66257.0
20.203998565673828,-66176.0
20.23501753807068,-66112.0
20.23633074760437,-66050.0
20.23693561553955,-66010.0
20.264166116714478,-65974.0
20.264883041381836,-65959.0
20.269941806793213,-65944.0
20.297274351119995,-65951.0
20.29819965362549,-65944.0
20.299912691116333,-65953.0
20.31707787513733,-65963.0
20.32203221321106,-65965.0
20.32391333580017,-65968.0
20.36444067955017,-65976.0
20.365501880645752,-65977.0
20.39118266105652,-65994.0
20.393953323364258,-65993.0
20.398191928863525,-66013.0
20.39924907684326,-66028.0
20.401114225387573,-66052.0
20.417457580566406,-66068.0
20.429055213928223,-66091.0
20.429662704467773,-66100.0
20.43738293647766,-66116.0
20.464532375335693,-66119.0
20.465224981307983,-66127.0
20.46678066253662,-66124.0
20.476099491119385,-66125.0
20.511391162872314,-66121.0
20.51367425918579,-66131.0
20.514294862747192,-66129.0
20.516443014144897,-66140.0
20.536296844482422,-66139.0
20.53686761856079,-66148.0
20.548095226287842,-66148.0
20.557525873184204,-66158.0
20.586694717407227,-66166.0
20.596003770828247,-66178.0
20.59685182571411,-66182.0
20.604429483413696,-66192.0
20.607998371124268,-66199.0
20.637441396713257,-66220.0
20.638400077819824,-66223.0
20.64441156387329,-66242.0
20.645203590393066,-66244.0
20.6762535572052,-66268.0
20.676902770996094,-66284.0
20.67788600921631,-66309.0
20.697914361953735,-66321.0
20.698442220687866,-66345.0
20.706186056137085,-66359.0
20.729292154312134,-66377.0
20.736520051956177,-66387.0
20.73745346069336,-66405.0
20.76047444343567,-66412.0
20.76098084449768,-66423.0
20.767375707626343,-66422.0
20.79269051551819,-66435.0
20.793257236480713,-66442.0
20.79612159729004,-66464.0
20.817795276641846,-66471.0
20.81854820251465,-66488.0
20.826175689697266,-66500.0
20.858543395996094,-66521.0
20.8594753742218,-66527.0
20.86032009124756,-66550.0
20.884193897247314,-66549.0
20.88492512702942,-66571.0
20.885721683502197,-66578.0
20.89517092704773,-66599.0
20.932053565979004,-66614.0
20.932852029800415,-66634.0
20.933836936950684,-66635.0
20.935957670211792,-66660.0
20.97261643409729,-66672.0
20.973251581192017,-66692.0
20.97389316558838,-66693.0
20.99972677230835,-66712.0
21.000396490097046,-66719.0
21.001148462295532,-66733.0
21.008187532424927,-66733.0
21.04574680328369,-66731.0
21.046417713165283,-66686.0
21.047706365585327,-66605.0
21.04865527153015,-66484.0
21.078758239746094,-66387.0
21.07942819595337,-66286.0
21.083465099334717,-66210.0
21.088543176651,-66133.0
21.11512017250061,-66084.0
21.115720987319946,-66035.0
21.1166410446167,-66009.0
21.133068561553955,-65978.0
21.137511491775513,-65982.0
21.168142080307007,-65974.0
21.169158220291138,-65990.0
21.16978096961975,-65985.0
21.182108163833618,-66006.0
21.18635869026184,-66009.0
21.214667558670044,-66019.0
21.215322017669678,-66013.0
21.216830730438232,-66017.0
21.235152006149292,-66006.0
21.235892295837402,-66011.0
21.263205766677856,-66009.0
21.26392889022827,-66025.0
21.26565432548523,-66027.0
21.281462907791138,-66044.0
21.288739442825317,-66052.0
21.312702178955078,-66065.0
21.313331842422485,-66068.0
21.315675020217896,-66077.0
21.333043813705444,-66074.0
21.337560415267944,-66080.0
21.345813035964966,-66073.0
21.379499673843384,-66076.0
21.38568639755249,-66066.0
21.388115644454956,-66074.0
21.388854503631592,-66065.0
21.40218472480774,-66071.0
21.40544867515564,-66067.0
21.441187620162964,-66083.0
21.44181251525879,-66089.0
21.442861557006836,-66122.0
21.448323965072632,-66129.0
21.468777418136597,-66159.0
21.469460248947144,-66170.0
21.477378606796265,-66204.0
21.511067152023315,-66215.0
21.512152433395386,-66253.0
21.513181686401367,-66280.0
21.519224882125854,-66313.0
21.542911291122437,-66339.0
21.547463417053223,-66377.0
21.548208236694336,-66401.0
21.55973196029663,-66437.0
21.577547550201416,-66465.0
21.57824730873108,-66500.0
21.588048696517944,-66514.0
21.610883474349976,-66542.0
21.611522912979126,-66544.0
21.61834692955017,-66556.0
21.642340183258057,-66556.0
21.643181800842285,-66562.0
21.66020631790161,-66544.0
21.660719633102417,-66540.0
21.6667742729187,-66526.0
21.691379070281982,-66526.0
21.691946029663086,-66505.0
21.69622826576233,-66504.0
21.710766077041626,-66495.0
21.720135927200317,-66511.0
21.747039794921875,-66498.0
21.74760150909424,-66516.0
21.74806261062622,-66516.0
21.765907049179077,-66527.0
21.76662039756775,-66521.0
21.7963764667511,-66533.0
21.796931266784668,-66533.0
21.7973735332489,-66544.0
21.817260026931763,-66540.0
21.81792640686035,-66544.0
21.826391458511353,-66538.0
21.846027135849,-66549.0
21.846487998962402,-66540.0
21.86318278312683,-66544.0
21.8681960105896,-66520.0
21.87619113922119,-66488.0
21.90299367904663,-66426.0
21.903616666793823,-66367.0
21.90632128715515,-66302.0
21.92541241645813,-66245.0
21.925941228866577,-66181.0
21.936025381088257,-66144.0
21.956948041915894,-66094.0
21.957532167434692,-66076.0
21.981643438339233,-66044.0
21.982457637786865,-66046.0
21.991617441177368,-66042.0
22.00572681427002,-66054.0
22.012823343276978,-66067.0
22.018975734710693,-66086.0
22.035787105560303,-66093.0
22.03644347190857,-66118.0
22.06769037246704,-66127.0
22.068384647369385,-66150.0
22.069756507873535,-66166.0
22.088635206222534,-66203.0
22.089325428009033,-66219.0
22.097245931625366,-66244.0
22.120317459106445,-66257.0
22.121167421340942,-66275.0
22.14152717590332,-66269.0
22.142189502716064,-66276.0
22.149243593215942,-66265.0
22.16967463493347,-66270.0
22.170203924179077,-66250.0
22.180506229400635,-66254.0
22.199941873550415,-66240.0
22.200441122055054,-66245.0
22.207585096359253,-66234.0
22.22698998451233,-66244.0
22.22752857208252,-66242.0
22.24492907524109,-66250.0
22.246376514434814,-66247.0
22.25913381576538,-66258.0
22.281067848205566,-66261.0
22.281700372695923,-66279.0
22.30038094520569,-66278.0
22.300888299942017,-66293.0
22.308082818984985,-66296.0
22.333224534988403,-66316.0
22.334054946899414,-66322.0
22.34984517097473,-66339.0
22.35226559638977,-66343.0
22.357974529266357,-66362.0
22.37800168991089,-66375.0
22.378502130508423,-66396.0
22.393722534179688,-66404.0
22.396646738052368,-66428.0
22.423378467559814,-66433.0
22.423911094665527,-66453.0
22.439347505569458,-66452.0
22.439880847930908,-66468.0
22.44624400138855,-66476.0
22.473940134048462,-66493.0
22.4749014377594,-66492.0
22.476635694503784,-66512.0
22.489554166793823,-66518.0
22.496358633041382,-66537.0
22.525417804718018,-66547.0
22.525997638702393,-66565.0
22.527296543121338,-66561.0
22.542381286621094,-66581.0
22.54757595062256,-66581.0
22.58206295967102,-66601.0
22.582727432250977,-66596.0
22.583418130874634,-66613.0
22.599452257156372,-66616.0
22.604655504226685,-66632.0
22.612287759780884,-66636.0
22.63934350013733,-66652.0
22.640475034713745,-66654.0
22.641305446624756,-66673.0
22.660653114318848,-66675.0
22.661415815353394,-66687.0
22.67154884338379,-66689.0
22.697807550430298,-66706.0
22.69879412651062,-66704.0
22.700825214385986,-66703.0
22.714693546295166,-66652.0
22.719655752182007,-66582.0
22.758845329284668,-66484.0
22.759570360183716,-66405.0
22.760318517684937,-66311.0
22.777772665023804,-66241.0
22.778753995895386,-66153.0
22.77972435951233,-66085.0
22.788652420043945,-66015.0
22.81389284133911,-65973.0
22.814998626708984,-65928.0
22.835188388824463,-65912.0
22.83593225479126,-65894.0
22.837624549865723,-65891.0
22.874091386795044,-65880.0
22.874767303466797,-65883.0
22.8753445148468,-65883.0
22.877740383148193,-65889.0
22.896225929260254,-65881.0
22.897042512893677,-65884.0
22.907697677612305,-65875.0
22.933462858200073,-65881.0
22.934277057647705,-65875.0
22.957065105438232,-65891.0
22.958118200302124,-65891.0
22.9637234210968,-65907.0
22.968278646469116,-65909.0
22.99556279182434,-65925.0
22.99620485305786,-65925.0
22.997260808944702,-65937.0
23.015769004821777,-65934.0
23.01945972442627,-65945.0
23.04174256324768,-65943.0
23.05006432533264,-65961.0
23.050931215286255,-65952.0
23.07264542579651,-65959.0
23.073673009872437,-65962.0
23.07885503768921,-65965.0
23.09977674484253,-65963.0
23.100353002548218,-65978.0
23.118109941482544,-65979.0
23.11876916885376,-65990.0
23.152024507522583,-65988.0
23.15282106399536,-66007.0
23.153473615646362,-66008.0
23.173163175582886,-66026.0
23.173646926879883,-66029.0
23.182852745056152,-66049.0
23.2021541595459,-66050.0
23.20269274711609,-66073.0
23.221734762191772,-66081.0
23.222245454788208,-66104.0
23.24976420402527,-66114.0
23.250426292419434,-66133.0
23.251100778579712,-66142.0
23.267152070999146,-66162.0
23.27172064781189,-66165.0
23.30323028564453,-66195.0
23.30387783050537,-66197.0
23.30449414253235,-66220.0
23.32763123512268,-66225.0
23.328919649124146,-66249.0
23.333325147628784,-66256.0
23.36620306968689,-66274.0
23.36702847480774,-66277.0
23.36781620979309,-66300.0
23.368462562561035,-66301.0
23.391164779663086,-66327.0
23.39235281944275,-66328.0
23.399186372756958,-66345.0
23.426629304885864,-66347.0
23.42740273475647,-66362.0
23.428197145462036,-66369.0
23.44983959197998,-66387.0
23.451083183288574,-66391.0
23.46016216278076,-66408.0
23.48785924911499,-66421.0
23.488447666168213,-66436.0
23.48905324935913,-66444.0
23.51218056678772,-66460.0
23.52078413963318,-66463.0
23.521568298339844,-66483.0
23.545340538024902,-66486.0
23.545976400375366,-66508.0
23.550042152404785,-66514.0
23.564451217651367,-66533.0
23.568195104599,-66540.0
23.59536838531494,-66559.0
23.59589910507202,-66565.0
23.599202632904053,-66561.0
23.613829374313354,-66508.0
23.62094497680664,-66434.0
23.64923357963562,-66332.0
23.650014638900757,-66234.0
23.65067481994629,-66133.0
23.673237562179565,-66036.0
23.673871994018555,-65935.0
23.681531190872192,-65859.0
23.70227837562561,-65786.0
23.702802419662476,-65745.0
23.72035050392151,-65707.0
23.720839500427246,-65687.0
23.72944664955139,-65673.0
23.747175693511963,-65672.0
23.748437643051147,-65669.0
23.763899326324463,-65675.0
23.773078203201294,-65682.0
23.7937970161438,-65693.0
23.794540882110596,-65693.0
23.807853937149048,-65701.0
23.80835485458374,-65692.0
23.82997703552246,-65703.0
23.830572605133057,-65712.0
23.838677406311035,-65731.0
23.855226755142212,-65744.0
23.86133623123169,-65777.0
23.884308576583862,-65790.0
23.884822130203247,-65813.0
23.901986360549927,-65819.0
23.903202056884766,-65837.0
