tiempo_s,ppg_suavizada
7.151834726333618,-67506.47421161213
7.152379035949707,-67644.28829944001
7.152934789657593,-67739.15408193337
7.174158096313477,-67794.68872871254
7.174666166305542,-67814.50940939784
7.180122375488281,-67802.23329360958
7.206066131591797,-67761.47755096809
7.206594705581665,-67695.85935109366
7.208649635314941,-67608.99586360664
7.226287126541138,-67504.50425812734
7.232675313949585,-67386.00170427607
7.258043527603149,-67257.10537167315
7.2585225105285645,-67121.4324299389
7.259381294250488,-66932.72802197868
7.279597520828247,-66813.8276098908
7.280242919921875,-66697.88324175893
7.309135913848877,-66588.90144230836
7.3098108768463135,-66488.96978022045
7.310545206069946,-66401.4615384622
7.330242395401001,-66329.25858516549
7.330796003341675,-66275.73282967097
7.360071659088135,-66241.99896978089
7.360608816146851,-66228.85439560504
7.361357927322388,-66235.60267857208
7.380329370498657,-66258.67273351715
7.380832195281982,-66289.60645604462
7.41167950630188,-66327.44265109955
7.412363529205322,-66370.85851648418
7.413141489028931,-66416.50000000065
7.43320369720459,-66463.95776098965
7.438290119171143,-66513.18440934132
7.439157724380493,-66564.57864011056
7.462839603424072,-66616.34134615451
7.463371992111206,-66668.36813186879
7.482382535934448,-66719.710851649
7.484246730804443,-66769.98489011056
7.491468667984009,-66817.66929945121
7.523013591766357,-66861.71565934132
7.523834466934204,-66902.34375000067
7.5248541831970215,-66939.50343406662
7.546509504318237,-66971.70638736329
7.547508239746094,-67000.49278846222
7.5523552894592285,-67024.72012362706
7.580885410308838,-67045.33997252813
7.582434415817261,-67063.81524725341
7.607415676116943,-67080.61572802265
7.608304023742676,-67096.44333791274
7.608982801437378,-67112.01098901166
7.61385178565979,-67128.12980769298
7.645761728286743,-67144.99107142922
7.6464903354644775,-67161.73214285781
7.6472625732421875,-67180.23729395671
7.674227714538574,-67199.10061813254
7.674983978271484,-67218.97870879188
7.67897891998291,-67239.11538461603
7.680847644805908,-67259.31112637429
7.706128358840942,-67278.88255494574
7.706673622131348,-67298.59134615453
7.733340501785278,-67318.04807692376
7.73850154876709,-67337.19608516552
7.740246772766113,-67355.75103022048
7.741185188293457,-67373.36881868199
7.7720723152160645,-67390.65659340726
7.772770404815674,-67408.04842033033
7.7735595703125,-67424.46119505561
7.799798965454102,-67439.9821428578
7.805387496948242,-67454.98454670396
7.806255578994751,-67468.30872252815
7.8371710777282715,-67481.43956044022
7.837893486022949,-67494.66483516552
7.838522672653198,-67508.01339285781
7.839194059371948,-67521.53949175893
7.87210488319397,-67536.13015109957
7.873118162155151,-67552.08516483584
7.9036865234375,-67568.23592033036
7.904355525970459,-67586.28434066
7.905107021331787,-67607.82211538528
7.905738115310669,-67632.89457417648
7.933722019195557,-67657.68784340727
7.934606552124023,-67678.13152472595
7.935128927230835,-67690.67445055011
7.939988613128662,-67691.73729395673
7.965893745422363,-67676.41105769298
7.966453790664673,-67644.53159340727
7.968576669692993,-67595.04223901166
7.988521099090576,-67529.67170329737
7.989087343215942,-67449.17513736332
8.020072221755981,-67356.12053571496
8.020649433135986,-67251.49759615451
8.021138429641724,-67137.7232142864
8.043467998504639,-67017.79258241826
8.043960094451904,-66894.27678571497
8.049834966659546,-66769.17582417648
8.074803829193115,-66646.90625000068
8.075320482254028,-66529.2534340666
8.078015327453613,-66418.62087912153
8.096851587295532,-66318.48832417648
8.097368240356445,-66232.37087912156
8.128506422042847,-66161.94883241825
8.129058361053467,-66109.10576923145
8.129557609558105,-66076.12053571494
8.151908874511719,-66062.80940934132
8.152409791946411,-66065.56524725341
8.157392501831055,-66079.22596153912
8.181585311889648,-66100.60096153912
8.182070016860962,-66127.21943681384
8.206059694290161,-66155.75583791273
8.206543207168579,-66184.81043956109
8.207012176513672,-66215.95913461605
8.23792052268982,-66249.1912774732
8.23854947090149,-66283.5710851655
8.239351034164429,-66318.86950549517
8.260037660598755,-66354.20329670394
8.260498285293579,-66388.44677197868
8.268540143966675,-66422.34340659407
8.295276641845703,-66454.2637362644
8.295798063278198,-66483.38598901164
8.297456741333008,-66510.26270604461
8.318063259124756,-66534.86092033035
8.318564653396606,-66556.14938186879
8.358034610748291,-66574.9570741765
8.358857154846191,-66593.27094780287
8.35951542854309,-66609.22184066002
8.360496997833252,-66624.48935439627
8.387378215789795,-66638.87774725341
8.38808536529541,-66654.40796703365
8.388760328292847,-66670.48420329738
8.426906824111938,-66687.68475274791
8.42754864692688,-66706.1332417589
8.428213357925415,-66725.50995879187
8.42888331413269,-66745.18200549517
8.456986665725708,-66766.29498626442
8.46191930770874,-66787.77369505561
8.46299409866333,-66810.05425824244
8.493625164031982,-66833.39182692376
8.494361400604248,-66856.66037087979
8.495042085647583,-66879.84237637429
8.523612976074219,-66902.57314560507
8.524285078048706,-66925.26579670396
8.525057792663574,-66948.35782967099
8.529872417449951,-66970.39285714352
8.562860488891602,-66991.8169642864
8.563501596450806,-67013.11916208858
8.564327478408813,-67034.09752747322
8.568018674850464,-67053.75995879187
8.593703508377075,-67072.60508241825
8.594501256942749,-67090.25377747319
8.602521896362305,-67106.52266483584
8.632489442825317,-67122.40041208857
8.63326120376587,-67137.67822802266
8.633870363235474,-67153.28434066
8.657430410385132,-67168.22458791276
8.658064126968384,-67183.47664835233
8.661571741104126,-67198.97493131935
8.689229488372803,-67214.9563873633
8.689719676971436,-67232.5408653853
8.690188884735107,-67252.76820055013
8.720414876937866,-67273.38701923145
8.721155881881714,-67295.9886675831
8.721941232681274,-67319.94814560506
8.727908372879028,-67342.92788461606
8.753905534744263,-67362.32177197869
8.754414796829224,-67372.9148351655
8.757899761199951,-67371.41174450616
8.778382539749146,-67355.95192307759
8.778928756713867,-67324.52850274791
8.811930418014526,-67277.52163461605
8.812560558319092,-67215.43818681386
8.813056945800781,-67139.31318681384
8.834228992462158,-67049.93063186882
8.83778715133667,-66949.63392857209
8.838876962661743,-66840.24004120946
8.874152660369873,-66725.25583791274
8.874830722808838,-66606.38907967099
8.875590562820435,-66486.80288461606
8.897107601165771,-66369.15659340724
8.897780895233154,-66255.4464285721
8.898702383041382,-66149.23111263804
8.936660528182983,-66053.0408653853
8.93716549873352,-65968.5346840666
8.937620878219604,-65898.75480769297
8.938116312026978,-65844.8104395611
8.961437940597534,-65806.30563186879
8.96197247505188,-65784.18543956109
8.970344305038452,-65776.26991758305
9.006099462509155,-65778.6222527479
9.00673794746399,-65788.77335164901
9.007351398468018,-65802.84718406659
9.008237600326538,-65820.90178571493
9.037326335906982,-65842.5178571435
9.03803563117981,-65867.29842033032
9.038665294647217,-65894.56559065999
9.04707670211792,-65924.28743131932
9.084869861602783,-65955.95913461605
9.085512399673462,-65989.46806318747
9.08638072013855,-66024.10302197868
9.0873703956604,-66059.21771978089
9.114749193191528,-66093.97355769295
9.11623239517212,-66128.24416208857
9.117082118988037,-66161.1754807699
9.157002687454224,-66192.04326923144
9.15772557258606,-66220.39835164903
9.158410787582397,-66246.9464285721
9.15919041633606,-66271.0394917589
9.188868999481201,-66292.93578296769
9.1895272731781,-66313.98832417649
9.191712379455566,-66334.65762362705
9.228752136230469,-66354.92204670397
9.229552507400513,-66375.5501373633
9.230203866958618,-66397.08756868199
9.230899095535278,-66418.43475274791
9.260604619979858,-66441.51476648418
9.261311054229736,-66465.16861263804
9.261997938156128,-66488.73729395671
9.269330024719238,-66512.76717033033
9.303741455078125,-66538.07383241825
9.304363489151001,-66563.20570055011
9.305090188980103,-66589.38530219847
9.333739042282104,-66615.7534340666
9.334900617599487,-66642.17788461605
9.335662603378296,-66668.17445055011
9.340489625930786,-66693.17994505563
9.369351148605347,-66717.99622252813
9.36989688873291,-66742.56353022045
9.370354413986206,-66765.754807693
9.395965337753296,-66789.05391483584
9.396443367004395,-66811.48866758311
9.39694881439209,-66833.94265109955
9.431041240692139,-66854.98111263804
9.431612253189087,-66875.66037087978
9.432169437408447,-66896.30872252813
9.453178405761719,-66916.12053571494
9.457065105438232,-66935.88152472593
9.457535743713379,-66955.00995879187
9.498556852340698,-66974.08001373694
9.499588012695312,-66992.5449862644
9.501466989517212,-67012.0813873633
9.530104160308838,-67031.32417582485
9.530760288238525,-67051.73454670398
9.531407833099365,-67074.71840659407
9.532203674316406,-67099.90693681384
9.539342880249023,-67126.80219780287
9.575994968414307,-67157.00824175891
9.576837539672852,-67190.51201923145
9.57740306854248,-67224.86984890177
9.578327655792236,-67256.69711538531
9.60214877128601,-67284.0820741765
9.602623462677002,-67301.5089285721
9.609199285507202,-67304.70329670397
9.63787031173706,-67292.66105769297
9.638423204421997,-67264.79052197869
9.638920783996582,-67220.8482142864
9.663738012313843,-67162.12053571494
9.664318323135376,-67088.98454670397
9.67142915725708,-67004.2321428578
9.699604749679565,-66909.4457417589
9.700426578521729,-66806.13392857212
9.700968503952026,-66698.14732142926
9.725595235824585,-66586.71256868199
9.726102828979492,-66475.58207417648
9.726603507995605,-66367.07108516549
9.762672185897827,-66264.8935439567
9.763228178024292,-66171.67239011056
9.7637939453125,-66090.43509615451
9.787282228469849,-66022.89354395671
9.787907600402832,-65970.34306318745
9.791778564453125,-65935.08962912152
9.79676365852356,-65916.71909340726
9.8340482711792,-65914.38633241825
9.83529281616211,-65924.37603022043
9.836098432540894,-65943.49725274791
9.837017297744751,-65970.7740384622
9.86835527420044,-66001.07451923144
9.86902403831482,-66034.92204670396
9.87320876121521,-66072.67891483582
9.910877466201782,-66113.71188186879
9.911503314971924,-66157.47012362703
9.912169456481934,-66202.98763736329
9.912845849990845,-66249.86881868196
9.944287776947021,-66297.61607142925
9.945034742355347,-66345.55013736329
9.945811986923218,-66392.44883241825
9.95202922821045,-66438.6243131875
9.98905086517334,-66482.95673076989
9.98973298072815,-66525.31627747319
9.990334510803223,-66565.54704670398
9.991009712219238,-66603.85542582486
10.02308177947998,-66640.69677197868
10.023730516433716,-66674.66620879188
10.02441143989563,-66706.93612637429
10.029728412628174,-66737.86057692372
10.066132307052612,-66768.26991758308
10.067336559295654,-66796.9357829677
10.068926095962524,-66826.57417582483
10.07040810585022,-66856.63907967099
10.09748125076294,-66887.11366758308
10.098177433013916,-66917.99519230836
10.098889350891113,-66948.92479395671
10.106139183044434,-66981.03262362703
10.138769626617432,-67013.56043956112
10.139487981796265,-67045.43750000065
10.140189170837402,-67076.8059752754
10.168924808502197,-67107.13049450617
10.169585943222046,-67136.66243131936
10.170347929000854,-67164.63186813254
10.176304578781128,-67191.20329670397
10.19985580444336,-67216.38255494575
10.208659648895264,-67240.86572802266
10.209670782089233,-67263.89114011057
10.233057737350464,-67285.74656593474
10.233806610107422,-67306.1596840666
10.238594770431519,-67325.2273351655
10.26029348373413,-67343.09306318748
10.260923147201538,-67358.3317307699
10.269840478897095,-67372.60473901166
10.297993183135986,-67385.65247252813
10.298633575439453,-67397.11126373694
10.300174474716187,-67407.57314560507
10.305727481842041,-67418.47699175891
10.334452629089355,-67428.6129807699
10.335104942321777,-67437.64114011057
10.335567712783813,-67447.08619505561
10.359748840332031,-67457.02369505561
10.360290288925171,-67468.4526098908
10.366177082061768,-67481.27644230836
10.391815900802612,-67495.26545329738
10.392288208007812,-67512.5085851655
10.396040678024292,-67534.36984890177
10.418025493621826,-67557.44780219848
10.418695449829102,-67576.95054945124
10.425961256027222,-67589.71497252813
10.459408283233643,-67591.82760989077
10.460071086883545,-67579.20020604464
10.460536003112793,-67549.36572802265
10.483415603637695,-67502.94299450616
10.484050512313843,-67440.09649725343
10.485395193099976,-67362.58413461605
10.514890909194946,-67271.95535714352
10.51540994644165,-67169.79429945121
10.516398191452026,-67058.85851648416
10.53878378868103,-66942.4876373633
10.539247989654541,-66821.74038461606
10.546274185180664,-66700.8152472534
10.571829080581665,-66581.40590659408
10.572329998016357,-66465.55666208855
10.594833612442017,-66356.39938186877
10.595348834991455,-66257.86332417649
10.595850944519043,-66171.29979395668
10.629991054534912,-66101.36881868198
10.630597591400146,-66049.45432692373
10.631130456924438,-66016.34478022043
10.655210256576538,-66003.89148351716
10.655840873718262,-66009.17891483584
10.656439781188965,-66025.96016483584
10.687947511672974,-66050.85405219847
10.688459396362305,-66082.3413461545
10.68901515007019,-66117.81696428638
10.710556983947754,-66155.06250000065
10.711202383041382,-66194.98282967099
10.718213081359863,-66237.29052197866
10.744202613830566,-66280.79876373692
10.744800090789795,-66325.09684066002
10.745278358459473,-66368.21428571496
10.768707752227783,-66409.98111263802
10.76917290687561,-66450.42788461605
10.80224084854126,-66488.27781593472
10.802814483642578,-66522.94059066
10.80336308479309,-66554.01682692372
10.810673236846924,-66580.47424450616
10.855272054672241,-66602.84890109955
10.85585618019104,-66621.87225274791
10.85640549659729,-66638.33516483582
10.867475748062134,-66652.99793956112
10.86802864074707,-66667.5408653853
10.873326778411865,-66682.43372252813
10.87499713897705,-66697.75721153912
10.922421216964722,-66714.02541208858
10.922999143600464,-66730.66723901167
10.923543691635132,-66748.57486263804
10.939713716506958,-66768.0339972534
10.94025468826294,-66788.9927884622
10.94495153427124,-66811.50137362702
10.945491790771484,-66834.77541208858
10.996758699417114,-66859.10885989077
10.997296571731567,-66883.85885989077
11.004471778869629,-66907.27747252815
11.007130146026611,-66929.9567307699
11.014238357543945,-66951.02541208858
11.01480484008789,-66972.17376373694
11.015335083007812,-66992.53708791274
11.027884006500244,-67011.21119505561
11.053341388702393,-67029.13804945121
11.053931474685669,-67045.89320055011
11.069906949996948,-67061.87087912155
11.073512077331543,-67078.00446428636
11.074548482894897,-67094.07314560506
11.130326271057129,-67110.27266483584
11.130942583084106,-67126.62980769297
11.131528615951538,-67143.04292582483
11.13870096206665,-67159.22527472595
11.139256954193115,-67175.68853022043
11.141532897949219,-67191.75549450616
11.151511430740356,-67208.46394230837
11.15525484085083,-67225.48214285781
11.168720483779907,-67243.2798763743
11.21216082572937,-67260.68784340726
11.2127206325531,-67278.88118131936
11.213252067565918,-67297.3021978029
11.223753213882446,-67317.37980769297
11.224308729171753,-67337.96737637429
11.224869966506958,-67359.41620879187
11.23988938331604,-67382.88427197869
11.287240743637085,-67409.37980769298
11.287766695022583,-67439.89182692375
11.28826379776001,-67470.40865384681
11.290802955627441,-67495.41964285781
11.291301965713501,-67514.015796704
11.297291994094849,-67520.35508241826
11.307595491409302,-67511.30391483582
11.316434860229492,-67486.08104395671
11.366445541381836,-67443.42410714352
11.367063522338867,-67383.81215659408
11.368767023086548,-67308.92685439628
11.369277715682983,-67220.08379120947
11.36980414390564,-67119.72973901166
11.385397672653198,-67010.65350274791
11.385955095291138,-66893.84512362703
11.43768835067749,-66772.62843406662
11.438190698623657,-66649.26201923142
11.442017078399658,-66526.74107142923
11.442559719085693,-66407.57451923144
11.443172693252563,-66295.14560439624
11.449573993682861,-66192.4192994512
11.459524393081665,-66102.87774725343
11.464493036270142,-66027.2163461545
11.500169038772583,-65969.3612637369
11.50079083442688,-65929.17513736329
11.50136423110962,-65907.39010989078
11.516308307647705,-65901.78777472595
11.516915559768677,-65906.53021978088
11.524338960647583,-65918.61710164903
11.557683944702148,-65937.77060439625
11.558213710784912,-65958.97115384681
11.56350040435791,-65983.83894230836
11.564413070678711,-66011.77335164903
11.577236413955688,-66042.43612637429
11.584521293640137,-66075.23695055011
11.638246774673462,-66110.68956044022
11.638794422149658,-66146.98420329737
11.639298677444458,-66184.44265109955
11.640312433242798,-66222.04910714351
11.654290437698364,-66258.92616758306
11.654832363128662,-66295.32451923144
11.655333518981934,-66330.1648351655
11.671460151672363,-66362.64732142923
11.711326599121094,-66392.5449862644
11.71182632446289,-66420.35370879185
11.712326765060425,-66446.35817307756
11.712839126586914,-66470.89663461603
11.719870567321777,-66493.75034340727
11.74807095527649,-66516.68234890176
11.748610973358154,-66538.64251373694
11.749114513397217,-66560.86435439628
11.772745609283447,-66583.84478022045
11.77322793006897,-66606.72905219847
11.77475619316101,-66630.13221153914
11.80783486366272,-66654.15762362705
11.808422565460205,-66679.13049450617
11.808908224105835,-66704.58447802263
11.831871509552002,-66731.24725274793
11.832969665527344,-66757.73935439627
11.834367513656616,-66783.82348901166
11.86491870880127,-66810.12500000067
11.865422010421753,-66835.70432692375
11.868554592132568,-66860.4817994512
11.886646032333374,-66884.63427197869
11.8906729221344,-66908.12122252815
11.896783113479614,-66930.3210851655
11.923899412155151,-66950.86984890177
11.924378633499146,-66970.70913461606
11.924917459487915,-66989.48695055011
11.947786808013916,-67009.18750000065
11.948269605636597,-67027.98660714351
11.955445528030396,-67046.16311813252
11.980745553970337,-67063.55460164901
11.981563329696655,-67080.3471840666
12.003712177276611,-67096.42410714355
12.004375696182251,-67111.77266483587
12.005072116851807,-67126.76167582483
12.014251708984375,-67141.02575549517
12.051215887069702,-67154.9879807699
12.05222225189209,-67169.00240384684
12.053018569946289,-67182.57967033033
12.054206609725952,-67195.79704670397
12.076097965240479,-67211.0350274732
12.076573610305786,-67226.232829671
12.103283405303955,-67242.6236263743
12.112200498580933,-67261.8169642864
12.113028049468994,-67283.91929945123
12.113789558410645,-67309.34168956112
12.147073030471802,-67339.32692307759
12.14776349067688,-67370.8471840666
12.148363828659058,-67398.77884615451
12.155235528945923,-67422.25274725343
12.1847825050354,-67436.6085164842
12.185256481170654,-67438.17135989077
12.186007022857666,-67423.93200549517
12.211849689483643,-67392.86675824244
12.218052864074707,-67345.48111263804
12.218675374984741,-67282.8684752754
12.24529504776001,-67206.38289835231
12.245887994766235,-67118.21462912156
12.246385097503662,-67019.42342033033
12.268627643585205,-66913.33962912156
12.269192934036255,-66801.39800824242
12.274306297302246,-66687.07795329737
12.300870895385742,-66572.65968406659
12.301331043243408,-66461.75789835233
12.303847789764404,-66357.68612637428
12.324649095535278,-66263.91895604461
12.325185775756836,-66181.1016483523
12.334773778915405,-66114.2740384622
12.367403507232666,-66065.21050824242
12.368032217025757,-66034.21256868198
12.3685302734375,-66021.73935439625
12.392014741897583,-66025.98454670396
12.392486095428467,-66042.36401098967
12.396827220916748,-66068.93063186882
12.423827886581421,-66104.36504120946
12.42437195777893,-66144.96462912155
12.424891948699951,-66189.40693681383
12.44698452949524,-66237.5913461545
12.447448968887329,-66289.75892857208
12.453655004501343,-66344.95364011056
12.479951858520508,-66401.82657967102
12.48042893409729,-66458.92513736329
12.506157875061035,-66515.86401098967
12.506980657577515,-66570.67067307758
12.507773637771606,-66622.73008241826
12.513976097106934,-66671.3317307699
12.540790319442749,-66716.00480769297
12.541323900222778,-66756.2390109897
12.545266389846802,-66792.56559066002
12.56810474395752,-66824.54876373694
12.573162317276001,-66851.98798076989
12.573822736740112,-66875.56524725341
12.602054595947266,-66897.94436813254
12.624969482421875,-66918.43715659407
12.62548279762268,-66938.57383241826
12.626151084899902,-66958.36881868198
12.626643180847168,-66979.66964285781
12.635438680648804,-67002.31284340726
12.663456678390503,-67027.50240384685
12.664113759994507,-67054.57039835231
12.664579153060913,-67083.75034340727
12.688223361968994,-67114.45157967102
12.689087629318237,-67147.11813186879
12.696712732315063,-67179.95741758311
12.725412607192993,-67213.71222527539
12.72599196434021,-67247.22424450614
12.72649359703064,-67279.62637362706
12.749522686004639,-67310.9505494512
12.750174760818481,-67340.754807693
12.755051136016846,-67368.56284340726
12.787239074707031,-67395.045329671
12.787729263305664,-67420.04807692373
12.788186073303223,-67443.78605769298
12.811251640319824,-67465.86023351715
12.812091588973999,-67487.36916208857
12.816437005996704,-67507.12019230836
12.843631744384766,-67526.8938873633
12.844186782836914,-67547.33516483584
12.844719409942627,-67567.52850274793
12.867820501327515,-67587.27747252816
12.868353128433228,-67606.30322802266
12.873064756393433,-67624.80391483585
12.90605092048645,-67643.1710164842
12.906742572784424,-67660.97458791274
12.90747332572937,-67678.61572802266
12.936200380325317,-67695.98145604462
12.93687129020691,-67714.18784340727
12.937602281570435,-67732.76270604464
12.943028450012207,-67751.77026098967
12.975873470306396,-67772.08619505561
12.976577997207642,-67795.33482142926
12.977285385131836,-67820.90006868199
13.005305290222168,-67845.357829671
13.00598955154419,-67862.99828296772
13.00673222541809,-67870.3004807699
13.013258695602417,-67864.30425824244
13.044249773025513,-67841.46359890178
13.045015811920166,-67800.6043956051
13.045608758926392,-67741.94196428641
13.07372260093689,-67667.37122252815
13.074412822723389,-67577.52918956113
13.075077533721924,-67475.96188186879
13.11285924911499,-67364.51133241826
13.113471031188965,-67245.00927197869
13.1141197681427,-67120.46359890177
13.114982604980469,-66993.50789835231
13.142879247665405,-66866.67101648421
13.143497705459595,-66744.00995879188
13.14764952659607,-66627.32314560504
13.184497594833374,-66519.79429945121
13.18528127670288,-66425.14800824241
13.187375545501709,-66346.26682692375
13.21273159980774,-66285.20673076989
13.213376522064209,-66244.17067307759
13.214000463485718,-66224.4041895611
13.214611291885376,-66225.46806318747
13.223519802093506,-66242.43818681387
13.258875131607056,-66269.14800824242
13.259936094284058,-66301.50343406657
13.26108431816101,-66338.63667582483
13.286521196365356,-66377.79395604462
13.287275552749634,-66417.12774725341
13.287779808044434,-66456.6799450556
13.2931969165802,-66496.62843406659
13.323137283325195,-66536.20020604462
13.323718547821045,-66574.44677197868
13.324180364608765,-66611.15762362703
13.348648071289062,-66645.23076923144
13.349824666976929,-66676.42410714352
13.35461163520813,-66704.05666208858
13.386178255081177,-66727.7846840666
13.386645793914795,-66747.79635989077
13.387134552001953,-66763.81318681387
13.413089275360107,-66776.86813186879
13.413586139678955,-66787.61263736332
13.41426134109497,-66797.30254120944
13.448981523513794,-66806.72081044024
13.449598550796509,-66816.64010989077
13.450324535369873,-66826.90556318748
13.453309059143066,-66839.24656593472
13.483242750167847,-66852.8365384622
13.488070487976074,-66867.94883241825
13.489460945129395,-66884.45432692375
13.520873785018921,-66902.58447802263
13.521423101425171,-66922.10576923144
13.522136211395264,-66943.27575549518
13.522600173950195,-66965.26785714354
13.549383401870728,-66987.47218406659
13.55007266998291,-67010.70467033033
13.553342342376709,-67033.85679945123
13.588595390319824,-67056.60645604462
13.589126110076904,-67079.34409340726
13.589708805084229,-67100.94951923145
13.61390733718872,-67122.05219780288
13.614376544952393,-67141.49553571497
13.614835739135742,-67160.88186813255
13.622905492782593,-67178.51030219845
13.651780605316162,-67195.28193681387
13.652278184890747,-67210.74656593472
13.65273642539978,-67225.31284340727
13.679226398468018,-67238.5669642864
13.679864883422852,-67250.25137362705
13.687129497528076,-67261.17342033032
13.713449478149414,-67271.46085164903
13.71416974067688,-67281.72596153914
13.714868068695068,-67292.0247252754
13.734791278839111,-67303.7795329677
13.73537302017212,-67317.07760989075
13.745611667633057,-67331.88701923145
13.774269104003906,-67347.48179945121
13.774914979934692,-67362.92342033033
13.775558233261108,-67375.2482829677
13.803288459777832,-67382.35885989077
13.80392837524414,-67380.96531593475
13.804568767547607,-67366.80219780288
13.842692375183105,-67339.03846153915
13.843400478363037,-67297.14285714352
13.844033002853394,-67241.15796703365
13.844700336456299,-67172.27884615453
13.872941493988037,-67091.92135989078
13.873690128326416,-67001.30837912155
13.87768292427063,-66901.4529532974
13.911710500717163,-66795.37671703365
13.91245698928833,-66684.73351648418
13.913416624069214,-66572.34375000065
13.914555549621582,-66460.51236263802
13.93989610671997,-66350.67273351715
13.94082760810852,-66246.73111263802
13.945044994354248,-66149.97046703362
13.952221870422363,-66063.54945055011
13.977518796920776,-65989.80803571497
13.978056192398071,-65930.58413461605
14.001647233963013,-65884.89697802263
14.002239227294922,-65854.60370879187
14.002742290496826,-65837.83791208857
14.035598516464233,-65832.51545329737
14.036303758621216,-65835.9824862644
14.036981582641602,-65846.13667582485
14.063076734542847,-65859.35473901166
14.063534021377563,-65875.90041208857
14.06399416923523,-65895.9306318688
14.103641033172607,-65919.08001373692
14.104349613189697,-65944.79670329737
14.105026483535767,-65973.23969780284
14.105824708938599,-66003.54464285781
14.133330345153809,-66034.09340659405
14.134256839752197,-66065.28125000067
14.138534784317017,-66096.41792582482
14.14200210571289,-66127.07142857208
14.166849136352539,-66156.53674450616
14.167474508285522,-66184.18269230836
14.191978216171265,-66210.25309066
14.192522287368774,-66234.97802197868
14.196900844573975,-66257.93337912155
14.223521947860718,-66279.58550824242
14.224143028259277,-66299.7431318688
14.22463870048523,-66319.17582417646
14.25090479850769,-66337.90315934131
14.25541067123413,-66357.28434066
14.256304740905762,-66376.52678571492
14.26216721534729,-66395.75034340726
14.287162065505981,-66415.97561813254
14.28765058517456,-66435.86641483585
14.291706800460815,-66456.39251373694
14.316843509674072,-66477.29155219847
14.317589521408081,-66498.55254120946
14.323467493057251,-66520.10782967099
14.353790760040283,-66541.77060439627
14.354612827301025,-66564.50068681384
14.355091094970703,-66587.72012362706
14.379082202911377,-66611.14045329738
14.379589319229126,-66635.74416208857
14.38655948638916,-66660.77781593474
14.417917966842651,-66686.64354395671
14.418763875961304,-66712.50515109957
14.419485330581665,-66738.65762362705
14.442448854446411,-66764.78159340726
14.443117618560791,-66790.33894230834
14.447828531265259,-66815.48557692375
14.476262331008911,-66839.71085164903
14.47692322731018,-66863.87156593474
14.477576732635498,-66887.17891483582
14.50084376335144,-66909.43028846219
14.501720666885376,-66929.74622252816
14.502225399017334,-66949.09821428636
14.534741878509521,-66966.64526098967
14.535341024398804,-66982.7479395611
14.536150932312012,-66997.83070055014
14.558945417404175,-67013.24450549517
14.55973744392395,-67029.97939560507
14.56458592414856,-67047.88976648418
14.593047380447388,-67067.2074175831
14.593535661697388,-67087.49759615448
14.594057321548462,-67108.46600274791
14.618211269378662,-67123.89594780284
14.61899709701538,-67131.02644230836
14.623417615890503,-67126.51167582486
14.652214527130127,-67108.22699175891
14.653048276901245,-67075.80700549518
14.653512954711914,-67028.96428571494
14.67996096611023,-66967.98935439628
14.681600332260132,-66894.92410714354
14.685949802398682,-66810.45673076987
14.691823482513428,-66717.63118131935
14.720611572265625,-66616.75583791276
14.7213454246521,-66511.63804945121
14.721988201141357,-66402.53777472592
14.747494220733643,-66292.58001373692
14.752718210220337,-66184.62122252813
14.754417896270752,-66081.11195055011
14.781860113143921,-65983.28056318748
14.782469987869263,-65895.19505494573
14.783260107040405,-65819.28949175893
14.80557632446289,-65756.86675824242
14.806223630905151,-65709.43475274791
14.812536239624023,-65676.81799450616
14.843987703323364,-65659.14045329735
14.844840288162231,-65653.51064560506
14.846202611923218,-65656.72664835231
14.870633840560913,-65664.84271978086
14.871253252029419,-65677.90556318747
14.871814012527466,-65694.54567307758
14.910742282867432,-65714.69780219844
14.911315202713013,-65738.55975274791
14.911941528320312,-65764.85164835231
14.912790060043335,-65794.34443681386
14.942720890045166,-65826.68578296769
14.943217754364014,-65860.46978022045
14.943843841552734,-65896.52987637429
14.951963424682617,-65933.49416208857
14.98443865776062,-65971.11401098967
14.984966278076172,-66008.54464285779
14.985454559326172,-66045.6802884622
15.014736890792847,-66082.23866758308
15.015317916870117,-66116.585851649
15.016782522201538,-66150.17788461606
15.022036075592041,-66182.77266483582
15.054885149002075,-66214.73832417648
15.05558729171753,-66246.46909340724
15.056310176849365,-66278.24553571496
15.085118770599365,-66310.64010989077
15.085860013961792,-66344.17239011054
15.087106943130493,-66377.61023351715
15.092449188232422,-66412.32520604464
15.11515736579895,-66447.90178571493
15.124433517456055,-66484.44265109957
15.125298976898193,-66521.33276098967
15.15416955947876,-66558.78571428638
15.154802560806274,-66596.6964285721
15.155514478683472,-66635.86984890176
15.184768199920654,-66675.83825549518
15.193066835403442,-66715.74381868199
15.193893909454346,-66755.5714285721
15.19496750831604,-66794.85336538528
15.220812559127808,-66833.9670329677
15.221490144729614,-66872.09684066002
15.222147703170776,-66909.17204670397
15.260864496231079,-66945.08276098967
15.26164698600769,-66979.78296703364
15.262534379959106,-67014.43990384681
15.263838768005371,-67048.84993131936
15.28994369506836,-67082.11984890176
15.290663719177246,-67114.27472527539
15.292188167572021,-67145.23351648418
15.328457117080688,-67174.13358516549
15.329167366027832,-67202.03640109957
15.330000162124634,-67229.4835164842
15.330920696258545,-67254.82520604465
15.358802080154419,-67278.58344780286
15.363384246826172,-67301.10989011056
15.364797592163086,-67322.6857829677
15.396463394165039,-67343.63324175893
15.397538185119629,-67364.63186813254
15.398295402526855,-67386.03262362705
15.427419424057007,-67409.30322802265
15.431664943695068,-67432.63461538531
15.433367729187012,-67456.9107142864
15.43418025970459,-67483.1493818688
15.463080644607544,-67512.15178571497
15.463563680648804,-67546.60267857212
15.464313507080078,-67581.9931318688
15.490206718444824,-67613.34649725341
15.490813493728638,-67635.94780219847
15.491286039352417,-67646.77541208855
15.525840282440186,-67640.94333791277
15.526425838470459,-67617.46771978089
15.526996850967407,-67574.25274725343
15.530807256698608,-67512.94093406663
15.553021430969238,-67434.59031593475
15.553481101989746,-67341.38324175891
15.561579942703247,-67235.92342033035
15.591907978057861,-67120.29189560506
15.5923912525177,-66996.83516483584
15.592902183532715,-66869.85611263801
15.618120908737183,-66741.89045329737
15.619085788726807,-66615.71291208857
15.623213768005371,-66493.89629120946
15.658339023590088,-66379.21085164903
15.659088611602783,-66275.47458791276
15.659805059432983,-66185.9402472534
15.660436868667603,-66112.06078296769
15.689948797225952,-66057.31353022046
15.690589427947998,-66024.63564560507
15.695647954940796,-66013.66517857209
15.729423999786377,-66022.54635989078
15.730122089385986,-66043.62603022043
15.730766296386719,-66073.21565934132
15.731473207473755,-66108.14835164901
15.759372472763062,-66147.08379120944
15.76002287864685,-66187.14594780287
15.760729312896729,-66229.0291895611
15.79783034324646,-66271.38118131932
15.79848027229309,-66314.18681318747
15.800018310546875,-66357.5236950556
15.801762104034424,-66400.37877747318
15.827463626861572,-66442.1236263743
15.828229427337646,-66482.63976648418
15.829814434051514,-66521.20707417649
15.870362520217896,-66556.92925824241
15.871461153030396,-66588.62190934134
15.87238097190857,-66616.33241758311
15.874572515487671,-66639.69436813254
15.903717517852783,-66659.37912087979
15.904169082641602,-66677.34752747319
15.904622316360474,-66692.99793956112
15.912983655929565,-66707.94299450617
15.942074298858643,-66724.10096153912
15.942590713500977,-66741.40556318747
15.943131446838379,-66760.34615384684
15.96495270729065,-66781.5295329677
15.965763568878174,-66803.37568681384
15.97195053100586,-66827.21256868196
15.996949434280396,-66851.08001373692
15.997437715530396,-66877.00618131935
16.019421577453613,-66902.93818681387
16.02010154724121,-66929.66208791274
16.020811557769775,-66956.85508241825
16.03095030784607,-66983.50377747319
16.05520486831665,-67010.40693681384
16.055777311325073,-67036.47390109958
16.08024525642395,-67061.50343406662
16.082930326461792,-67086.23076923144
16.08609652519226,-67108.99965659408
16.090601921081543,-67130.44127747319
16.114829778671265,-67149.82142857209
16.115328550338745,-67167.3887362644
16.138532638549805,-67183.94471153912
16.139463186264038,-67199.15418956112
16.14006757736206,-67213.44883241823
16.172777891159058,-67226.58962912155
16.173309564590454,-67239.59271978089
16.173830032348633,-67252.43475274791
16.197081565856934,-67264.5497939567
16.19756031036377,-67277.99175824242
16.200453758239746,-67293.15659340727
16.237678050994873,-67308.93234890177
16.238351583480835,-67327.06662087979
16.239465475082397,-67347.05460164901
16.240962505340576,-67370.57314560507
16.267401218414307,-67393.48111263804
16.268140077590942,-67413.01614011056
16.275044202804565,-67425.84684066
16.301388025283813,-67427.03193681386
16.301873922348022,-67415.08482142925
16.302368640899658,-67387.57932692373
16.324339866638184,-67344.62706044022
16.324869871139526,-67286.84718406662
16.3300838470459,-67214.06284340727
16.355958700180054,-67128.32760989078
16.356588125228882,-67030.54945055013
16.37965178489685,-66923.57005494573
16.380159854888916,-66810.0236950556
16.380662202835083,-66691.85233516549
16.41332244873047,-66572.36263736329
16.4139187335968,-66454.03159340726
16.41442084312439,-66339.94642857208
16.439165115356445,-66232.58344780286
16.44033646583557,-66134.93166208858
16.441168069839478,-66049.44917582483
16.451382637023926,-65978.74965659407
16.477158784866333,-65924.17994505561
16.477926015853882,-65887.64938186879
16.49993371963501,-65868.16414835228
16.501068830490112,-65863.4347527479
16.505101442337036,-65868.92204670396
16.53112268447876,-65882.15728022043
16.531748056411743,-65900.6799450556
16.53418755531311,-65922.27506868196
16.55567240715027,-65946.23454670396
16.55616593360901,-65972.47390109954
16.55878734588623,-66001.16517857209
16.583767652511597,-66031.14148351712
16.58435320854187,-66062.24587912156
16.592411518096924,-66093.46634615451
16.61550211906433,-66123.8410027479
16.616153717041016,-66154.29773351713
16.619609594345093,-66182.7582417589
16.65170907974243,-66209.34409340724
16.652231693267822,-66233.47390109957
16.652733325958252,-66255.30837912155
16.67972469329834,-66275.6545329677
16.68783688545227,-66294.24072802263
16.688745260238647,-66311.63461538528
16.690783500671387,-66326.62774725341
16.72303557395935,-66342.17925824242
16.723784685134888,-66358.18337912152
16.72443437576294,-66373.67582417649
16.752026796340942,-66388.33962912153
16.752669095993042,-66402.44162087978
16.75332260131836,-66417.37156593474
16.759515047073364,-66432.73901098965
16.78349280357361,-66441.21316521225
16.79248857498169,-66458.47764158213
16.793004274368286,-66476.18329571477
16.818971157073975,-66494.35367224812
16.81954288482666,-66513.01231582013
16.820183992385864,-66532.1827710687
16.854832410812378,-66551.8885826318
16.85554265975952,-66572.15329514735
16.856231212615967,-66593.00045325329
16.881316900253296,-66614.45360158756
16.881965398788452,-66636.5362847881
16.882609367370605,-66659.27204749285
16.889469385147095,-66682.68443433975
