timestamp,value
0.000000,24.84
0.010003,69.70
0.020007,185.21
0.030010,304.40
0.040013,290.78
0.050017,363.45
0.060020,524.84
0.070023,552.66
0.080027,556.55
0.090030,669.89
0.100033,678.99
0.110037,734.65
0.120040,821.89
0.130043,761.79
0.140047,814.45
0.150050,911.18
0.160053,922.42
0.170057,1017.53
0.180060,980.04
0.190063,973.18
0.200067,1130.11
0.210070,1053.16
0.220073,1070.04
0.230077,992.22
0.240080,1027.65
0.250083,1046.50
0.260087,964.26
0.270090,1016.34
0.280093,938.30
0.290097,919.73
0.300100,865.61
0.310103,945.32
0.320107,804.92
0.330110,701.74
0.340113,741.21
0.350117,581.24
0.360120,592.00
0.370123,420.25
0.380127,386.27
0.390130,395.10
0.400133,353.26
0.410137,254.89
0.420140,169.81
0.430143,89.50
0.440147,-40.34
0.450150,-72.89
0.460153,-129.55
0.470157,-122.02
0.480160,-224.42
0.490163,-394.46
0.500167,-352.43
0.510170,-447.50
0.520173,-518.65
0.530177,-507.40
0.540180,-535.95
0.550183,-586.50
0.560187,-716.38
0.570190,-726.79
0.580193,-727.03
0.590197,-722.25
0.600200,-817.42
0.610203,-820.06
0.620207,-878.18
0.630210,-889.45
0.640213,-790.45
0.650217,-759.34
0.660220,-821.48
0.670223,-753.11
0.680227,-765.39
0.690230,-790.76
0.700233,-710.46
0.710237,-616.79
0.720240,-655.98
0.730243,-531.97
0.740247,-692.98
0.750250,-468.69
0.760253,-449.52
0.770257,-409.50
0.780260,-327.54
0.790263,-366.32
0.800267,-210.31
0.810270,-111.81
0.820273,15.58
0.830277,-11.57
0.840280,47.50
0.850283,136.94
0.860287,282.03
0.870290,326.65
0.880293,357.02
0.890297,481.40
0.900300,531.38
0.910303,643.92
0.920307,627.14
0.930310,710.07
0.940313,768.15
0.950317,772.65
0.960320,915.16
0.970323,964.10
0.980327,997.89
0.990330,1028.12
1.000333,1006.72
1.010337,1089.29
1.020340,1121.06
1.030343,1120.83
1.040347,1170.38
1.050350,1210.81
1.060353,1291.67
1.070357,1207.40
1.080360,1207.41
1.090363,1181.23
1.100367,1074.05
1.110370,1148.40
1.120373,1127.27
1.130377,1216.90
1.140380,1048.69
1.150383,1033.24
1.160387,971.78
1.170390,866.18
1.180393,928.84
1.190397,852.66
1.200400,794.57
1.210403,646.40
1.220407,696.09
1.230410,487.53
1.240413,516.59
1.250417,524.71
1.260420,292.32
1.270423,239.29
1.280427,197.83
1.290430,92.82
1.300433,-34.12
1.310437,-27.04
1.320440,-156.40
1.330443,-150.95
1.340447,-290.11
1.350450,-233.95
1.360453,-415.35
1.370457,-454.13
1.380460,-455.95
1.390463,-613.24
1.400467,-591.57
1.410470,-584.73
1.420473,-773.28
1.430477,-721.92
1.440480,-751.65
1.450483,-754.12
1.460487,-878.56
1.470490,-901.04
1.480493,-821.95
1.490497,-840.90
1.500500,-845.55
1.510504,-837.71
1.520507,-880.66
1.530510,-821.39
1.540514,-799.49
1.550517,-825.93
1.560520,-668.04
1.570524,-703.99
1.580527,-749.02
1.590530,-614.04
1.600534,-648.90
1.610537,-510.26
1.620540,-437.56
1.630544,-479.16
1.640547,-329.65
1.650550,-294.27
1.660554,-208.67
1.670557,-87.92
1.680560,-126.51
1.690564,-82.30
1.700567,-18.74
1.710570,55.63
1.720574,163.17
1.730577,254.23
1.740580,320.30
1.750584,415.86
1.760587,441.57
1.770590,578.00
1.780594,554.13
1.790597,762.69
1.800600,714.23
1.810604,692.98
1.820607,731.51
1.830610,854.44
1.840614,860.19
1.850617,943.65
1.860620,963.53
1.870624,963.30
1.880627,946.64
1.890630,930.14
1.900634,995.18
1.910637,1066.62
1.920640,1035.41
1.930644,957.91
1.940647,1018.95
1.950650,1014.28
1.960654,930.25
1.970657,956.35
1.980660,920.72
1.990664,824.87
2.000667,859.37
2.010670,824.43
2.020674,801.13
2.030677,746.19
2.040680,567.34
2.050684,528.54
2.060687,537.21
2.070690,470.30
2.080694,401.01
2.090697,496.38
2.100700,258.98
2.110704,212.50
2.120707,127.69
2.130710,36.20
2.140714,-88.73
2.150717,-111.44
2.160720,-263.89
2.170724,-311.98
2.180727,-397.96
2.190730,-441.41
2.200734,-399.49
2.210737,-675.83
2.220740,-612.59
2.230744,-788.83
2.240747,-789.62
2.250750,-765.64
2.260754,-866.90
2.270757,-969.74
2.280760,-992.83
2.290764,-959.57
2.300767,-1061.63
2.310770,-1040.78
2.320774,-1070.62
2.330777,-1121.47
2.340780,-992.31
2.350784,-1073.01
2.360787,-1205.73
2.370790,-1089.51
2.380794,-1120.90
2.390797,-1028.87
2.400800,-1089.60
2.410804,-1029.13
2.420807,-966.65
2.430810,-912.39
2.440814,-974.95
2.450817,-886.63
2.460820,-844.59
2.470824,-800.69
2.480827,-623.48
2.490830,-632.10
2.500834,-653.17
2.510837,-479.56
2.520840,-352.57
2.530844,-338.55
2.540847,-396.29
2.550850,-273.73
2.560854,-114.81
2.570857,-142.00
2.580860,-13.13
2.590864,74.09
2.600867,58.68
2.610870,170.31
2.620874,77.70
2.630877,252.87
2.640880,353.28
2.650884,362.49
2.660887,562.30
2.670890,461.48
2.680894,559.51
2.690897,632.53
2.700900,738.24
2.710904,630.05
2.720907,790.94
2.730910,759.35
2.740914,730.76
2.750917,818.79
2.760920,816.22
2.770924,781.53
2.780927,814.95
2.790930,786.75
2.800934,800.92
2.810937,812.30
2.820940,837.24
2.830944,669.71
2.840947,806.96
2.850950,566.63
2.860954,615.98
2.870957,607.94
2.880960,543.38
2.890964,445.14
2.900967,409.22
2.910970,335.04
2.920974,267.32
2.930977,273.73
2.940980,181.30
2.950984,59.08
2.960987,67.45
2.970990,-34.57
2.980994,-82.45
2.990997,-165.15
3.001000,-311.58
3.011004,-371.21
3.021007,-378.08
3.031010,-455.96
3.041014,-556.96
3.051017,-617.51
3.061020,-624.61
3.071024,-780.49
3.081027,-782.95
3.091030,-876.45
3.101034,-929.59
3.111037,-912.19
3.121040,-970.07
3.131044,-1010.43
3.141047,-1020.92
3.151050,-1115.36
3.161054,-1107.50
3.171057,-1177.13
3.181060,-1160.15
3.191064,-1192.23
3.201067,-1184.81
3.211070,-1158.40
3.221074,-1222.11
3.231077,-1064.21
3.241080,-1201.41
3.251084,-1188.83
3.261087,-1042.08
3.271090,-1027.27
3.281094,-997.69
3.291097,-954.89
3.301100,-939.93
3.311104,-933.03
3.321107,-829.33
3.331110,-808.34
3.341114,-663.79
3.351117,-655.00
3.361120,-621.40
3.371124,-526.41
3.381127,-418.01
3.391130,-393.65
3.401134,-332.24
3.411137,-203.87
3.421140,-128.38
3.431144,-90.62
3.441147,-13.91
3.451150,95.31
3.461154,84.14
3.471157,157.38
3.481160,261.05
3.491164,353.17
3.501167,443.54
3.511170,562.88
3.521174,589.75
3.531177,592.96
3.541180,650.16
3.551184,646.94
3.561187,737.66
3.571190,761.02
3.581194,823.62
3.591197,793.16
3.601200,882.40
3.611204,949.74
3.621207,879.03
3.631210,910.56
3.641214,925.60
3.651217,866.29
3.661220,887.49
3.671224,861.58
3.681227,845.34
3.691230,776.28
3.701234,785.73
3.711237,774.28
3.721240,782.31
3.731244,713.82
3.741247,725.59
3.751250,527.89
3.761254,554.75
3.771257,462.03
3.781260,501.28
3.791264,287.83
3.801267,220.61
3.811270,165.24
3.821274,20.27
3.831277,30.47
3.841280,-51.49
3.851284,-76.48
3.861287,-137.17
3.871290,-130.09
3.881294,-245.02
3.891297,-388.63
3.901300,-470.19
3.911304,-464.02
3.921307,-615.47
3.931310,-515.88
3.941314,-603.31
3.951317,-737.09
3.961320,-846.85
3.971324,-737.01
3.981327,-849.64
3.991330,-816.71
4.001334,-988.26
4.011337,-963.54
4.021340,-953.27
4.031344,-965.96
4.041347,-1000.31
4.051350,-950.80
4.061354,-1034.07
4.071357,-981.16
4.081360,-955.99
4.091364,-918.92
4.101367,-886.45
4.111370,-950.50
4.121374,-938.19
4.131377,-759.97
4.141380,-764.94
4.151384,-772.24
4.161387,-606.29
4.171390,-623.15
4.181394,-511.38
4.191397,-505.00
4.201400,-340.32
4.211404,-287.86
4.221407,-317.97
4.231410,-184.84
4.241414,-127.42
4.251417,-16.28
4.261420,-57.12
4.271424,101.72
4.281427,196.69
4.291430,131.85
4.301434,235.92
4.311437,267.28
4.321440,428.42
4.331444,548.53
4.341447,656.28
4.351450,650.75
4.361454,791.41
4.371457,700.63
4.381460,740.52
4.391464,875.09
4.401467,945.10
4.411470,967.89
4.421474,905.17
4.431477,1038.28
4.441480,1006.72
4.451484,1129.49
4.461487,1133.16
4.471490,1081.31
4.481494,1110.68
4.491497,1086.06
4.501501,1133.08
4.511504,1175.77
4.521507,1065.16
4.531511,1120.81
4.541514,1045.11
4.551517,1002.97
4.561521,1003.40
4.571524,918.48
4.581527,899.60
4.591531,820.24
4.601534,927.30
4.611537,776.10
4.621541,681.29
4.631544,665.89
4.641547,585.82
4.651551,514.30
4.661554,488.02
4.671557,425.56
4.681561,290.33
4.691564,216.44
4.701567,159.43
4.711571,-13.97
4.721574,-46.31
4.731577,26.89
4.741581,-28.94
4.751584,-191.83
4.761587,-216.81
4.771591,-294.05
4.781594,-217.01
4.791597,-373.34
4.801601,-490.77
4.811604,-583.62
4.821607,-663.74
4.831611,-616.68
4.841614,-703.72
4.851617,-771.46
4.861621,-762.34
4.871624,-808.80
4.881627,-689.98
4.891631,-744.67
4.901634,-798.29
4.911637,-727.70
4.921641,-796.28
4.931644,-836.31
4.941647,-704.88
4.951651,-736.63
4.961654,-792.82
4.971657,-722.82
4.981661,-724.54
4.991664,-712.65
5.001667,-555.44
5.011671,-460.24
5.021674,-575.56
5.031677,-423.64
5.041681,-427.00
5.051684,-358.35
5.061687,-300.30
5.071691,-248.07
5.081694,-134.51
5.091697,-108.79
5.101701,17.36
5.111704,73.41
5.121707,136.66
5.131711,176.12
5.141714,265.37
5.151717,404.10
5.161721,462.53
5.171724,458.38
5.181727,580.26
5.191731,678.77
5.201734,621.17
5.211737,792.41
5.221741,789.55
5.231744,905.18
5.241747,888.67
5.251751,882.73
5.261754,933.43
5.271757,1054.50
5.281761,1097.63
5.291764,1067.04
5.301767,1166.71
5.311771,1069.02
5.321774,1160.78
5.331777,1110.14
5.341781,1139.27
5.351784,1169.96
5.361787,1114.85
5.371791,1123.55
5.381794,1172.67
5.391797,1067.88
5.401801,1107.80
5.411804,973.88
5.421807,1016.46
5.431811,1017.12
5.441814,772.23
5.451817,802.68
5.461821,814.32
5.471824,714.79
5.481827,679.81
5.491831,564.54
5.501834,530.08
5.511837,446.87
5.521841,440.20
5.531844,320.32
5.541847,249.31
5.551851,136.09
5.561854,56.37
5.571857,-16.59
5.581861,-50.33
5.591864,-165.19
5.601867,-202.34
5.611871,-183.98
5.621874,-312.96
5.631877,-439.08
5.641881,-426.13
5.651884,-566.83
5.661887,-705.08
5.671891,-706.54
5.681894,-798.59
5.691897,-767.22
5.701901,-788.80
5.711904,-741.23
5.721907,-839.13
5.731911,-891.80
5.741914,-859.56
5.751917,-1026.49
5.761921,-913.71
5.771924,-891.13
5.781927,-1002.40
5.791931,-864.71
5.801934,-893.09
5.811937,-913.66
5.821941,-839.01
5.831944,-729.88
5.841947,-802.25
5.851951,-762.23
5.861954,-756.48
5.871957,-730.69
5.881961,-597.44
5.891964,-628.87
5.901967,-526.26
5.911971,-494.47
5.921974,-384.70
5.931977,-327.70
5.941981,-226.26
5.951984,-235.80
5.961987,-154.73
5.971991,-120.30
5.981994,-23.26
5.991997,88.16
6.002001,177.13
6.012004,162.40
6.022007,320.07
6.032011,410.93
6.042014,428.46
6.052017,564.00
6.062021,491.22
6.072024,524.46
6.082027,551.25
6.092031,764.89
6.102034,768.82
6.112037,775.21
6.122041,829.48
6.132044,792.09
6.142047,998.74
6.152051,906.04
6.162054,923.07
6.172057,966.68
6.182061,961.94
6.192064,951.22
6.202067,897.24
6.212071,951.70
6.222074,1008.23
6.232077,962.11
6.242081,950.01
6.252084,815.21
6.262087,756.76
6.272091,760.66
6.282094,725.87
6.292097,729.57
6.302101,537.92
6.312104,642.86
6.322107,498.77
6.332111,422.38
6.342114,327.26
6.352117,226.70
6.362121,279.95
6.372124,169.97
6.382127,27.85
6.392131,-47.45
6.402134,-75.21
6.412137,-51.00
6.422141,-223.35
6.432144,-360.94
6.442147,-372.59
6.452151,-447.17
6.462154,-639.94
6.472157,-577.33
6.482161,-653.27
6.492164,-671.26
6.502167,-674.87
6.512171,-768.83
6.522174,-892.72
6.532177,-984.72
6.542181,-846.59
6.552184,-1013.66
6.562187,-1052.59
6.572191,-1086.25
6.582194,-1101.85
6.592197,-1140.48
6.602201,-1178.16
6.612204,-1187.66
6.622207,-1167.36
6.632211,-1192.86
6.642214,-1195.86
6.652217,-1144.03
6.662221,-1145.90
6.672224,-1036.51
6.682227,-1217.71
6.692231,-999.08
6.702234,-955.07
6.712237,-1080.17
6.722241,-948.42
6.732244,-900.54
6.742247,-899.20
6.752251,-811.04
6.762254,-767.79
6.772257,-561.86
6.782261,-537.37
6.792264,-453.06
6.802267,-411.23
6.812271,-433.00
6.822274,-330.96
6.832277,-207.80
6.842281,-220.65
6.852284,-51.30
6.862287,-26.91
6.872291,37.49
6.882294,161.59
6.892297,216.37
6.902301,242.16
6.912304,381.80
6.922307,330.63
6.932311,473.23
6.942314,526.42
6.952317,531.91
6.962321,610.32
6.972324,573.85
6.982327,720.53
6.992331,698.33
7.002334,709.82
7.012337,811.78
7.022341,742.36
7.032344,720.16
7.042347,720.45
7.052351,830.95
7.062354,733.63
7.072357,877.05
7.082361,671.59
7.092364,841.67
7.102367,743.44
7.112371,699.12
7.122374,642.95
7.132377,651.76
7.142381,587.11
7.152384,597.15
7.162387,496.76
7.172391,443.97
7.182394,360.34
7.192397,314.69
7.202401,269.25
7.212404,102.32
7.222407,52.39
7.232411,87.33
7.242414,-12.17
7.252417,-101.63
7.262421,-163.68
7.272424,-219.45
7.282427,-335.70
7.292431,-418.78
7.302434,-440.09
7.312437,-567.31
7.322441,-564.59
7.332444,-734.49
7.342447,-659.64
7.352451,-746.25
7.362454,-812.57
7.372457,-828.14
7.382461,-842.03
7.392464,-918.45
7.402467,-1100.69
7.412471,-1107.48
7.422474,-1104.78
7.432477,-1097.28
7.442481,-1092.61
7.452484,-1169.44
7.462487,-1133.13
7.472491,-1184.15
7.482494,-1175.43
7.492497,-1208.22
7.502501,-1171.67
7.512504,-1175.36
7.522508,-1133.56
7.532511,-1003.92
7.542514,-1070.88
7.552518,-853.75
7.562521,-918.00
7.572524,-886.29
7.582528,-887.11
7.592531,-753.90
7.602534,-758.77
7.612538,-661.63
7.622541,-474.44
7.632544,-539.28
7.642548,-406.72
7.652551,-427.10
7.662554,-319.85
7.672558,-154.53
7.682561,-198.58
7.692564,-0.37
7.702568,20.66
7.712571,33.03
7.722574,167.86
7.732578,258.80
7.742581,313.62
7.752584,274.46
7.762588,384.74
7.772591,474.21
7.782594,545.35
7.792598,639.29
7.802601,672.70
7.812604,648.70
7.822608,781.97
7.832611,836.57
7.842614,872.49
7.852618,932.18
7.862621,948.49
7.872624,953.29
7.882628,945.12
7.892631,878.57
7.902634,990.71
7.912638,981.83
7.922641,981.85
7.932644,895.90
7.942648,891.85
7.952651,979.52
7.962654,900.76
7.972658,907.75
7.982661,841.26
7.992664,802.93
8.002668,805.62
8.012671,686.06
8.022674,666.00
8.032678,583.88
8.042681,527.84
8.052684,473.77
8.062688,437.44
8.072691,337.30
8.082694,357.10
8.092698,181.19
8.102701,147.12
8.112704,64.33
8.122708,88.24
8.132711,-44.59
8.142714,-72.63
8.152718,-267.40
8.162721,-247.39
8.172724,-282.21
8.182728,-386.48
8.192731,-398.82
8.202734,-536.70
8.212738,-496.03
8.222741,-503.82
8.232744,-685.47
8.242748,-734.19
8.252751,-679.61
8.262754,-709.19
8.272758,-845.53
8.282761,-866.75
8.292764,-881.18
8.302768,-950.51
8.312771,-940.18
8.322774,-950.08
8.332778,-938.53
8.342781,-896.76
8.352784,-872.84
8.362788,-791.22
8.372791,-897.61
8.382794,-772.26
8.392798,-800.95
8.402801,-756.62
8.412804,-679.62
8.422808,-724.23
8.432811,-599.45
8.442814,-556.75
8.452818,-483.22
8.462821,-432.75
8.472824,-260.70
8.482828,-348.84
8.492831,-274.56
8.502834,-208.17
8.512838,-132.10
8.522841,-62.20
8.532844,104.04
8.542848,191.05
8.552851,167.06
8.562854,229.28
8.572858,369.10
8.582861,391.49
8.592864,522.87
8.602868,571.67
8.612871,553.84
8.622874,772.55
8.632878,847.61
8.642881,786.58
8.652884,853.70
8.662888,939.41
8.672891,989.76
8.682894,1049.52
8.692898,1156.08
8.702901,1080.90
8.712904,1079.04
8.722908,1074.07
8.732911,1125.34
8.742914,1173.74
8.752918,1273.22
8.762921,1160.28
8.772924,1194.56
8.782928,1174.32
8.792931,1220.97
8.802934,1268.99
8.812938,1092.01
8.822941,1064.93
8.832944,1107.56
8.842948,1050.68
8.852951,1065.67
8.862954,955.02
8.872958,856.36
8.882961,848.63
8.892964,815.90
8.902968,739.76
8.912971,659.62
8.922974,620.70
8.932978,556.89
8.942981,496.94
8.952984,388.38
8.962988,274.80
8.972991,217.21
8.982994,196.82
8.992998,22.55
9.003001,9.43
9.013004,-100.00
9.023008,-148.75
9.033011,-154.28
9.043014,-274.45
9.053018,-344.93
9.063021,-475.58
9.073024,-427.38
9.083028,-485.99
9.093031,-459.84
9.103034,-629.05
9.113038,-644.02
9.123041,-679.27
9.133044,-644.88
9.143048,-755.60
9.153051,-758.91
9.163054,-759.32
9.173058,-791.96
9.183061,-829.87
9.193064,-798.74
9.203068,-750.31
9.213071,-845.53
9.223074,-772.51
9.233078,-793.94
9.243081,-673.88
9.253084,-779.58
9.263088,-696.39
9.273091,-610.06
9.283094,-506.78
9.293098,-540.38
9.303101,-513.07
9.313104,-335.92
9.323108,-443.82
9.333111,-419.89
9.343114,-223.90
9.353118,-204.75
9.363121,-162.61
9.373124,-6.56
9.383128,40.88
9.393131,71.84
9.403134,107.68
9.413138,286.88
9.423141,346.83
9.433144,379.55
9.443148,545.74
9.453151,467.15
9.463154,509.59
9.473158,614.08
9.483161,706.47
9.493164,777.90
9.503168,807.25
9.513171,886.80
9.523174,852.52
9.533178,1028.93
9.543181,989.81
9.553184,1082.26
9.563188,1071.13
9.573191,1099.38
9.583194,1122.41
9.593198,1128.39
9.603201,1144.87
9.613204,1180.51
9.623208,1119.75
9.633211,1135.84
9.643214,1080.97
9.653218,1137.21
9.663221,1005.92
9.673224,1099.21
9.683228,971.64
9.693231,861.82
9.703234,894.91
9.713238,805.25
9.723241,828.06
9.733244,696.30
9.743248,646.00
9.753251,510.01
9.763254,515.17
9.773258,347.35
9.783261,317.94
9.793264,361.95
9.803268,288.59
9.813271,194.91
9.823274,48.98
9.833278,18.39
9.843281,-55.80
9.853284,-189.38
9.863288,-131.18
9.873291,-236.05
9.883294,-362.81
9.893298,-420.17
9.903301,-478.40
9.913304,-655.41
9.923308,-627.05
9.933311,-706.72
9.943314,-776.89
9.953318,-791.03
9.963321,-732.97
9.973324,-832.20
9.983328,-929.46
9.993331,-904.05
10.003334,-889.42
10.013338,-934.70
10.023341,-994.20
10.033344,-1040.44
10.043348,-978.69
10.053351,-994.02
10.063354,-963.64
10.073358,-966.00
10.083361,-929.37
10.093364,-987.52
10.103368,-868.76
10.113371,-893.73
10.123374,-764.13
10.133378,-862.14
10.143381,-696.41
10.153384,-724.84
10.163388,-715.11
10.173391,-651.11
10.183394,-584.20
10.193398,-485.45
10.203401,-416.58
10.213404,-405.39
10.223408,-310.21
10.233411,-132.85
10.243414,-83.64
10.253418,-77.71
10.263421,-27.00
10.273424,47.47
10.283428,141.86
10.293431,128.71
10.303434,234.22
10.313438,229.09
10.323441,395.73
10.333444,468.85
10.343448,470.17
10.353451,627.67
10.363454,538.81
10.373458,574.21
10.383461,701.91
10.393464,781.98
10.403468,848.22
10.413471,770.74
10.423474,872.36
10.433478,836.18
10.443481,843.98
10.453484,906.03
10.463488,898.36
10.473491,785.46
10.483494,931.26
10.493498,914.26
10.503501,796.50
10.513505,824.89
10.523508,802.03
10.533511,757.62
10.543515,679.55
10.553518,631.35
10.563521,617.15
10.573525,626.41
10.583528,540.43
10.593531,436.59
10.603535,432.30
10.613538,186.91
10.623541,319.77
10.633545,106.07
10.643548,103.75
10.653551,-6.83
10.663555,-89.45
10.673558,-41.30
10.683561,-197.72
10.693565,-231.96
10.703568,-326.15
10.713571,-373.64
10.723575,-466.12
10.733578,-604.98
10.743581,-559.90
10.753585,-700.94
10.763588,-817.93
10.773591,-822.30
10.783595,-783.30
10.793598,-869.60
10.803601,-979.36
10.813605,-1024.99
10.823608,-1064.75
10.833611,-981.30
10.843615,-1097.64
10.853618,-1121.80
10.863621,-1113.18
10.873625,-1168.85
10.883628,-1204.47
10.893631,-1206.64
10.903635,-1200.26
10.913638,-1192.94
10.923641,-1143.68
10.933645,-1161.10
10.943648,-1105.43
10.953651,-1119.32
10.963655,-1079.58
10.973658,-1146.82
10.983661,-959.86
10.993665,-942.71
11.003668,-860.34
11.013671,-1001.37
11.023675,-694.86
11.033678,-745.69
11.043681,-619.77
11.053685,-661.02
11.063688,-509.97
11.073691,-522.96
11.083695,-429.65
11.093698,-229.80
11.103701,-261.33
11.113705,-166.88
11.123708,-60.26
11.133711,-5.44
11.143715,49.99
11.153718,132.17
11.163721,303.93
11.173725,248.73
11.183728,327.16
11.193731,432.43
11.203735,494.93
11.213738,555.40
11.223741,580.73
11.233745,540.45
11.243748,723.89
11.253751,625.08
11.263755,733.08
11.273758,710.96
11.283761,771.20
11.293765,811.46
11.303768,826.49
11.313771,841.62
11.323775,905.97
11.333778,847.36
11.343781,806.52
11.353785,855.66
11.363788,850.43
11.373791,707.92
11.383795,772.51
11.393798,746.16
11.403801,660.01
11.413805,702.98
11.423808,581.75
11.433811,546.59
11.443815,479.00
11.453818,432.34
11.463821,317.54
11.473825,238.37
11.483828,325.68
11.493831,137.10
11.503835,61.68
11.513838,-65.95
11.523841,-60.70
11.533845,-165.93
11.543848,-88.84
11.553851,-191.37
11.563855,-346.55
11.573858,-268.76
11.583861,-400.12
11.593865,-531.47
11.603868,-704.05
11.613871,-525.86
11.623875,-768.33
11.633878,-836.37
11.643881,-754.70
11.653885,-731.77
11.663888,-828.38
11.673891,-908.91
11.683895,-942.32
11.693898,-959.57
11.703901,-989.55
11.713905,-1033.59
11.723908,-1057.38
11.733911,-1075.35
11.743915,-1114.17
11.753918,-1089.35
11.763921,-1153.38
11.773925,-1061.66
11.783928,-1088.83
11.793931,-1071.96
11.803935,-980.01
11.813938,-886.58
11.823941,-872.58
11.833945,-954.65
11.843948,-878.77
11.853951,-731.17
11.863955,-772.29
11.873958,-675.66
11.883961,-574.80
11.893965,-585.53
11.903968,-463.92
11.913971,-465.59
11.923975,-356.63
11.933978,-236.61
11.943981,-257.02
11.953985,-79.26
11.963988,-25.70
11.973991,79.55
11.983995,139.44
11.993998,272.05
12.004001,284.59
12.014005,329.84
12.024008,428.54
12.034011,518.46
12.044015,560.01
12.054018,622.92
12.064021,645.84
12.074025,704.28
12.084028,719.90
12.094031,925.99
12.104035,820.42
12.114038,887.46
12.124041,920.88
12.134045,1031.27
12.144048,996.38
12.154051,1092.88
12.164055,1010.87
12.174058,1067.16
12.184061,1014.69
12.194065,1161.55
12.204068,987.36
12.214071,1049.34
12.224075,1047.40
12.234078,1013.13
12.244081,954.91
12.254085,924.59
12.264088,895.55
12.274091,843.88
12.284095,853.12
12.294098,865.24
12.304101,673.00
12.314105,575.24
12.324108,579.18
12.334111,649.79
12.344115,415.54
12.354118,470.66
12.364121,404.01
12.374125,222.70
12.384128,208.30
12.394131,190.36
12.404135,19.08
12.414138,-42.65
12.424141,-131.25
12.434145,-221.41
12.444148,-270.08
12.454151,-363.80
12.464155,-363.57
12.474158,-463.79
12.484161,-470.62
12.494165,-613.81
12.504168,-569.55
12.514171,-590.59
12.524175,-773.97
12.534178,-693.20
12.544181,-683.51
12.554185,-833.57
12.564188,-712.68
12.574191,-793.48
12.584195,-862.59
12.594198,-837.75
12.604201,-809.32
12.614205,-830.35
12.624208,-798.76
12.634211,-857.97
12.644215,-784.45
12.654218,-839.42
12.664221,-745.08
12.674225,-750.60
12.684228,-703.36
12.694231,-561.45
12.704235,-521.07
12.714238,-493.53
12.724241,-523.19
12.734245,-425.52
12.744248,-287.00
12.754251,-275.70
12.764255,-99.47
12.774258,-126.30
12.784261,-65.12
12.794265,-17.57
12.804268,78.16
12.814271,138.06
12.824275,255.49
12.834278,342.12
12.844281,328.59
12.854285,373.95
12.864288,419.94
12.874291,606.64
12.884295,593.43
12.894298,605.81
12.904301,794.91
12.914305,958.99
12.924308,889.40
12.934311,983.21
12.944315,992.90
12.954318,1027.06
12.964321,1116.62
12.974325,1090.04
12.984328,1146.88
12.994331,1173.46
13.004335,1142.61
13.014338,1238.92
13.024341,1188.49
13.034345,1161.92
13.044348,1223.55
13.054351,1143.38
13.064355,1175.90
13.074358,1154.90
13.084361,1185.29
13.094365,1125.28
13.104368,1065.91
13.114371,1068.91
13.124375,1053.86
13.134378,964.26
13.144381,884.85
13.154385,762.92
13.164388,715.97
13.174391,691.52
13.184395,611.03
13.194398,564.40
13.204401,506.71
13.214405,458.74
13.224408,355.75
13.234411,309.65
13.244415,214.01
13.254418,37.30
13.264421,14.60
13.274425,-19.52
13.284428,-145.69
13.294431,-126.71
13.304435,-149.89
13.314438,-233.07
13.324441,-369.77
13.334445,-346.81
13.344448,-472.99
13.354451,-552.87
13.364455,-618.51
13.374458,-650.74
13.384461,-698.51
13.394465,-709.54
13.404468,-744.27
13.414471,-781.49
13.424475,-784.10
13.434478,-765.54
13.444481,-791.47
13.454485,-921.74
13.464488,-978.37
13.474491,-801.78
13.484495,-909.31
13.494498,-839.39
13.504502,-868.63
13.514505,-877.08
13.524508,-731.81
13.534512,-688.02
13.544515,-717.29
13.554518,-776.10
13.564522,-627.78
13.574525,-530.91
13.584528,-570.85
13.594532,-430.84
13.604535,-380.88
13.614538,-288.60
13.624542,-246.74
13.634545,-234.58
13.644548,-57.74
13.654552,-55.96
13.664555,20.93
13.674558,46.36
13.684562,141.59
13.694565,189.85
13.704568,294.99
13.714572,457.59
13.724575,370.22
13.734578,423.00
13.744582,639.79
13.754585,615.67
13.764588,649.59
13.774592,788.63
13.784595,756.31
13.794598,923.95
13.804602,908.42
13.814605,887.59
13.824608,1052.68
13.834612,942.54
13.844615,1032.94
13.854618,1028.67
13.864622,1091.43
13.874625,1111.72
13.884628,1037.16
13.894632,994.39
13.904635,1046.15
13.914638,974.99
13.924642,1089.95
13.934645,971.28
13.944648,916.26
13.954652,908.87
13.964655,792.60
13.974658,767.10
13.984662,827.06
13.994665,681.43
14.004668,605.32
14.014672,624.32
14.024675,593.35
14.034678,503.65
14.044682,448.57
14.054685,289.75
14.064688,183.48
14.074692,255.12
14.084695,88.32
14.094698,15.61
14.104702,17.95
14.114705,-97.16
14.124708,-178.20
14.134712,-167.89
14.144715,-382.18
14.154718,-375.81
14.164722,-489.53
14.174725,-546.72
14.184728,-548.75
14.194732,-661.72
14.204735,-718.74
14.214738,-746.86
14.224742,-869.58
14.234745,-939.90
14.244748,-992.30
14.254752,-1075.80
14.264755,-907.22
14.274758,-1092.69
14.284762,-1070.92
14.294765,-1090.74
14.304768,-1073.21
14.314772,-1054.06
14.324775,-1052.67
14.334778,-1120.27
14.344782,-1089.52
14.354785,-1051.77
14.364788,-1057.85
14.374792,-939.48
14.384795,-964.78
14.394798,-917.31
14.404802,-881.08
14.414805,-811.39
14.424808,-812.77
14.434812,-834.62
14.444815,-694.24
14.454818,-688.04
14.464822,-620.29
14.474825,-500.40
14.484828,-401.51
14.494832,-394.26
14.504835,-310.38
14.514838,-170.17
14.524842,-172.08
14.534845,17.38
14.544848,-13.19
14.554852,-58.81
14.564855,136.64
14.574858,186.44
14.584862,298.56
14.594865,332.34
14.604868,353.93
14.614872,359.01
14.624875,466.03
14.634878,486.78
14.644882,549.37
14.654885,652.92
14.664888,747.82
14.674892,720.41
14.684895,672.55
14.694898,781.38
14.704902,840.76
14.714905,767.08
14.724908,802.27
14.734912,815.79
14.744915,776.55
14.754918,843.59
14.764922,795.16
14.774925,806.93
14.784928,721.11
14.794932,718.03
14.804935,745.46
14.814938,655.32
14.824942,720.30
14.834945,569.54
14.844948,552.14
14.854952,535.00
14.864955,361.27
14.874958,284.62
14.884962,233.82
14.894965,307.99
14.904968,149.68
14.914972,235.62
14.924975,8.33
14.934978,-26.63
14.944982,-31.97
14.954985,-82.44
14.964988,-153.37
14.974992,-269.37
14.984995,-351.18
14.994998,-444.21
15.005002,-504.85
15.015005,-639.34
15.025008,-718.43
15.035012,-740.80
15.045015,-809.27
15.055018,-880.26
15.065022,-876.01
15.075025,-912.39
15.085028,-1000.90
15.095032,-972.20
15.105035,-1139.28
15.115038,-1123.17
15.125042,-1175.61
15.135045,-1254.23
15.145048,-1180.91
15.155052,-1193.37
15.165055,-1116.71
15.175058,-1160.49
15.185062,-1237.43
15.195065,-1082.29
15.205068,-1097.35
15.215072,-1107.42
15.225075,-1120.81
15.235078,-1125.38
15.245082,-1059.08
15.255085,-944.43
15.265088,-858.58
15.275092,-825.39
15.285095,-872.79
15.295098,-846.47
15.305102,-722.23
15.315105,-753.46
15.325108,-581.96
15.335112,-536.24
15.345115,-480.94
15.355118,-464.56
15.365122,-285.13
15.375125,-262.62
15.385128,-219.23
15.395132,-229.08
15.405135,-11.95
15.415138,152.16
15.425142,219.56
15.435145,185.05
15.445148,247.28
15.455152,368.02
15.465155,359.22
15.475158,485.80
15.485162,567.28
15.495165,644.99
15.505168,629.41
15.515172,670.86
15.525175,679.37
15.535178,719.55
15.545182,782.39
15.555185,839.93
15.565188,889.99
15.575192,821.69
15.585195,948.72
15.595198,867.41
15.605202,881.41
15.615205,841.26
15.625208,748.21
15.635212,899.16
15.645215,872.15
15.655218,796.54
15.665222,784.33
15.675225,772.42
15.685228,629.59
15.695232,638.05
15.705235,656.93
15.715238,503.43
15.725242,526.23
15.735245,385.94
15.745248,416.44
15.755252,328.16
15.765255,183.83
15.775258,255.67
15.785262,92.13
15.795265,18.74
15.805268,-0.98
15.815272,-24.09
15.825275,-202.68
15.835278,-218.63
15.845282,-269.16
15.855285,-323.52
15.865288,-415.21
15.875292,-506.18
15.885295,-590.56
15.895298,-603.44
15.905302,-716.81
15.915305,-861.29
15.925308,-741.68
15.935312,-762.60
15.945315,-965.97
15.955318,-933.84
15.965322,-883.22
15.975325,-837.24
15.985328,-959.98
15.995332,-1013.15
16.005335,-996.35
16.015338,-923.57
16.025342,-1024.34
16.035345,-1026.32
16.045348,-999.43
16.055352,-1006.54
16.065355,-931.05
16.075358,-829.10
16.085362,-862.27
16.095365,-854.26
16.105368,-814.74
16.115372,-832.33
16.125375,-659.76
16.135378,-653.55
16.145382,-600.70
16.155385,-370.61
16.165388,-450.79
16.175392,-436.01
16.185395,-349.99
16.195398,-199.43
16.205402,-177.66
16.215405,-180.40
16.225408,13.24
16.235412,10.18
16.245415,213.69
16.255418,250.21
16.265422,249.36
16.275425,410.25
16.285428,422.62
16.295432,533.08
16.305435,583.70
16.315438,583.62
16.325442,657.34
16.335445,801.38
16.345448,789.97
16.355452,839.52
16.365455,860.85
16.375458,974.33
16.385462,1096.25
16.395465,974.93
16.405468,1059.75
16.415472,1154.27
16.425475,1099.56
16.435478,1140.73
16.445482,1074.16
16.455485,1152.44
16.465488,1119.98
16.475492,1171.51
16.485495,1169.12
16.495498,1221.47
16.505502,1098.03
16.515505,1057.36
16.525509,1017.93
16.535512,953.00
16.545515,945.55
16.555519,867.59
16.565522,840.53
16.575525,844.04
16.585529,670.49
16.595532,717.39
16.605535,663.10
16.615539,525.79
16.625542,358.03
16.635545,364.51
16.645549,389.27
16.655552,251.91
16.665555,131.24
16.675559,84.03
16.685562,79.67
16.695565,-5.95
16.705569,-115.06
16.715572,-189.80
16.725575,-257.53
16.735579,-348.33
16.745582,-283.12
16.755585,-438.78
16.765589,-417.33
16.775592,-454.11
16.785595,-528.40
16.795599,-643.95
16.805602,-641.88
16.815605,-698.42
16.825609,-772.78
16.835612,-736.84
16.845615,-832.40
16.855619,-729.27
16.865622,-821.82
16.875625,-793.15
16.885629,-788.30
16.895632,-809.32
16.905635,-755.62
16.915639,-792.02
16.925642,-702.86
16.935645,-786.81
16.945649,-681.36
16.955652,-554.16
16.965655,-660.00
16.975659,-598.42
16.985662,-489.31
16.995665,-452.68
17.005669,-387.25
17.015672,-320.23
17.025675,-249.96
17.035679,-160.67
17.045682,-127.92
17.055685,-90.90
17.065689,25.81
17.075692,159.27
17.085695,130.42
17.095699,161.38
17.105702,338.40
17.115705,349.45
17.125709,318.35
17.135712,539.58
17.145715,538.98
17.155719,627.71
17.165722,712.91
17.175725,767.14
17.185729,851.29
17.195732,848.83
17.205735,947.32
17.215739,955.74
17.225742,1048.45
17.235745,1080.57
17.245749,1036.61
17.255752,1166.36
17.265755,1108.88
17.275759,1194.50
17.285762,1185.58
17.295765,1266.87
17.305769,1166.10
17.315772,1156.67
17.325775,1164.59
17.335779,1136.42
17.345782,1172.27
17.355785,1026.91
17.365789,1025.38
17.375792,990.05
17.385795,1051.55
17.395799,1045.58
17.405802,906.49
17.415805,850.84
17.425809,806.52
17.435812,801.33
17.445815,633.86
17.455819,626.24
17.465822,594.65
17.475825,500.32
17.485829,412.31
17.495832,379.02
17.505835,118.89
17.515839,212.39
17.525842,69.97
17.535845,-64.52
17.545849,-22.56
17.555852,-53.63
17.565855,-202.06
17.575859,-218.70
17.585862,-254.82
17.595865,-336.34
17.605869,-383.95
17.615872,-489.59
17.625875,-580.24
17.635879,-717.69
17.645882,-699.48
17.655885,-774.66
17.665889,-664.78
17.675892,-818.25
17.685895,-834.55
17.695899,-839.36
17.705902,-885.82
17.715905,-819.05
17.725909,-945.41
17.735912,-909.64
17.745915,-956.21
17.755919,-979.43
17.765922,-933.04
17.775925,-888.08
17.785929,-886.32
17.795932,-873.08
17.805935,-877.53
17.815939,-775.45
17.825942,-806.15
17.835945,-648.30
17.845949,-633.60
17.855952,-658.32
17.865955,-545.23
17.875959,-508.62
17.885962,-393.55
17.895965,-278.59
17.905969,-373.44
17.915972,-206.34
17.925975,-151.21
17.935979,-39.87
17.945982,7.50
17.955985,29.62
17.965989,121.35
17.975992,166.90
17.985995,328.82
17.995999,342.94
18.006002,501.95
18.016005,466.66
18.026009,494.52
18.036012,511.59
18.046015,551.22
18.056019,612.73
18.066022,752.02
18.076025,806.73
18.086029,740.52
18.096032,898.04
18.106035,858.09
18.116039,913.59
18.126042,1005.78
18.136045,983.73
18.146049,933.88
18.156052,905.82
18.166055,840.47
18.176059,904.39
18.186062,916.72
18.196065,859.53
18.206069,878.72
18.216072,860.40
18.226075,811.62
18.236079,751.86
18.246082,749.68
18.256085,715.83
18.266089,587.55
18.276092,657.06
18.286095,522.42
18.296099,465.84
18.306102,434.87
18.316105,343.05
18.326109,308.70
18.336112,203.13
18.346115,84.34
18.356119,58.07
18.366122,-92.92
18.376125,-106.40
18.386129,-189.55
18.396132,-273.94
18.406135,-344.77
18.416139,-506.04
18.426142,-511.39
18.436145,-549.33
18.446149,-613.67
18.456152,-738.03
18.466155,-685.32
18.476159,-850.51
18.486162,-813.67
18.496165,-891.77
18.506169,-992.22
18.516172,-913.47
18.526175,-1099.58
18.536179,-1026.74
18.546182,-1050.43
18.556185,-1156.59
18.566189,-1070.76
18.576192,-1164.84
18.586195,-1144.44
18.596199,-1146.96
18.606202,-1162.35
18.616205,-1105.34
18.626209,-1091.11
18.636212,-1197.87
18.646215,-1019.75
18.656219,-1137.62
18.666222,-967.58
18.676225,-922.97
18.686229,-989.57
18.696232,-907.12
18.706235,-889.55
18.716239,-789.11
18.726242,-734.59
18.736245,-618.08
18.746249,-526.82
18.756252,-455.57
18.766255,-484.59
18.776259,-396.57
18.786262,-398.80
18.796265,-282.70
18.806269,-121.62
18.816272,-16.60
18.826275,-87.08
18.836279,16.18
18.846282,114.40
18.856285,198.01
18.866289,209.81
18.876292,335.42
18.886295,351.74
18.896299,432.89
18.906302,515.73
18.916305,539.89
18.926309,564.96
18.936312,624.31
18.946315,663.95
18.956319,683.81
18.966322,718.49
18.976325,835.49
18.986329,802.63
18.996332,773.60
19.006335,831.73
19.016339,783.36
19.026342,856.52
19.036345,808.81
19.046349,772.13
19.056352,781.81
19.066355,657.68
19.076359,651.68
19.086362,615.27
19.096365,644.39
19.106369,681.67
19.116372,660.19
19.126375,530.12
19.136379,469.15
19.146382,296.54
19.156385,298.84
19.166389,223.21
19.176392,165.77
19.186395,120.56
19.196399,35.83
19.206402,-110.37
19.216405,-45.76
19.226409,-209.07
19.236412,-215.88
19.246415,-196.27
19.256419,-417.41
19.266422,-568.36
19.276425,-525.11
19.286429,-522.90
19.296432,-544.97
19.306435,-766.75
19.316439,-739.93
19.326442,-844.30
19.336445,-879.06
19.346449,-790.43
19.356452,-1042.59
19.366455,-995.19
19.376459,-1020.34
19.386462,-1020.50
19.396465,-1095.99
19.406469,-1106.48
19.416472,-1157.22
19.426475,-1134.61
19.436479,-1170.25
19.446482,-1121.61
19.456485,-1165.32
19.466489,-1116.71
19.476492,-1120.39
19.486495,-1040.69
19.496499,-1072.44
19.506502,-1126.35
19.516506,-937.55
19.526509,-1004.18
19.536512,-945.34
19.546516,-891.95
19.556519,-738.97
19.566522,-856.30
19.576526,-531.05
19.586529,-570.48
19.596532,-544.71
19.606536,-488.82
19.616539,-399.97
19.626542,-314.71
19.636546,-233.75
19.646549,-162.60
19.656552,-109.78
19.666556,-47.92
19.676559,30.28
19.686562,103.29
19.696566,243.81
19.706569,289.41
19.716572,183.45
19.726576,431.78
19.736579,474.65
19.746582,526.98
19.756586,568.23
19.766589,700.05
19.776592,743.55
19.786596,705.75
19.796599,808.60
19.806602,778.93
19.816606,793.02
19.826609,860.20
19.836612,959.09
19.846616,982.85
19.856619,974.77
19.866622,993.94
19.876626,986.66
19.886629,926.56
19.896632,972.64
19.906636,978.17
19.916639,957.75
19.926642,956.26
19.936646,904.04
19.946649,853.21
19.956652,851.56
19.966656,754.75
19.976659,665.87
19.986662,651.82
19.996666,569.15
20.006669,515.77
20.016672,482.48
20.026676,387.64
20.036679,347.16
20.046682,201.27
20.056686,238.48
20.066689,158.60
20.076692,47.67
20.086696,51.11
20.096699,-5.31
20.106702,-202.46
20.116706,-229.29
20.126709,-297.45
20.136712,-372.23
20.146716,-348.02
20.156719,-461.10
20.166722,-523.87
20.176726,-667.03
20.186729,-587.92
20.196732,-730.86
20.206736,-711.18
20.216739,-741.40
20.226742,-723.89
20.236746,-889.39
20.246749,-1002.11
20.256752,-864.15
20.266756,-800.39
20.276759,-840.31
20.286762,-898.30
20.296766,-934.54
20.306769,-865.39
20.316772,-944.83
20.326776,-857.41
20.336779,-835.76
20.346782,-782.66
20.356786,-667.27
20.366789,-750.31
20.376792,-755.33
20.386796,-686.60
20.396799,-724.91
20.406802,-618.29
20.416806,-547.35
20.426809,-492.94
20.436812,-395.81
20.446816,-378.40
20.456819,-212.59
20.466822,-197.87
20.476826,-125.82
20.486829,-67.84
20.496832,31.21
20.506836,140.20
20.516839,131.29
20.526842,217.25
20.536846,309.88
20.546849,331.70
20.556852,430.58
20.566856,518.52
20.576859,654.71
20.586862,690.30
20.596866,750.18
20.606869,843.21
20.616872,850.47
20.626876,929.76
20.636879,953.90
20.646882,1016.85
20.656886,1014.41
20.666889,956.82
20.676892,1102.32
20.686896,1205.36
20.696899,1200.49
20.706902,1217.09
20.716906,1239.87
20.726909,1186.31
20.736912,1190.10
20.746916,1142.27
20.756919,1144.89
20.766922,1173.70
20.776926,1180.11
20.786929,1084.86
20.796932,1036.31
20.806936,1021.09
20.816939,1008.84
20.826942,860.00
20.836946,766.75
20.846949,799.63
20.856952,708.25
20.866956,682.86
20.876959,637.03
20.886962,555.45
20.896966,582.31
20.906969,455.87
20.916972,383.04
20.926976,326.65
20.936979,165.54
20.946982,201.21
20.956986,72.46
20.966989,37.38
20.976992,-121.12
20.986996,-215.20
20.996999,-164.82
21.007002,-252.96
21.017006,-380.45
21.027009,-439.55
21.037012,-397.35
21.047016,-567.16
21.057019,-475.85
21.067022,-649.27
21.077026,-614.27
21.087029,-700.07
21.097032,-686.20
21.107036,-771.40
21.117039,-775.13
21.127042,-782.57
21.137046,-847.11
21.147049,-767.02
21.157052,-831.44
21.167056,-813.57
21.177059,-842.88
21.187062,-907.02
21.197066,-769.01
21.207069,-614.29
21.217072,-666.20
21.227076,-672.12
21.237079,-645.43
21.247082,-587.91
21.257086,-514.29
21.267089,-549.43
21.277092,-379.81
21.287096,-341.61
21.297099,-280.36
21.307102,-230.60
21.317106,-185.52
21.327109,-84.92
21.337112,-19.49
21.347116,3.85
21.357119,64.27
21.367122,169.82
21.377126,313.92
21.387129,245.84
21.397132,304.92
21.407136,455.83
21.417139,517.85
21.427142,589.71
21.437146,656.65
21.447149,694.01
21.457152,837.36
21.467156,737.17
21.477159,826.49
21.487162,909.51
21.497166,875.08
21.507169,986.57
21.517172,1111.90
21.527176,1058.48
21.537179,1092.56
21.547182,1036.45
21.557186,1081.81
21.567189,1101.68
21.577192,1106.96
21.587196,1183.90
21.597199,1139.24
21.607202,1041.93
21.617206,1090.63
21.627209,1078.78
21.637212,1081.32
21.647216,1068.79
21.657219,899.66
21.667222,865.91
21.677226,795.24
21.687229,793.93
21.697232,772.60
21.707236,738.73
21.717239,622.37
21.727242,544.04
21.737246,498.88
21.747249,378.56
21.757252,451.94
21.767256,192.74
21.777259,206.91
21.787262,222.69
21.797266,45.36
21.807269,-40.88
21.817272,-125.18
21.827276,-191.39
21.837279,-187.52
21.847282,-438.90
21.857286,-321.76
21.867289,-537.38
21.877292,-544.52
21.887296,-614.60
21.897299,-622.26
21.907302,-786.46
21.917306,-734.34
21.927309,-702.91
21.937312,-914.49
21.947316,-874.37
21.957319,-949.62
21.967322,-922.87
21.977326,-965.70
21.987329,-1015.95
21.997332,-971.37
22.007336,-912.05
22.017339,-1012.90
22.027342,-963.07
22.037346,-1054.06
22.047349,-1022.28
22.057352,-930.70
22.067356,-854.91
22.077359,-881.22
22.087362,-879.80
22.097366,-824.81
22.107369,-843.61
22.117372,-703.14
22.127376,-637.74
22.137379,-649.48
22.147382,-592.22
22.157386,-494.44
22.167389,-466.09
22.177392,-381.94
22.187396,-206.27
22.197399,-254.85
22.207402,-190.66
22.217406,-134.76
22.227409,5.40
22.237412,29.51
22.247416,75.89
22.257419,243.25
22.267422,315.62
22.277426,280.33
22.287429,280.62
22.297432,485.45
22.307436,459.15
22.317439,588.08
22.327442,501.75
22.337446,692.84
22.347449,631.58
22.357452,768.33
22.367456,767.65
22.377459,749.68
22.387462,802.58
22.397466,877.76
22.407469,864.09
22.417472,898.11
22.427476,972.48
22.437479,794.85
22.447482,947.95
22.457486,860.98
22.467489,794.20
22.477492,750.76
22.487496,780.85
22.497499,804.42
22.507503,715.17
22.517506,755.68
22.527509,561.71
22.537513,583.62
22.547516,467.63
22.557519,490.81
22.567523,456.01
22.577526,326.63
22.587529,150.77
22.597533,221.90
22.607536,162.78
22.617539,88.55
22.627543,56.30
22.637546,-133.71
22.647549,-121.24
22.657553,-170.76
22.667556,-394.09
22.677559,-363.20
22.687563,-477.26
22.697566,-527.47
22.707569,-575.44
22.717573,-684.33
22.727576,-758.27
22.737579,-784.31
22.747583,-898.61
22.757586,-953.16
22.767589,-915.62
22.777593,-1053.57
22.787596,-1004.95
22.797599,-1052.64
22.807603,-1194.72
22.817606,-1169.96
22.827609,-1098.88
22.837613,-1224.88
22.847616,-1210.92
22.857619,-1171.06
22.867623,-1156.01
22.877626,-1203.31
22.887629,-1210.75
22.897633,-1094.52
22.907636,-1058.19
22.917639,-1070.51
22.927643,-1084.47
22.937646,-1093.58
22.947649,-1054.46
22.957653,-942.13
22.967656,-898.44
22.977659,-796.46
22.987663,-777.54
22.997666,-825.39
23.007669,-634.79
23.017673,-671.75
23.027676,-573.18
23.037679,-471.65
23.047683,-312.96
23.057686,-184.63
23.067689,-236.36
23.077693,-202.02
23.087696,-92.27
23.097699,-1.13
23.107703,11.17
23.117706,188.51
23.127709,180.25
23.137713,261.71
23.147716,335.90
23.157719,386.83
23.167723,467.87
23.177726,451.93
23.187729,508.15
23.197733,530.44
23.207736,652.66
23.217739,710.49
23.227743,730.68
23.237746,822.97
23.247749,765.47
23.257753,820.60
23.267756,748.78
23.277759,794.93
23.287763,854.65
23.297766,862.55
23.307769,800.27
23.317773,800.94
23.327776,712.92
23.337779,750.10
23.347783,786.56
23.357786,740.01
23.367789,700.76
23.377793,638.19
23.387796,591.73
23.397799,509.99
23.407803,525.81
23.417806,456.30
23.427809,401.06
23.437813,288.53
23.447816,143.03
23.457819,239.28
23.467823,92.44
23.477826,3.80
23.487829,11.17
23.497833,-114.17
23.507836,-112.86
23.517839,-206.11
23.527843,-273.32
23.537846,-445.37
23.547849,-384.69
23.557853,-498.71
23.567856,-594.62
23.577859,-630.90
23.587863,-785.97
23.597866,-732.68
23.607869,-857.07
23.617873,-921.97
23.627876,-975.15
23.637879,-883.80
23.647883,-1006.78
23.657886,-929.79
23.667889,-1059.50
23.677893,-1139.26
23.687896,-1125.69
23.697899,-1018.75
23.707903,-1093.65
23.717906,-1113.16
23.727909,-1072.22
23.737913,-1044.19
23.747916,-997.10
23.757919,-958.95
23.767923,-1022.57
23.777926,-1039.03
23.787929,-956.64
23.797933,-881.47
23.807936,-896.67
23.817939,-846.07
23.827943,-726.72
23.837946,-688.30
23.847949,-622.73
23.857953,-597.67
23.867956,-503.85
23.877959,-468.67
23.887963,-305.99
23.897966,-225.07
23.907969,-294.14
23.917973,-172.36
23.927976,-124.22
23.937979,-5.25
23.947983,99.47
23.957986,106.91
23.967989,208.02
23.977993,277.20
23.987996,409.24
23.997999,471.65
24.008003,498.87
24.018006,607.69
24.028009,632.20
24.038013,703.12
24.048016,853.73
24.058019,886.35
24.068023,799.28
24.078026,946.12
24.088029,980.81
24.098033,913.50
24.108036,1037.43
24.118039,1093.76
24.128043,975.79
24.138046,995.73
24.148049,1096.77
24.158053,1058.33
24.168056,1065.80
24.178059,1043.38
24.188063,1028.75
24.198066,920.60
24.208069,1011.99
24.218073,985.93
24.228076,879.15
24.238079,847.17
24.248083,727.29
24.258086,780.11
24.268089,729.87
24.278093,641.67
24.288096,641.46
24.298099,506.29
24.308103,486.61
24.318106,340.78
24.328109,322.35
24.338113,245.34
24.348116,195.00
24.358119,94.47
24.368123,35.54
24.378126,12.91
24.388129,-120.01
24.398133,-247.15
24.408136,-146.49
24.418139,-230.17
24.428143,-426.87
24.438146,-388.19
24.448149,-505.30
24.458153,-521.19
24.468156,-570.30
24.478159,-643.52
24.488163,-713.67
24.498166,-747.31
24.508169,-792.33
24.518173,-817.07
24.528176,-802.85
24.538179,-854.21
24.548183,-798.06
24.558186,-766.25
24.568189,-872.74
24.578193,-829.52
24.588196,-808.90
24.598199,-797.34
24.608203,-798.94
24.618206,-742.21
24.628209,-726.78
24.638213,-779.40
24.648216,-635.94
24.658219,-592.36
24.668223,-627.89
24.678226,-536.74
24.688229,-449.58
24.698233,-435.79
24.708236,-310.03
24.718239,-180.96
24.728243,-271.37
24.738246,-231.85
24.748249,-76.51
24.758253,16.93
24.768256,42.91
24.778259,201.40
24.788263,136.36
24.798266,312.36
24.808269,321.33
24.818273,510.58
24.828276,595.93
24.838279,527.97
24.848283,606.76
24.858286,742.72
24.868289,743.12
24.878293,819.83
24.888296,879.56
24.898299,834.77
24.908303,978.51
24.918306,988.89
24.928309,1038.39
24.938313,1170.17
24.948316,1065.20
24.958319,1193.66
24.968323,1158.81
24.978326,1173.23
24.988329,1235.81
24.998333,1216.93
25.008336,1226.64
25.018339,1239.25
25.028343,1161.61
25.038346,1129.56
25.048349,1082.66
25.058353,1067.28
25.068356,1222.68
25.078359,1099.34
25.088363,926.86
25.098366,881.24
25.108369,920.30
25.118373,868.59
25.128376,810.16
25.138379,708.23
25.148383,650.09
25.158386,605.59
25.168389,524.13
25.178393,337.71
25.188396,364.58
25.198399,259.86
25.208403,236.89
25.218406,302.84
25.228409,97.53
25.238413,-10.39
25.248416,-21.57
25.258419,-115.15
25.268423,-188.20
25.278426,-246.71
25.288429,-239.65
25.298433,-461.66
25.308436,-440.96
25.318439,-567.07
25.328443,-545.36
25.338446,-667.46
25.348449,-686.53
25.358453,-720.08
25.368456,-691.51
25.378459,-724.49
25.388463,-857.79
25.398466,-812.71
25.408469,-865.64
25.418473,-902.47
25.428476,-854.43
25.438479,-857.67
25.448483,-714.23
25.458486,-801.93
25.468489,-875.25
25.478493,-812.28
25.488496,-705.64
25.498499,-620.13
25.508503,-767.04
25.518506,-740.49
25.528510,-507.50
25.538513,-532.18
25.548516,-542.02
25.558520,-415.45
25.568523,-514.49
25.578526,-320.34
25.588530,-239.56
25.598533,-143.18
25.608536,-171.89
25.618540,-47.47
25.628543,-27.72
25.638546,102.09
25.648550,115.40
25.658553,210.29
25.668556,250.70
25.678560,401.74
25.688563,479.30
25.698566,489.97
25.708570,566.69
25.718573,552.83
25.728576,667.82
25.738580,734.57
25.748583,918.83
25.758586,779.03
25.768590,950.56
25.778593,965.53
25.788596,963.46
25.798600,1066.31
25.808603,1020.96
25.818606,1040.68
25.828610,1032.20
25.838613,1104.35
25.848616,1100.93
25.858620,1012.35
25.868623,969.79
25.878626,1012.32
25.888630,963.86
25.898633,976.84
25.908636,1012.90
25.918640,894.18
25.928643,876.10
25.938646,837.70
25.948650,829.37
25.958653,622.58
25.968656,648.66
25.978660,630.02
25.988663,616.60
25.998666,466.15
26.008670,328.41
26.018673,382.43
26.028676,246.95
26.038680,144.95
26.048683,97.77
26.058686,43.54
26.068690,-54.08
26.078693,-210.71
26.088696,-131.75
26.098700,-188.22
26.108703,-293.54
26.118706,-455.57
26.128710,-479.37
26.138713,-537.89
26.148716,-573.22
26.158720,-632.32
26.168723,-761.67
26.178726,-776.44
26.188730,-809.32
26.198733,-806.85
26.208736,-887.42
26.218740,-921.55
26.228743,-990.32
26.238746,-952.49
26.248750,-1025.87
26.258753,-1107.49
26.268756,-1007.01
26.278760,-1049.62
26.288763,-1108.57
26.298766,-1106.89
26.308770,-1059.19
26.318773,-1036.64
26.328776,-1030.48
26.338780,-1000.21
26.348783,-901.24
26.358786,-898.33
26.368790,-903.46
26.378793,-822.63
26.388796,-873.91
26.398800,-751.11
26.408803,-625.71
26.418806,-669.00
26.428810,-639.46
26.438813,-566.09
26.448816,-522.15
26.458820,-439.22
26.468823,-349.34
26.478826,-330.84
26.488830,-188.82
26.498833,-73.21
26.508836,-92.53
26.518840,99.52
26.528843,118.91
26.538846,213.45
26.548850,195.94
26.558853,336.44
26.568856,301.62
26.578860,460.50
26.588863,481.29
26.598866,553.69
26.608870,516.91
26.618873,576.63
26.628876,692.74
26.638880,652.50
26.648883,755.47
26.658886,691.51
26.668890,824.83
26.678893,738.23
26.688896,839.68
26.698900,850.26
26.708903,785.70
26.718906,845.84
26.728910,820.62
26.738913,766.20
26.748916,723.03
26.758920,650.51
26.768923,736.30
26.778926,605.91
26.788930,649.57
26.798933,587.83
26.808936,586.93
26.818940,485.86
26.828943,428.79
26.838946,422.75
26.848950,340.72
26.858953,274.83
26.868956,215.13
26.878960,45.49
26.888963,89.04
26.898966,9.46
26.908970,-145.27
26.918973,-180.42
26.928976,-244.08
26.938980,-322.45
26.948983,-371.96
26.958986,-388.94
26.968990,-476.82
26.978993,-665.08
26.988996,-634.72
26.999000,-663.16
27.009003,-771.13
27.019006,-793.55
27.029010,-801.57
27.039013,-901.22
27.049016,-986.06
27.059020,-988.01
27.069023,-1070.17
27.079026,-1108.57
27.089030,-1154.71
27.099033,-1081.22
27.109036,-1217.31
27.119040,-1111.43
27.129043,-1169.31
27.139046,-1265.07
27.149050,-1172.08
27.159053,-1285.38
27.169056,-1133.65
27.179060,-1099.90
27.189063,-1147.83
27.199066,-1081.02
27.209070,-953.59
27.219073,-1035.97
27.229076,-1018.52
27.239080,-842.14
27.249083,-764.74
27.259086,-805.62
27.269090,-694.77
27.279093,-614.71
27.289096,-652.60
27.299100,-571.03
27.309103,-414.48
27.319106,-319.37
27.329110,-301.79
27.339113,-299.36
27.349116,-80.96
27.359120,-131.71
27.369123,-47.06
27.379126,60.96
27.389130,194.61
27.399133,231.19
27.409136,278.96
27.419140,348.89
27.429143,392.83
27.439146,480.57
27.449150,384.96
27.459153,551.82
27.469156,630.10
27.479160,607.76
27.489163,727.56
27.499166,736.38
27.509170,867.97
27.519173,887.50
27.529176,809.14
27.539180,843.27
27.549183,860.21
27.559186,849.08
27.569190,883.80
27.579193,833.16
27.589196,806.22
27.599200,880.27
27.609203,861.81
27.619206,766.23
27.629210,822.39
27.639213,712.44
27.649216,718.50
27.659220,704.33
27.669223,614.99
27.679226,588.92
27.689230,486.32
27.699233,445.02
27.709236,384.32
27.719240,294.47
27.729243,257.91
27.739246,122.41
27.749250,106.87
27.759253,47.67
27.769256,-21.12
27.779260,-90.94
27.789263,-152.42
27.799266,-195.36
27.809270,-244.75
27.819273,-388.84
27.829276,-482.76
27.839280,-538.93
27.849283,-573.05
27.859286,-625.42
27.869290,-702.40
27.879293,-781.41
27.889296,-788.43
27.899300,-801.61
27.909303,-821.77
27.919306,-915.77
27.929310,-940.27
27.939313,-992.81
27.949316,-969.88
27.959320,-1027.42
27.969323,-967.77
27.979326,-1091.82
27.989330,-1021.21
27.999333,-983.48
28.009336,-979.25
28.019340,-838.33
28.029343,-934.75
28.039346,-976.51
28.049350,-900.07
28.059353,-948.18
28.069356,-822.73
28.079360,-815.14
28.089363,-678.21
28.099366,-697.88
28.109370,-618.88
28.119373,-583.97
28.129376,-401.23
28.139380,-437.36
28.149383,-260.30
28.159386,-239.70
28.169390,-183.02
28.179393,-114.01
28.189396,-37.07
28.199400,-76.86
28.209403,82.08
28.219406,214.60
28.229410,245.63
28.239413,252.57
28.249416,393.60
28.259420,553.07
28.269423,599.73
28.279426,601.33
28.289430,716.21
28.299433,711.37
28.309436,702.07
28.319440,794.84
28.329443,968.96
28.339446,922.57
28.349450,965.01
28.359453,998.35
28.369456,1139.79
28.379460,1152.04
28.389463,1202.63
28.399466,1099.38
28.409470,1132.38
28.419473,1046.61
28.429476,1195.69
28.439480,1057.44
28.449483,1115.28
28.459486,1032.89
28.469490,1036.42
28.479493,997.05
28.489496,976.65
28.499500,943.50
28.509503,901.93
28.519507,925.62
28.529510,779.29
28.539513,792.40
28.549517,785.65
28.559520,639.34
28.569523,566.56
28.579527,525.93
28.589530,529.35
28.599533,411.25
28.609537,304.84
28.619540,284.50
28.629543,133.55
28.639547,150.92
28.649550,65.72
28.659553,-41.04
28.669557,-137.48
28.679560,-208.38
28.689563,-204.01
28.699567,-233.85
28.709570,-389.19
28.719573,-393.58
28.729577,-576.84
28.739580,-554.21
28.749583,-575.24
28.759587,-663.83
28.769590,-705.52
28.779593,-727.91
28.789597,-711.02
28.799600,-761.20
28.809603,-884.91
28.819607,-895.03
28.829610,-830.08
28.839613,-782.27
28.849617,-942.61
28.859620,-824.93
28.869623,-815.65
28.879627,-704.03
28.889630,-771.61
28.899633,-707.04
28.909637,-688.01
28.919640,-765.72
28.929643,-580.30
28.939647,-563.09
28.949650,-499.47
28.959653,-275.73
28.969657,-519.83
28.979660,-269.69
28.989663,-307.64
28.999667,-213.63
29.009670,-162.74
29.019673,-112.24
29.029677,-48.56
29.039680,68.51
29.049683,49.02
29.059687,235.60
29.069690,250.42
29.079693,287.44
29.089697,393.32
29.099700,549.33
29.109703,528.75
29.119707,640.50
29.129710,650.73
29.139713,787.18
29.149717,842.51
29.159720,956.26
29.169723,906.97
29.179727,997.15
29.189730,1012.37
29.199733,1111.55
29.209737,1045.42
29.219740,1148.36
29.229743,1126.08
29.239747,1152.14
29.249750,1174.19
29.259753,1191.09
29.269757,1176.12
29.279760,1190.68
29.289763,1251.41
29.299767,1208.93
29.309770,1184.92
29.319773,1095.23
29.329777,1044.95
29.339780,1103.59
29.349783,1061.22
29.359787,1048.03
29.369790,896.77
29.379793,863.93
29.389797,737.98
29.399800,741.30
29.409803,748.44
29.419807,610.02
29.429810,597.50
29.439813,485.83
29.449817,439.55
29.459820,292.45
29.469823,279.47
29.479827,50.30
29.489830,114.83
29.499833,-32.95
29.509837,33.73
29.519840,-61.98
29.529843,-150.55
29.539847,-169.22
29.549850,-362.11
29.559853,-294.31
29.569857,-399.36
29.579860,-519.03
29.589863,-508.29
29.599867,-674.57
29.609870,-710.72
29.619873,-745.95
29.629877,-783.54
29.639880,-846.84
29.649883,-764.93
29.659887,-866.09
29.669890,-857.46
29.679893,-920.29
29.689897,-994.17
29.699900,-895.65
29.709903,-1005.39
29.719907,-908.46
29.729910,-963.36
29.739913,-780.24
29.749917,-813.53
29.759920,-828.27
29.769923,-739.94
29.779927,-810.31
29.789930,-701.18
29.799933,-674.45
29.809937,-623.32
29.819940,-521.23
29.829943,-493.10
29.839947,-457.03
29.849950,-493.15
29.859953,-394.89
29.869957,-287.41
29.879960,-209.25
29.889963,-201.73
29.899967,45.03
29.909970,70.49
29.919973,95.19
29.929977,138.87
29.939980,194.22
29.949983,225.79
29.959987,344.42
29.969990,418.82
29.979993,407.08
29.989997,546.61
30.000000,580.02
