tiempo_s,valor_filt
0.0,8.217810610893347
0.00010395050048828125,-3.8391826806599765
0.00016188621520996094,-15.029419571772362
0.007677793502807617,-24.52872751893809
0.007906198501586914,-31.691130087288016
0.007955789566040039,-36.11278637257513
0.008215904235839844,-37.66616088957792
0.008830785751342773,-36.49941026604518
0.008899211883544922,-33.00264501177585
0.008939981460571289,-27.75044481299583
0.00897979736328125,-21.434283131508348
0.009018898010253906,-14.796733809164278
0.009060382843017578,-8.5736017897134
0.009097576141357422,-3.4447270482484527
0.009135007858276367,0.008406163635228735
0.009171724319458008,1.340218097827787
0.00920867919921875,0.2745115196436009
0.009245157241821289,-3.2673369894208952
0.00933694839477539,-9.147826563967591
0.009371280670166016,-17.012582576200124
0.009404182434082031,-26.3174420335142
0.009436845779418945,-36.39031454087777
0.009468793869018555,-46.52640272051377
0.009722471237182617,-56.10466879592153
0.009775161743164062,-64.70404750524602
0.018498659133911133,-72.19248676214568
0.019040346145629883,-78.76254626060732
0.01982569694519043,-84.89593091697606
0.020045042037963867,-91.25606687587975
0.02007436752319336,-98.52832653369872
0.020099163055419922,-107.24395339866221
0.02012324333190918,-117.63007064342379
0.02014636993408203,-129.52332305933794
0.020169973373413086,-142.37048775254777
0.02019190788269043,-155.31875838821273
0.020214319229125977,-167.3770080473601
0.020236730575561523,-177.61431184668464
0.0202791690826416,-185.35692704552616
0.020313501358032227,-190.34774836119672
0.020334959030151367,-192.8390127706642
0.020356416702270508,-193.59765562757545
0.02037835121154785,-193.81276134643505
0.020400524139404297,-194.90567425309743
0.020421743392944336,-198.25621190866784
0.020442962646484375,-204.87486583323494
0.020464420318603516,-215.07049883102056
0.02312636375427246,-228.18109771790077
0.0234222412109375,-242.44427832189953
0.023541688919067383,-255.0764795420074
0.02357339859008789,-262.59805250761195
0.02359795570373535,-261.3847177419856
0.023621320724487305,-248.35548458914442
0.023643970489501953,-221.64676963370852
0.04069352149963379,-181.0995440611306
0.04221534729003906,-128.41916053793994
0.04233694076538086,-66.95265093190848
0.04236459732055664,-1.1363269395509066
0.04239010810852051,64.2451868834982
0.04241442680358887,124.8101676627276
0.06196713447570801,177.18161879528492
0.062139272689819336,219.33766255298517
0.06216573715209961,250.68027773622188
0.06219053268432617,271.8559567220457
0.06221437454223633,284.4035647470138
0.06223726272583008,290.3212820382138
0.062290191650390625,291.6413996491075
0.06231427192687988,290.08580156568144
0.062337398529052734,286.85041223020903
0.06235957145690918,282.5371763012857
0.06238269805908203,277.22263676120207
0.062404632568359375,270.62877787497234
0.06242680549621582,262.3477582614584
0.062448978424072266,252.06749514279616
0.06247091293334961,239.74895672345258
0.062493085861206055,225.71860012492783
0.06251406669616699,210.65981059217643
0.06253528594970703,195.51117754073852
0.06255650520324707,181.30069187876526
0.06257843971252441,168.9582665735449
0.06260085105895996,159.15150756367646
0.0626218318939209,152.181002065579
0.06264257431030273,147.95387290350945
0.06266355514526367,146.03301791587376
0.06268739700317383,145.7410766570427
0.06270837783813477,146.28860249581425
0.06311464309692383,146.89689325727517
0.06443476676940918,146.8941372722971
0.06452393531799316,145.77358295264733
0.06454992294311523,143.21096849052728
0.0645744800567627,139.04515840644046
0.06459760665893555,133.23167496948255
0.0646214485168457,125.78372575331568
0.06464385986328125,116.71815549326621
0.0646662712097168,106.0222494789519
0.06468820571899414,93.6503986880675
0.06470990180969238,79.54935167378834
0.07662320137023926,63.70101343403406
0.07676053047180176,46.16548481812814
0.07678890228271484,27.10609291078671
0.07681393623352051,6.783884427724467
0.07683897018432617,-14.47932507847092
0.07686281204223633,-36.35708919434239
0.07688570022583008,-58.57282622859252
0.07690763473510742,-80.93218583350867
0.07692933082580566,-103.32188148154545
0.0769505500793457,-125.67671892666785
0.07697153091430664,-147.927982343348
0.07699322700500488,-169.9529724547215
0.07701468467712402,-191.54655572167647
0.07765769958496094,-212.4302299852509
0.07774066925048828,-232.3025527489345
0.07776546478271484,-250.92075328887375
0.07778549194335938,-268.19284434827796
0.07780647277832031,-284.2551326004326
0.07782578468322754,-299.51022599594273
0.0778498649597168,-314.6041123353881
0.07787251472473145,-330.32849591844985
0.0778951644897461,-347.44725162107466
0.07791829109191895,-366.46239261694967
0.07796359062194824,-387.3527595957902
0.07798647880554199,-409.3355569661923
0.07800984382629395,-430.7140865805976
0.07803201675415039,-448.8782931261635
0.07805371284484863,-460.5095343441145
0.07807469367980957,-462.00255834552274
0.07809591293334961,-450.0600696660021
0.07811641693115234,-422.35268472166644
0.07813811302185059,-378.0919284502958
0.07819318771362305,-318.3600695604246
0.07850766181945801,-246.0906475009744
0.07872223854064941,-165.68674649577773
0.07876110076904297,-82.3661708012104
0.07878494262695312,-1.3928601195602008
0.07880783081054688,72.63185187724763
0.07883000373840332,136.28271816904928
0.08893918991088867,187.56135955895863
0.08909821510314941,225.8877846161425
0.08912539482116699,251.8888425843035
0.08915066719055176,267.06458601102156
0.08917427062988281,273.41289267026644
0.08919739723205566,273.07680643048565
0.08922052383422852,268.05814666548446
0.08927702903747559,260.0212512361729
0.08930039405822754,250.19418704121796
0.08932232856750488,239.36096780807023
0.08934426307678223,227.92754039579498
0.08936619758605957,216.03748772420522
0.08938813209533691,203.70971433097532
0.08941006660461426,190.96883708542373
0.0894317626953125,177.941742514146
0.08945322036743164,164.903306950247
0.08947443962097168,152.26875046545427
0.08970022201538086,140.54442613399382
0.08982539176940918,130.25823277647174
0.08992719650268555,121.89159466846745
0.08995676040649414,115.82618380690322
0.0899806022644043,112.30576044882184
0.09000325202941895,111.40645949573758
0.09002494812011719,113.01219745104763
0.09004688262939453,116.80002724833311
0.09006834030151367,122.24425301464467
0.09009027481079102,128.64515764550225
0.09011268615722656,135.18241901601598
0.0901343822479248,140.98923378624988
0.09015583992004395,145.24125126892952
0.09017729759216309,147.2523245629772
0.09019899368286133,146.56539186834593
0.09021949768066406,143.0225417080675
0.0902414321899414,136.79632824512262
0.09028244018554688,128.3675051794398
0.09030437469482422,118.44305019873242
0.09032630920410156,107.82056021247008
0.0903475284576416,97.21815940814382
0.09036850929260254,87.10056907857769
0.09039044380187988,77.53867224023
0.09041094779968262,68.13815619697469
0.09043216705322266,58.06145410037899
0.09045290946960449,46.14902893076233
0.09047365188598633,31.126031207893618
0.09049463272094727,11.862623133191315
0.09053444862365723,-12.357135520278174
0.09055519104003906,-41.61064771523352
0.0905759334564209,-75.20876597734525
0.09059643745422363,-111.70506221656959
0.09061717987060547,-149.05901573995092
0.0906376838684082,-184.9370868755756
0.09086322784423828,-217.10196991677586
0.10140395164489746,-243.81434445479368
0.10186028480529785,-264.16060817045803
0.10189366340637207,-278.2293749978342
0.1019132137298584,-287.0894612126624
0.10193157196044922,-292.5661239278604
0.10195040702819824,-296.85774080821966
0.10196805000305176,-302.06837569832794
0.10198497772216797,-309.74440209882783
0.10200142860412598,-320.49538522411666
0.10201811790466309,-333.7579915285578
0.1020348072052002,-347.7373490069685
0.1020510196685791,-359.5406840034675
0.1020667552947998,-365.50280575149156
0.10208249092102051,-361.6839360562784
0.10209798812866211,-344.4893622373246
0.10211300849914551,-311.3196278570891
0.12343072891235352,-261.1255716775262
0.14142847061157227,-194.73717526445859
0.14321088790893555,-114.87362577616652
0.1618185043334961,-25.817703665160632
0.16381168365478516,67.17763439239067
0.18100857734680176,158.62170178280508
0.18162941932678223,243.50935022236203
0.18543195724487305,317.9058869097599
0.1861436367034912,379.30742632181835
0.19669079780578613,426.74227238047945
0.23053455352783203,460.6286873454315
0.23075222969055176,482.4446260055098
0.23124051094055176,494.29060316521765
0.24654579162597656,498.4358462848768
0.24694061279296875,496.93096560057927
0.2708868980407715,491.3489305788602
0.2710423469543457,482.6829167437504
0.28087472915649414,471.39173758124065
0.29656338691711426,457.55184583534714
0.2967524528503418,441.05798020948157
0.33019232749938965,421.81489540503566
0.3304934501647949,399.8769754877931
0.33052492141723633,375.51483392435654
0.3467113971710205,349.2116735482933
0.3468587398529053,321.61075251012807
0.3687739372253418,293.4432030632904
0.36890506744384766,265.4610398086314
0.3805832862854004,238.3876260824612
0.3967571258544922,212.88351439685633
0.39690494537353516,189.51443527437132
0.43023109436035156,168.7052475421757
0.4305126667022705,150.67297986901912
0.4306035041809082,135.3508987835142
0.44702625274658203,122.33308283778919
0.4473845958709717,110.87397388984756
0.4732332229614258,99.96515713387711
0.47333812713623047,88.4860517741534
0.48152923583984375,75.39677467681848
0.4971163272857666,59.92254761111701
0.4973127841949463,41.677893558635986
0.5153229236602783,20.69631084892378
0.530813455581665,-2.63879055764447
0.5471622943878174,-27.73395507650007
0.5479590892791748,-53.94718475296753
0.5480692386627197,-80.72161093991966
0.5673618316650391,-107.66190673338849
0.5819048881530762,-134.55202856558037
0.5965609550476074,-161.33384925557664
0.5981104373931885,-188.07212664494352
0.5982394218444824,-214.92260297162284
0.6167850494384766,-242.10360466486293
0.6325089931488037,-269.8576640798938
0.6467649936676025,-298.3875904590361
0.649144172668457,-327.7634155470908
0.6492214202880859,-357.81694989347443
0.6654527187347412,-388.0592101076902
0.6852915287017822,-417.6630516556065
0.6962957382202148,-445.5435484048361
0.696460485458374,-470.5434824807882
0.6970345973968506,-491.6981068830641
0.7187917232513428,-508.5212036047195
0.7189116477966309,-521.23218134979
0.7509505748748779,-530.840231132564
0.7510545253753662,-539.0223102697884
0.7514753341674805,-547.7755817554239
0.767474889755249,-558.8824856678792
0.7675552368164062,-573.2841377822407
0.8015656471252441,-590.5013181081149
0.8219554424285889,-608.2601965525552
0.822127103805542,-622.4639083355358
0.8256821632385254,-627.5971503609569
0.8629975318908691,-617.5609931341783
0.8634994029998779,-586.8213581282986
0.9105298519134521,-531.6440972079971
0.9106385707855225,-451.1208273623538
0.9106643199920654,-347.6994489084848
0.9110758304595947,-227.03828427002045
0.9656286239624023,-97.18294927524359
0.9657785892486572,32.73993463349689
0.9658026695251465,153.98623032814382
0.9658246040344238,259.4719069274447
0.9663336277008057,344.61291608097275
0.9693262577056885,407.6210961351753
0.9741561412811279,449.2891936943029
0.9743537902832031,472.3949880485935
0.9743819236755371,480.90071637153477
0.9744057655334473,479.1255905099456
0.9807279109954834,471.036710164368
1.0215442180633545,459.75113254810276
1.035707950592041,447.28560409113857
1.0358119010925293,434.54335134653394
1.035839319229126,421.49454774112127
1.0464351177215576,407.4877648340886
1.0465257167816162,391.62113936483576
1.081782341003418,373.1024627634261
1.0996289253234863,351.53672238453913
1.0997483730316162,327.0973924878183
1.0997810363769531,300.5617246186737
1.1001925468444824,273.21588812533616
1.1074237823486328,246.65737610823948
1.135826587677002,222.5355850413139
1.1364672183990479,202.27665582966225
1.1463160514831543,186.8375880845747
1.1464447975158691,176.52874547986917
1.1503920555114746,170.93395440827945
1.1853358745574951,168.94509748922033
1.2029755115509033,168.91473281512233
1.2030861377716064,168.91462248821963
1.2035613059997559,167.0679762608857
1.2178542613983154,161.90031512807514
1.2187399864196777,152.63576911449618
1.219348669052124,139.3625901485477
1.2356443405151367,123.01025128261692
1.257011890411377,105.12001307854118
1.2841455936431885,87.44408995910436
1.2844929695129395,71.46346941305555
1.2868623733520508,57.95380358768565
1.3129315376281738,46.73235902005721
1.3138697147369385,36.674275630844036
1.3329567909240723,26.002859725810456
1.3331348896026611,12.768933066436434
1.333817481994629,-4.624135287188278
1.3452959060668945,-26.999578455327192
1.3458678722381592,-54.198372107594665
1.346186876296997,-85.1195118307257
1.3596863746643066,-117.97362344802
1.4093914031982422,-150.66329192394033
1.4095563888549805,-181.18844519590692
1.4131512641906738,-207.99210895621465
1.437943935394287,-230.19405621798546
1.4381005764007568,-247.69151580361168
1.4407398700714111,-261.1318841516412
1.4599831104278564,-271.7831497347827
1.4601614475250244,-281.3414551824133
1.4614253044128418,-291.7165048972428
1.4727201461791992,-304.822147103818
1.473226547241211,-322.3764219738138
1.4891636371612549,-345.69390262555896
1.4893031120300293,-375.4463749329817
1.5350100994110107,-411.38429138008394
1.535193681716919,-452.0493962574251
1.5386264324188232,-494.5555429879895
1.5635902881622314,-534.5486064265866
1.5639169216156006,-566.4545178712665
1.5661990642547607,-584.0733916397131
1.590949535369873,-581.4837356887316
1.5911505222320557,-554.110674133753
1.6116595268249512,-499.7243937947449
1.611788272857666,-419.1068359574058
1.6144168376922607,-316.17872013138344
1.641728162765503,-197.51120414075348
1.6424827575683594,-71.3187285046717
1.675724983215332,53.822208598854985
1.6760625839233398,170.21969040460849
1.676867961883545,272.0105910935845
1.699817419052124,355.65019140157295
1.7000024318695068,419.93044048071187
1.7000305652618408,465.61885357896307
1.73543381690979,494.8697329032689
1.7357165813446045,510.5684403724215
1.736074686050415,515.739781525623
1.7490909099578857,513.1023461374787
1.7492027282714844,504.8011261976416
1.7492365837097168,492.3137887142402
1.7562661170959473,476.5049457644426
1.7869913578033447,457.79227055230575
1.799628496170044,436.38009430740107
1.7997856140136719,412.5067908355209
1.799816370010376,386.6461344746328
1.8030447959899902,359.60785028150826
1.8272731304168701,332.50420823712835
1.852137804031372,306.58629493816267
1.8523762226104736,282.9951946777285
1.8559918403625488,262.5034041221498
1.872358798980713,245.32713428134193
1.8727667331695557,231.06898340457488
1.8820927143096924,218.81196161965926
1.8826792240142822,207.34290745350089
1.8962292671203613,195.44781321849123
1.9175901412963867,182.20291092214245
1.945850133895874,167.18813723928358
1.9460899829864502,150.57133684698118
1.9487454891204834,133.04468498610134
1.9757823944091797,115.63062738512346
1.9759323596954346,99.40548031149937
1.9790892601013184,85.20823855896109
1.9978914260864258,73.40546776235014
1.9980359077453613,63.769022350220645
2.001002073287964,55.494620057833124
2.029686689376831,47.35338333244066
2.0301146507263184,37.93587249286219
2.053215742111206,25.92877481980826
2.053501844406128,10.362777248197617
2.0545406341552734,-9.216371262833627
2.083509683609009,-32.68004542317041
2.0836570262908936,-59.35620498523469
2.1196508407592773,-88.16168869582118
2.119764804840088,-117.80002714330091
2.119791269302368,-146.98937219511208
2.124641180038452,-174.68070916535567
2.14814829826355,-200.2262481479539
2.148289442062378,-223.46349586215945
2.149665117263794,-244.69370855487182
2.1770987510681152,-264.55509500565734
2.1773054599761963,-283.8188939970593
2.1821887493133545,-303.1623721142683
2.2131714820861816,-322.9856989690787
2.2133519649505615,-343.3310617710572
2.214130163192749,-363.9318240769706
2.2628986835479736,-384.37647268191114
2.2630207538604736,-404.33212232381726
2.263051986694336,-423.74943812120443
2.2638938426971436,-442.97149985117835
2.2640247344970703,-462.6915164409983
2.280818223953247,-483.74133287611784
2.3139777183532715,-506.73651079633794
2.314096689224243,-531.6470917992417
2.31514573097229,-557.3970667669284
2.315221071243286,-581.6100012527762
2.3430535793304443,-600.6062208044485
2.3432247638702393,-609.716963734165
2.3433148860931396,-603.9159886604427
2.3456757068634033,-578.6868046512028
2.38375186920166,-530.9599175268442
2.3838491439819336,-459.8976115332042
2.387629747390747,-367.30791698915846
2.4211349487304688,-257.5524889955691
2.4213480949401855,-136.9549902169547
2.421396017074585,-12.860763447883123
2.4248034954071045,107.41636949773878
2.4555418491363525,217.5266130222222
2.455925703048706,312.73420080211525
2.4575448036193848,390.22142063582163
2.48293137550354,449.0696465917934
2.4830799102783203,489.99476073592183
2.4831109046936035,514.9334934382464
2.487264394760132,526.569923107338
2.5231025218963623,527.8721775867215
2.523212432861328,521.6904068948218
2.529703378677368,510.4529281831332
2.555847406387329,495.98614003267267
2.5561325550079346,479.470788619417
2.556180477142334,461.528639450881
2.5621118545532227,442.40983462104964
2.586385488510132,422.2284851502278
2.5866305828094482,401.1820961115821
2.5870864391326904,379.69634936160156
2.617887258529663,358.46037305070143
2.618046522140503,338.3510654075952
2.619133949279785,320.2765363924297
2.651068925857544,304.98845869922826
2.651224136352539,292.9172993147355
2.652648687362671,284.0746109530949
2.654243230819702,278.04690763503015
2.668541193008423,274.0814595749691
2.668722629547119,271.2411799118512
2.694002628326416,268.58813298403345
2.694594383239746,265.34706511548234
2.7210609912872314,261.0056643128424
2.721221685409546,255.32764795829698
2.723978042602539,248.282345278595
2.7466623783111572,239.91997116510393
2.747344970703125,230.23689294904847
2.7704672813415527,219.07657797055344
2.7706687450408936,206.10002296182282
2.771186113357544,190.83725354203705
2.802417278289795,172.8052581333658
2.8030357360839844,151.65641688073117
2.829646348953247,127.31264326855246
2.8298003673553467,100.04629730620393
2.8298254013061523,70.48536272474377
2.854065179824829,39.53929102361278
2.85424542427063,8.256636562162948
2.8550689220428467,-22.363959624700055
2.8850972652435303,-51.577330721709316
2.885202169418335,-79.06614271842218
2.8880667686462402,-105.03547747607692
2.917959451675415,-130.18357224328366
2.918126344680786,-155.5297619136842
2.9208931922912598,-182.12228213613196
2.942871332168579,-210.69501579113134
2.942996025085449,-241.3746517531775
2.944218158721924,-273.54044409566416
2.9742722511291504,-305.90183387129565
2.974419355392456,-336.79533888779093
2.983616828918457,-364.6335956120915
3.032027244567871,-388.3884979082541
3.0321850776672363,-407.9708255002187
3.0327768325805664,-424.3851468891617
3.0372116565704346,-439.58814026651265
3.067728042602539,-456.04977016474555
3.0696704387664795,-476.09179593315974
3.0697412490844727,-501.13789141407005
3.069763660430908,-531.0416099866002
3.1089911460876465,-563.6578909981715
3.10915207862854,-594.791256767526
3.109174966812134,-618.5918766504221
3.109666109085083,-628.3838076099139
3.1450672149658203,-617.8086197764401
3.1452388763427734,-582.0731706636127
3.1453075408935547,-519.0312249141732
3.1463074684143066,-429.83297680396817
3.183201789855957,-318.9596777789544
3.1833231449127197,-193.61090076177544
3.1833457946777344,-62.583964262395206
3.185884714126587,65.08548627357276
3.212494373321533,181.4137040907003
3.212794542312622,280.4373326602887
3.2128350734710693,358.7213681246384
3.2479352951049805,415.39071181057716
3.2480554580688477,451.76514005647505
3.2480809688568115,470.7312234735133
3.2847957611083984,475.9994290344478
3.284949779510498,471.3822066483765
3.2849724292755127,460.2011288212421
3.2855148315429688,444.8957991955773
3.3143317699432373,426.8687564586333
3.3145952224731445,406.5619855628721
3.3146238327026367,383.72443879337425
3.3509531021118164,357.7997848248891
3.3510594367980957,328.3448906165777
3.351081609725952,295.38735880839204
3.353029489517212,259.64624845650076
3.3857483863830566,222.57068620265107
3.3858985900878906,186.18973173154512
3.3859236240386963,152.80556074260045
3.4216561317443848,124.59392315134377
3.4218177795410156,103.1965981014914
3.421842098236084,89.39678766524798
3.4245991706848145,82.95591081171803
3.453080892562866,82.65695222641102
3.453199625015259,86.54992801449943
3.4532227516174316,92.34139211157172
3.4866485595703125,97.82943860835783
3.486799478530884,101.27451382640899
3.4868264198303223,101.62030066760487
3.5252976417541504,98.52802058543905
3.5257081985473633,92.2421378478828
3.5257484912872314,83.34787508671754
3.529585838317871,72.50080796994826
3.5585711002349854,60.203011833319984
3.5587406158447266,46.673306220883575
3.5587704181671143,31.822973875103422
3.5614376068115234,15.317028542651585
3.5984041690826416,-3.315643814781124
3.598806619644165,-24.559531693573707
3.602003335952759,-48.80014238972416
3.6339762210845947,-76.22878616736035
3.634237051010132,-106.76221971648839
3.6343026161193848,-139.97728227957285
3.6349501609802246,-175.07077102493872
3.6724448204040527,-210.86395507532487
3.6726388931274414,-245.8705459001009
3.6726691722869873,-278.4340343518961
3.6753602027893066,-306.9218938258615
3.7162938117980957,-329.94985792675584
3.7172904014587402,-346.60206804456124
3.7173612117767334,-356.60961853032165
3.771472692489624,-360.452105305327
3.771650791168213,-359.3593300841917
3.771682024002075,-355.21140234653063
3.771710157394409,-350.3535881298614
3.7720115184783936,-347.3480186832244
3.812669515609741,-348.67900251662894
3.8128812313079834,-356.420422594342
3.8129093647003174,-371.8724901088372
3.812934160232544,-395.1898597598156
3.812957763671875,-425.0556990297165
3.8513879776000977,-458.4937536166152
3.8515753746032715,-490.92614669947267
3.8516008853912354,-516.555824208246
3.851625919342041,-529.0803782211866
3.890300750732422,-522.651475735261
3.890460252761841,-492.9072705033242
3.8904902935028076,-437.84893069775393
3.8905179500579834,-358.3371361443737
3.92217755317688,-258.06927711763933
3.9224812984466553,-143.04186100471838
3.922516107559204,-20.64480053959446
3.9225447177886963,101.3859194532747
3.9632797241210938,215.93460490418715
3.9635186195373535,317.2342668885435
3.9635534286499023,401.28848414950846
3.9656877517700195,465.996447661623
3.9943456649780273,511.03919533481724
3.994455575942993,537.5992236098642
3.994480848312378,547.9784689484442
4.031137704849243,545.1689005937284
4.03138542175293,532.4238063500898
4.031416416168213,512.8739899385446
4.034047842025757,489.22755975484125
4.068588972091675,463.5829024470584
4.068791389465332,437.3701697518607
4.0688207149505615,411.4160290961272
4.105825662612915,386.1021994724713
4.105993986129761,361.56788920983354
4.10602331161499,337.89820979600574
4.106378555297852,315.2494457930513
4.141356468200684,293.88578279529986
4.14152979850769,274.13312189595086
4.1415581703186035,256.28311423637473
4.144642114639282,240.49442377667467
4.18265175819397,226.7336421180811
4.182845830917358,214.77805956781785
4.182875633239746,204.2755724023499
4.219876289367676,194.83457596679168
4.219985485076904,186.10798180038555
4.220038414001465,177.84311982172204
4.220069408416748,169.88669898130746
4.222761392593384,162.15019103608506
4.2510271072387695,154.54983646191522
4.251132488250732,146.9384872697914
4.251161575317383,139.0464534408541
4.295110702514648,130.44483235023887
4.295322418212891,120.53736209767452
4.295353651046753,108.57985164965537
4.330528259277344,93.72449612610473
4.330725431442261,75.08948864104842
4.3307576179504395,51.857447773433016
4.330786228179932,23.405036318659665
4.333121061325073,-10.541239880046309
4.374597549438477,-49.74225306091971
4.374806642532349,-93.31352681040171
4.374838352203369,-139.67154647833013
4.41797399520874,-186.60280705910714
4.418121099472046,-231.47334565418396
4.418145179748535,-271.5580724872485
4.418166637420654,-304.43165560688817
4.422475099563599,-328.33743935726426
4.468195915222168,-342.4466522247997
4.4683403968811035,-346.9429781589581
4.468361854553223,-342.91500016256725
4.468729019165039,-332.0955521480554
4.512840747833252,-316.5302821660806
4.5130391120910645,-298.2720082111957
4.513068437576294,-279.18059997676517
4.513091564178467,-260.86846322215484
4.513650894165039,-244.78262675127505
4.552577972412109,-232.37020872032406
4.553671836853027,-225.2451975069187
4.553713083267212,-225.26586416311716
4.55373215675354,-234.4457249770997
4.556420803070068,-254.65758745275662
4.59552788734436,-287.1463580426489
4.595698833465576,-331.93127635026445
4.595719814300537,-387.23543160303325
4.5976855754852295,-449.1117453417955
4.626209259033203,-511.42589450795214
4.626418113708496,-566.3016085430456
4.626440763473511,-605.0367292122811
4.629181861877441,-619.3772917934504
4.65168023109436,-602.9231233791742
4.651828289031982,-552.3680201730048
4.652221441268921,-468.2777394656783
4.684075117111206,-355.1917688704631
4.684281349182129,-220.991343340566
4.719114303588867,-75.66599908639986
4.719323396682739,70.23398981235121
4.719353199005127,207.11180111393233
4.722059726715088,327.50590958993047
4.754961729049683,426.7621058662889
4.755171060562134,503.15776781390514
4.75520658493042,557.5552927666506
4.791781902313232,592.7319273237259
4.792001962661743,612.5576137007477
4.79203462600708,621.1805118805685
4.7948784828186035,622.3460351047705
4.824411630630493,618.9322231498678
4.8246750831604,612.7388332860465
4.824718952178955,604.5227555752203
4.860095500946045,594.2325954022274
4.860334396362305,581.3667494788916
4.8603715896606445,565.3663325002024
4.862738370895386,545.9570405906413
4.886882305145264,523.3707719182254
4.887093782424927,498.4069650886688
4.887186527252197,472.33132676028276
4.919687986373901,446.6478233200594
4.919952630996704,422.8089845785649
4.921971797943115,401.9423614708151
4.952695846557617,384.6631067843417
4.952868700027466,371.0143752471198
4.952898979187012,360.5363415717291
4.979903221130371,352.42574328056384
4.980107307434082,345.72581302053237
4.980193376541138,339.4883286478482
5.0125768184661865,332.87203212103174
5.012844562530518,325.17419369677754
5.012887239456177,315.8200079397458
5.0409064292907715,304.3446913975033
5.041099309921265,290.39256894559446
5.041131973266602,273.7358666703781
5.077077627182007,254.29785140502904
5.077360153198242,232.15916560705168
5.077399492263794,207.53250874315268
5.107852935791016,180.703383662816
5.108182191848755,151.94685105092248
5.108232021331787,121.43828532010639
5.110405683517456,89.18000573536943
5.144730567932129,54.96666828219456
5.144901275634766,18.409372360469714
5.145214319229126,-20.971645930415615
5.172749996185303,-63.594085126980715
5.172966241836548,-109.63057779769261
5.173004865646362,-158.8425064755907
5.20588231086731,-210.4814507808398
5.206093072891235,-263.29725299751806
5.2061238288879395,-315.6653772582243
5.237844228744507,-365.81074290274347
5.238012313842773,-412.07263106059423
5.2380454540252686,-453.14164930480797
5.240051746368408,-488.2130807901017
5.271173477172852,-517.0331768167608
5.271415948867798,-539.848793710055
5.2714478969573975,-557.2928440129539
5.298729658126831,-570.2445061146997
5.298922300338745,-579.6974967561654
5.298954486846924,-586.6591545934969
5.335979700088501,-592.0944542870167
5.336150169372559,-596.923493681889
5.336181879043579,-602.0723359526061
5.369002819061279,-608.5584137545397
5.369318246841431,-617.5640664161865
5.369355916976929,-630.4275251109541
5.371495246887207,-648.4792166917538
5.397107839584351,-672.686559108571
5.397401809692383,-703.1373449104486
5.397445917129517,-738.4682452802657
5.434073448181152,-775.406430492071
5.434309959411621,-808.6183551791785
5.434535503387451,-831.031555454862
5.4709391593933105,-834.7002035371776
5.471083164215088,-812.1317699952508
5.471121311187744,-757.8217829336309
5.473522663116455,-669.6213757940518
5.499385356903076,-549.5486407926007
5.499600172042847,-403.77636273883695
5.499634027481079,-241.7586067366039
5.5368332862854,-74.71489310518506
5.5370094776153564,86.13217578869926
5.537040948867798,231.1416226288072
5.568575143814087,353.34913330491133
5.568775653839111,448.9418499277494
5.568809747695923,517.152271798368
5.571129322052002,559.7209437757708
5.602804660797119,580.1196574982399
5.603011131286621,582.7164896319673
5.603043079376221,572.023986617074
5.63581657409668,552.1211395729804
5.635992765426636,526.2908099683584
5.636024236679077,496.8740672327551
5.673773765563965,465.31416676301643
5.6739795207977295,432.3441879107949
5.674011468887329,398.26047614629795
5.676193714141846,363.21787509012074
5.708386421203613,327.4846886018444
5.708505392074585,291.6084643534802
5.7085371017456055,256.467588522787
5.711216449737549,223.21295052613746
5.744000196456909,193.13027679084422
5.744229793548584,167.46877574106054
5.744298219680786,147.28019757882143
5.782277822494507,133.2963881507275
5.782491207122803,125.8535250491219
5.782521963119507,124.85924260936316
5.784642934799194,129.79767760596232
5.82019305229187,139.77029210021996
5.820446491241455,153.5696245702647
5.820481061935425,169.77823800612663
5.853724718093872,186.88069502122002
5.853909969329834,203.37551621943183
5.853943586349487,217.87588648743372
5.853973388671875,229.1908022224921
5.891491889953613,236.38213408583997
5.891702651977539,238.79706008006144
5.891736268997192,236.07820419438906
5.894118547439575,228.15536092137614
5.92955470085144,215.2233650136704
5.929758548736572,197.71023409838563
5.929790735244751,176.23789124567844
5.968714952468872,151.57543282194393
5.968954086303711,124.5835272767003
5.968989849090576,96.14939253281439
5.9690186977386475,67.11552099999342
6.001838207244873,38.21053191890809
6.002119541168213,9.993766401171781
6.002155542373657,-17.17566470399453
6.002186059951782,-43.13845659205162
6.040453195571899,-67.90144441531112
6.040666818618774,-91.57559704552115
6.040700912475586,-114.29894594664064
6.04285740852356,-136.16511926496818
6.075231075286865,-157.1811791982775
6.075425148010254,-177.27400579491226
6.075457572937012,-196.35089823397868
6.1138694286346436,-214.40094945436843
6.1140806674957275,-231.60754603930758
6.114112138748169,-248.43537114103518
6.116183042526245,-265.6571490157275
6.149054050445557,-284.2923869920772
6.149295806884766,-305.44234505870253
6.149328708648682,-330.0260234582582
6.15165901184082,-358.44998714612797
6.179924726486206,-390.2708043954093
6.180093050003052,-423.9237197061411
6.180125951766968,-456.59330938675237
6.218775272369385,-484.292161864667
6.219040632247925,-502.18901713509484
6.219082593917847,-505.1840828413438
6.249101877212524,-488.6692539798282
6.249397277832031,-449.3483547616528
6.249442100524902,-385.94894171291827
6.249479532241821,-299.6556755117093
6.286660671234131,-194.1482193648244
6.286826133728027,-75.22185222782049
6.286848783493042,49.929868376975165
6.309833288192749,173.62223838718114
6.310034990310669,288.60822835190606
6.310061454772949,388.88148358012035
6.310515880584717,470.24712792288324
6.333120107650757,530.5991871146535
6.333346366882324,569.8879144270346
6.333699464797974,589.8064290235372
6.3338072299957275,593.2718580897557
6.342584848403931,583.8110032780589
6.392595529556274,564.9720597577723
6.392852544784546,539.8674483238369
6.392883777618408,510.9140923942266
6.420875310897827,479.7870610897497
6.421082019805908,447.5513019145354
6.423088073730469,414.896194912507
6.450927734375,382.3807054037019
6.451098442077637,350.6082943270655
6.476537704467773,320.2853132675868
6.476785182952881,292.1618974338066
6.476824760437012,266.89543750929977
6.5262205600738525,244.89931209037906
6.526402950286865,226.23632212342028
6.529398202896118,210.5930026311155
6.562857151031494,197.34190386947554
6.563035726547241,185.67462756445468
6.563066244125366,174.77168897548614
6.563094139099121,163.96631481173722
6.565124988555908,152.8597463179518
6.592220306396484,141.35672801377478
6.592423915863037,129.60941927245565
6.592453479766846,117.88177652863739
6.594993591308594,106.37031230454444
6.626970291137695,95.03494348390775
6.627163648605347,83.4969248686053
6.629421949386597,71.04425619194791
6.66286301612854,56.752106794008704
6.663100242614746,39.68855080251063
6.6631340980529785,19.14792239524179
6.692692756652832,-5.154896807754342
6.69291090965271,-32.983524481839794
6.692943096160889,-63.598644579959206
6.695596933364868,-95.88928915038348
6.731581211090088,-128.58202968840658
6.731793403625488,-160.47617667183562
6.7339465618133545,-190.64962962288655
6.7704784870147705,-218.590630963276
6.770704746246338,-244.23239331952865
6.770746231079102,-267.89353379878355
6.772714853286743,-290.1490873552103
6.808288335800171,-311.668414962804
6.808502674102783,-333.05581778540244
6.808532476425171,-354.7200796315756
6.8110291957855225,-376.78701122006817
6.84368109703064,-399.06100507383985
6.843869209289551,-421.0398710165753
6.843894958496094,-441.98806123758436
6.881208658218384,-461.070052753805
6.881413698196411,-477.53395973256227
6.881444692611694,-490.9180201756889
6.8834638595581055,-501.23730634715207
6.915164232254028,-509.10201858419185
6.9154064655303955,-515.7246552799253
6.915441036224365,-522.7894807960182
6.9539008140563965,-532.1802219078215
6.954080581665039,-545.5879708821482
6.954120397567749,-564.0492793803628
6.954406023025513,-587.4900910036623
6.992758274078369,-614.3668432259542
6.992933034896851,-641.4967397816743
6.992964744567871,-664.155021437243
6.995336294174194,-676.4876486008626
7.027082681655884,-672.2376708843833
7.027313470840454,-645.7097927418106
7.027347564697266,-592.8146428948712
7.029578447341919,-511.9748236799995
7.061671018600464,-404.6713788987856
7.0618908405303955,-275.47473075243283
7.061923503875732,-131.52497742171377
7.091886520385742,18.435361171747367
7.092057228088379,165.2677226495982
7.092089414596558,300.63791126720514
7.094570875167847,417.9978492834123
7.1265504360198975,513.2092994838653
7.126756429672241,584.7530822609408
7.129269123077393,633.541609146021
7.155743360519409,662.4110758594525
7.155958414077759,675.4088294247965
7.1559906005859375,677.0095951297656
7.192507028579712,671.3919029666234
7.192650556564331,661.8842968832213
7.1929755210876465,650.6524694254028
7.2280662059783936,638.6504682700873
7.228309154510498,625.8115314684433
7.228343725204468,611.4148862560621
7.230602741241455,594.5382853918327
7.2633631229400635,574.4951166602407
7.263599634170532,551.1624976221318
7.263632535934448,525.1333798554716
7.294058322906494,497.66708030169224
7.294280767440796,470.4602811532415
7.294321298599243,445.3033000890817
7.296346187591553,423.712214734081
7.328758716583252,406.6265592533186
7.32897162437439,394.2347355729712
7.331162929534912,385.948737934382
7.363886833190918,380.51514164246424
7.364101409912109,376.2296748653675
7.364132404327393,371.2142164699252
7.394193649291992,363.7104841300085
7.3944220542907715,352.3421322925781
7.394457101821899,336.3001836416042
7.396597862243652,315.4191303169122
7.42979884147644,290.1315440345011
7.430009603500366,261.3127590645981
7.432267189025879,230.0488003841597
7.46510124206543,197.3769857037129
7.465341567993164,164.05745955674422
7.465375661849976,130.43093766429075
7.495967864990234,96.39840303454761
7.496175050735474,61.52510936355538
7.496214151382446,25.236043155410023
7.498279333114624,-12.95348033351257
7.5366857051849365,-53.23336828370295
7.536947965621948,-95.36996796943473
7.536987543106079,-138.68048174319082
7.576439142227173,-182.11288054705489
7.5766613483428955,-224.41109988213228
7.576694011688232,-264.3287358685594
7.576724290847778,-300.8439596551426
7.611931085586548,-333.324914869034
7.612107753753662,-361.60271757673144
7.612140655517578,-385.9317495870548
7.61217188835144,-406.8510110979786
7.647305488586426,-424.99477615178125
7.647518873214722,-440.9212574387539
7.647550106048584,-455.02438674470636
7.649653673171997,-467.5658904432046
7.6876866817474365,-478.821505136558
7.687909364700317,-489.28970937518176
7.687943696975708,-499.8773688172807
7.7306809425354,-511.966201610743
7.730879306793213,-527.2837800512627
7.730915069580078,-547.5500359391297
7.730945587158203,-573.9332390411179
7.768092393875122,-606.4137954665854
7.76837420463562,-643.2066793029024
7.768407583236694,-680.4205470366218
7.768436431884766,-712.1194858597246
7.768819332122803,-730.8908804600276
7.7971532344818115,-728.9102619031096
7.797435760498047,-699.3506769691061
7.797468423843384,-637.8497421151237
7.82867169380188,-543.6730780817383
7.828832149505615,-420.2428753418147
7.828855752944946,-274.8482508543651
7.854113578796387,-117.58043237633596
7.85434627532959,40.24551744877821
7.854373455047607,187.79868720939808
7.8881731033325195,316.19895522610045
7.888396739959717,419.4887344797598
7.888652086257935,495.01208641842646
7.917476415634155,543.2397766050867
7.917636156082153,567.1683671224831
7.917661428451538,571.4621540015139
7.946876525878906,561.5088941483453
7.947081089019775,542.5380032466885
7.947107791900635,518.9163218285601
7.980787992477417,493.69925467096084
7.980994701385498,468.4752304022134
7.98102593421936,443.4977254099475
8.010199785232544,418.0534938669958
8.010385274887085,390.97547732568506
8.010417699813843,361.1842082810097
8.043691158294678,328.140427813831
8.043906688690186,292.1163950597984
8.043936967849731,254.23929857116968
8.04603099822998,216.31642977126992
8.074095487594604,180.5032289168469
8.074382781982422,148.9069356912949
8.076367378234863,123.2220731676581
8.108683586120605,104.47195241243517
8.108886480331421,92.8938786656123
8.10913872718811,87.96756225777888
8.138068914413452,88.55572184845265
8.138298034667969,93.1082820036586
8.138326406478882,99.87917663505402
8.172053337097168,107.11612974667295
8.172288656234741,113.20309212235173
8.172314167022705,116.75447260185518
8.202295303344727,116.6735967289199
8.202457189559937,112.19173087365037
8.202484130859375,102.89875284613248
8.204293727874756,88.76586430139857
8.236361742019653,70.15057267107746
8.236544370651245,47.769390942330766
8.238606691360474,22.62556843482587
8.270982265472412,-4.113236110500009
8.2711923122406,-31.27981089284019
8.271216869354248,-57.89142176865938
8.306392908096313,-83.3154489560537
8.306607246398926,-107.37288700240869
8.306639909744263,-130.34309008098785
8.308420419692993,-152.85521438708258
8.336280584335327,-175.6843598703124
8.336477279663086,-199.50261172198282
8.336546182632446,-224.65402824066655
8.37121057510376,-251.01930814041668
8.371435403823853,-278.01047872057285
8.371460199356079,-304.6981022497859
8.397990465164185,-330.0376039568486
8.398154497146606,-353.1385615396572
8.398180484771729,-373.51402252825
8.400054216384888,-391.2522028173123
8.433196544647217,-407.0651393407675
8.4334237575531,-422.18558986989365
8.436757564544678,-438.10474944088077
8.47621750831604,-456.1701457158979
8.476510763168335,-477.0957570833878
8.477045774459839,-500.4719615954012
8.508532285690308,-524.3924269343177
8.508685827255249,-545.3247525865506
8.508712768554688,-558.3280371376974
8.508740425109863,-557.656887048384
8.544301509857178,-537.6943876407886
8.544480800628662,-494.0498326059201
8.544508457183838,-424.5775932104785
8.57546854019165,-330.05915813688773
8.575672149658203,-214.35991500746385
8.57569670677185,-84.00821809334994
8.57572054862976,52.70499189954437
8.610655069351196,186.8993036437659
8.610817432403564,310.3067639390321
8.610843181610107,416.2859246988012
8.645045280456543,500.49764604161794
8.645229816436768,561.1725253230185
8.645287036895752,598.9766262047705
8.647279977798462,616.5455634209734
8.689299583435059,617.8009040230852
8.68948483467102,607.1835668916275
8.689519882202148,588.935858432221
8.724920749664307,566.5399897873169
8.725075960159302,542.3827657968698
8.72510051727295,517.6721583851277
8.725123882293701,492.58906738632237
8.726916551589966,466.6207755211815
8.761022329330444,438.9941279942052
8.761226654052734,409.1105061856583
8.761277437210083,376.88655483463896
8.7924964427948,342.9276602995129
8.792754411697388,308.50257698314306
8.792792081832886,275.3366626356953
8.795360803604126,245.28315400573632
8.829675436019897,219.95578644310197
8.829838514328003,200.40898349667856
8.831541776657104,186.93630489157712
8.85664439201355,179.0273328289354
8.85685110092163,175.48302710623028
8.85687780380249,174.64993221908497
8.893128633499146,174.70734512529455
8.89335560798645,173.93759275132481
8.89342188835144,170.92754065792846
8.924727201461792,164.67920101091548
8.924884796142578,154.63461954998377
8.924908876419067,140.6358639148074
8.92676568031311,122.84499198347676
8.960591554641724,101.64636153356118
8.960786581039429,77.54802320676303
8.960810899734497,51.09173879989829
8.993101119995117,22.77534911965325
8.99328875541687,-7.009587053175287
8.993314027786255,-38.01815957713749
8.995490550994873,-70.16053957336064
9.030415058135986,-103.47061588650469
9.030617475509644,-138.03444674241024
9.032459259033203,-173.88826464314243
9.064349174499512,-210.9061163743624
9.064557075500488,-248.7051246540686
9.064582824707031,-286.59774682566405
9.066627740859985,-323.6121468855637
9.09252381324768,-358.5851146263173
9.09273386001587,-390.3128250074277
9.092819452285767,-417.7308272695153
9.130308389663696,-440.0908476434633
9.130470037460327,-457.1074145634147
9.1305251121521,-469.05658210125125
9.166595935821533,-476.8161203968739
9.16679835319519,-481.83840057588594
9.166823148727417,-486.04523229740755
9.168907642364502,-491.6327678220509
9.19820237159729,-500.7792161048547
9.198426008224487,-515.2615669218649
9.198452234268188,-536.0105845953146
9.23582935333252,-562.6640670366864
9.236031293869019,-593.2102727930098
9.236061573028564,-623.8343603475073
9.23777151107788,-649.075608743967
9.268060445785522,-662.3602703335858
9.268287897109985,-656.892987228073
9.268312931060791,-626.7845397222222
9.300820350646973,-568.1983751905902
9.301032066345215,-480.253266737112
9.301057815551758,-365.4530025975612
9.30312466621399,-229.5234662578759
9.33403992652893,-80.68440328373536
9.334196090698242,71.48680633200009
9.336030721664429,217.36773523349365
9.367538452148438,348.53706491811784
9.367746829986572,458.74941189889097
9.367771625518799,544.5024188011873
9.400125503540039,605.1430018067119
9.400360822677612,642.5430303385242
9.400388479232788,660.4440316783343
9.429339170455933,663.614911741345
9.429500579833984,656.9812146937267
9.429525136947632,644.8705881853617
9.431396245956421,630.483310422126
9.466821670532227,615.647584625991
9.467038869857788,600.8653837839815
9.469300508499146,585.6040911939842
9.50145697593689,568.7498818438756
9.501732587814331,549.1166575906168
9.50177526473999,525.9014133995006
9.541333198547363,498.99258195304867
9.54154896736145,469.0715168663682
9.541580438613892,437.49573721313794
9.5440034866333,406.00565746630275
9.581105947494507,376.338999996232
9.581353902816772,349.8563591938063
9.58138394355774,327.27218398800113
9.583840608596802,308.5503630191684
9.6160728931427,292.97353928011546
9.616313457489014,279.34745246127375
9.616354942321777,266.2721706061464
9.618633508682251,252.40812356636295
9.663179397583008,236.6821171784595
9.663387537002563,218.40557126054202
9.663419008255005,197.30241354330732
9.709024906158447,173.46093217449186
9.709234237670898,147.2326651501973
9.709298849105835,119.10549056896784
9.709330081939697,89.57904098661875
9.709358930587769,59.06726027529456
9.755585193634033,27.84483628720963
9.755800008773804,-3.9565862565876166
9.755831718444824,-36.30708354769631
9.755862474441528,-69.20503113539372
9.759395599365234,-102.5900619404767
9.800063371658325,-136.26354446104367
9.80023741722107,-169.83733157982923
9.800297498703003,-202.72697699859916
9.800329446792603,-234.19592887990606
9.839979648590088,-263.4437805286241
9.840276002883911,-289.71917083308676
9.84032154083252,-312.43167515060713
9.840359687805176,-331.2389200665213
9.842587232589722,-346.0933664278128
9.8865487575531,-357.24474945047325
9.88675570487976,-365.2059176073766
9.886786937713623,-370.6984350786932
9.889168977737427,-374.5973665570175
9.93376350402832,-377.891147690114
9.933981895446777,-381.6623068918343
9.934022665023804,-387.0799440153356
9.934059619903564,-395.38041907291944
9.936027765274048,-407.8051065214271
9.97542405128479,-425.4672196543037
9.975636720657349,-449.13354513127615
9.975677013397217,-478.9295557536361
9.975714445114136,-514.0057516915587
10.014203786849976,-552.2351811890506
10.014423608779907,-590.0382528320043
10.01444935798645,-622.4386860002094
10.014471530914307,-643.4314708250752
10.052821159362793,-646.6835804603842
10.053027629852295,-626.4973546712099
10.053053855895996,-578.8692639139293
10.053077936172485,-502.4106404886141
10.082067012786865,-398.896389356515
10.082362174987793,-273.28439812093814
10.082399845123291,-133.1797742325098
10.082428455352783,12.145355000327012
10.115825653076172,152.97311210996634
10.116029262542725,280.3716425400029
10.116300106048584,387.2349461512403
10.149937391281128,468.98788238235466
10.1502685546875,523.8842703023538
10.150310039520264,552.8957842318381
10.183445453643799,559.2497580500208
10.183647871017456,547.7182395740671
10.18367600440979,523.7850224853072
10.185770511627197,492.8223767177042
10.212532997131348,459.3970614556177
10.212722539901733,426.798045226055
10.212748289108276,396.8390920745742
10.247183084487915,369.94287838780974
10.247369289398193,345.46558798179757
10.247393608093262,322.17860388474446
10.27687931060791,298.79503778476726
10.277064323425293,274.42228773769847
10.277174711227417,248.84342755019935
10.31051754951477,222.57765422028658
10.310658693313599,196.73036705737056
10.31068468093872,172.69731110979663
10.312819480895996,151.81764443638139
10.345375776290894,135.07095335023163
10.345547199249268,122.88725248608769
10.347472190856934,115.09742267297041
10.374918222427368,111.00801226525277
10.375126123428345,109.55366397751285
10.37515377998352,109.47254247866488
10.408942937850952,109.46346456274026
10.409160852432251,108.30688798601166
10.409188032150269,104.95290460342146
10.439079523086548,98.58922458184101
10.439280033111572,88.69822629318958
10.439306259155273,75.09925935990175
10.441158533096313,57.9606821419411
10.472806215286255,37.76468165095023
10.472990274429321,15.219055727176922
10.475044250488281,-8.87123216452653
10.50277328491211,-33.742929607245806
10.502968549728394,-58.787341773028245
10.50299620628357,-83.60806871115888
10.537753582000732,-108.01292936888815
10.537957191467285,-131.95122092243997
10.537988662719727,-155.42450878871412
10.57218623161316,-178.40495882110685
10.572402954101562,-200.78786788776858
10.572427749633789,-222.38873561213083
10.574610471725464,-242.977986010281
10.602511644363403,-262.3355036264689
10.602704524993896,-280.30601097968116
10.602729558944702,-296.8439688089396
10.637701988220215,-312.0477131744674
10.637903690338135,-326.18925483393605
10.637933731079102,-339.7428305432705
10.672123670578003,-353.40202948160635
10.67234754562378,-368.0588462219446
10.672375440597534,-384.7084388052198
10.674505472183228,-404.2490568382318
10.708494186401367,-427.17107600635234
10.708693504333496,-453.17021004507217
10.708717107772827,-480.7684977511641
10.739464044570923,-507.0653082956027
10.739673852920532,-527.7483873304839
10.7397141456604,-537.4567197730412
10.741781234741211,-530.5033550465719
10.776199340820312,-501.8581521451995
10.776387453079224,-448.1935026223708
10.778480529785156,-368.74781145984565
10.810761451721191,-265.78453956944793
10.81092882156372,-144.5154331603473
10.810954093933105,-12.485280952696376
10.813096523284912,121.46014989083943
10.842615604400635,248.41557387669562
10.842781782150269,360.62693783030323
10.842811584472656,452.45057968005136
10.877842426300049,520.9022107666324
10.878048658370972,565.7281873141928
10.878073930740356,589.03115715961
10.913562297821045,594.5680198341745
10.913814306259155,586.8918545335591
10.91384744644165,570.5209062420101
10.915912628173828,549.2873102946119
10.949920415878296,525.9574639110588
10.950126886367798,502.14372513153324
10.950154781341553,478.4627464659806
10.984937906265259,454.8527329989178
10.985133171081543,430.9457512822736
10.98515796661377,406.4007465577096
10.987230062484741,381.1319998622347
11.025141477584839,355.40614861424245
11.025367498397827,329.81694207767885
11.025392055511475,305.1719904950232
11.06092095375061,282.3365348201694
11.061084985733032,262.0763956996684
11.061111211776733,244.92970148258095
11.061136960983276,231.12172477413344
11.096364974975586,220.52583802060104
11.096623182296753,212.6683859778901
11.096657752990723,206.7738230356643
11.097149133682251,201.84521905695306
11.132497787475586,196.7722380456065
11.132657289505005,190.4543989846891
11.132682085037231,181.92379535870325
11.134417533874512,170.45036296532223
11.168622255325317,155.6151449636653
11.168827295303345,137.3423495953625
11.168857097625732,115.88710746027594
11.205135107040405,91.7802028818432
11.205416679382324,65.73428521106537
11.205450773239136,38.5216188443979
11.207550048828125,10.842088006390703
11.245344400405884,-16.793052001826798
11.245546340942383,-44.13737863391381
11.245574474334717,-71.23065604914073
11.277124404907227,-98.36277139913857
11.277325868606567,-125.98749519948302
11.277351140975952,-154.5998810294829
11.277374029159546,-184.59627456112014
11.317362785339355,-216.14088739715342
11.317572355270386,-249.0662877783689
11.317598581314087,-282.83295695810057
11.319644212722778,-316.56269089195547
11.35790228843689,-349.1449626172131
11.358106136322021,-379.40030265150585
11.35813021659851,-406.2739691744362
11.360339641571045,-429.02770243337176
11.399222373962402,-447.39776590325494
11.399500608444214,-461.69302434715263
11.399535417556763,-472.81454368113833
11.401467561721802,-482.1856365413264
11.430342197418213,-491.5885935937474
11.430547714233398,-502.91277703808305
11.430574655532837,-517.8286249484012
11.430674314498901,-537.4136820900058
11.471038818359375,-561.7716285765798
11.471238374710083,-589.7042186246722
11.471291780471802,-618.5144751508597
11.507893085479736,-644.0263410079916
11.508066415786743,-660.8889605168165
11.508093357086182,-663.1866561559701
11.508117437362671,-645.3031739336777
11.543862104415894,-602.9081277875389
11.544066905975342,-533.8718149662391
11.544091701507568,-438.89920252069754
11.546195983886719,-321.7191047922744
11.585032939910889,-188.76078557958286
11.585236072540283,-48.36601948714765
11.585330486297607,90.31684175549489
11.626696825027466,218.55317874250818
11.626899480819702,329.14334790605585
11.626932144165039,417.26227598073666
11.626962184906006,480.8945283188719
11.628825902938843,520.8172621543467
11.663101434707642,540.1615405580682
11.663336038589478,543.6518615143843
11.663362979888916,536.6743188650286
11.665461301803589,524.3468465596194
11.700490236282349,510.75516931053795
11.70068073272705,498.4768630831303
11.700708866119385,488.45278922689164
11.742760181427002,480.1943479982847
11.742924451828003,472.2505591207661
11.742950201034546,462.81208674231925
11.742979049682617,450.30844606905094
11.778975248336792,433.8654171608695
11.77924132347107,413.53164107157176
11.77934455871582,390.246111111334
11.77937650680542,365.583907488526
11.815901517868042,341.36818788184223
11.816097021102905,319.2598568519549
11.816120147705078,300.42810747095945
11.816377401351929,285.37022086222527
11.853964567184448,273.90065085425346
11.854215860366821,265.2830348126513
11.854267835617065,258.4472226268849
11.85620379447937,252.22384364688958
11.89611554145813,245.54056462113385
11.896336078643799,237.54857768943478
11.896358728408813,227.67347068616758
11.937662601470947,215.60323267741344
11.937865018844604,201.2356326283497
11.937888383865356,184.60945075201326
11.937912940979004,165.8413687691084
11.940107107162476,145.08408805000067
11.97559380531311,122.51262209446288
11.97577953338623,98.33678126080076
11.975805521011353,72.83068992245879
11.978179216384888,46.36483780921011
12.01699948310852,19.42185208781401
12.017201662063599,-7.424073750240771
12.017226934432983,-33.577353888624785
12.019399166107178,-58.53713675028947
12.054640531539917,-82.03423806651887
12.054850339889526,-104.14766557722905
12.05487608909607,-125.35659775423937
12.05709958076477,-146.49603895461266
12.097745656967163,-168.60894042763442
12.097943782806396,-192.71713518330353
12.097974300384521,-219.55882369304823
12.099802732467651,-249.35394841094467
12.139811277389526,-281.657026512528
12.140014171600342,-315.3411463669134
12.140040636062622,-348.7320492753493
12.142224311828613,-379.8830053808541
12.172317266464233,-406.95245474834053
12.172525882720947,-428.6193842199348
12.172552347183228,-444.4510977242841
12.172575235366821,-455.1313203130113
12.215135335922241,-462.4690676808283
12.215364933013916,-469.1426714727334
12.215399503707886,-478.18621377522453
12.252033472061157,-492.288086875765
12.252227783203125,-513.0281561311302
12.252273559570312,-540.2150881724626
12.252299070358276,-571.4874978387211
12.254505634307861,-602.3069552452871
12.289931535720825,-626.4010626169062
12.2900972366333,-636.6237947800873
12.290122270584106,-626.1072341121791
12.33262014389038,-589.5031709465657
12.332831144332886,-524.0728936766056
12.332864046096802,-430.3947329003336
12.332893133163452,-312.5277596844621
12.374707460403442,-177.58330784057765
12.37490725517273,-34.78173271971338
12.374932289123535,105.82614793440382
12.374956369400024,234.73834616918023
12.417606592178345,344.24292766787863
12.417793273925781,429.32064830504
12.417817831039429,488.0778293559283
12.417840242385864,521.6665422070591
12.420032501220703,533.7409425993544
12.456877708435059,529.5768973810435
12.457051277160645,515.0332990609097
12.4570791721344,495.54975232343764
12.459170579910278,475.35493736907625
12.49974274635315,457.00820285369724
12.499921083450317,441.32460020039997
12.49994945526123,427.6543119688157
12.50206708908081,414.4171462285674
12.542724370956421,399.74764533684674
12.542928457260132,382.09714824778223
12.542955160140991,360.66643305780934
12.542978763580322,335.5968696012321
12.581638813018799,307.9132304084512
12.581805229187012,279.26945460539383
12.581830501556396,251.58501842989173
12.581854820251465,226.66717192217646
12.624588966369629,205.89664101290643
12.62478756904602,190.0238802861873
12.624813556671143,179.09319930435478
12.624835968017578,172.48942301509055
12.670719385147095,169.08483507795466
12.670918941497803,167.45062094471004
12.670950651168823,166.08835457248657
12.670976877212524,163.63703460970885
12.725228786468506,159.02137549692077
12.72545838356018,151.5249609755205
12.725485801696777,140.79201866349337
12.725511074066162,126.7775587589512
12.725535154342651,109.67252308701566
12.777587890625,89.82770432238331
12.777784824371338,67.69112667755964
12.77785062789917,43.76358465241045
12.777875900268555,18.570430719057686
12.777899265289307,-7.35412101292928
12.780735731124878,-33.47324341665806
12.83084487915039,-59.24752009248337
12.8310706615448,-84.1338492507518
12.831098794937134,-107.59061884609144
12.831124305725098,-129.09713977955118
12.83147931098938,-148.1919346966892
12.879083156585693,-164.52662514406393
12.879289388656616,-177.92298118169185
12.879318475723267,-188.41488015741893
12.879340887069702,-196.25756791945489
12.879364967346191,-201.89476429887827
12.931519985198975,-205.88870096808407
12.931735754013062,-208.83423764367805
12.931764125823975,-211.2874681474386
12.931790113449097,-213.73522984662506
12.93181562423706,-216.6156976122854
12.979533195495605,-220.37977223197163
12.97974419593811,-225.56708388924508
12.979774236679077,-232.86355053932823
12.979821681976318,-243.10933172059893
12.979874849319458,-257.23474987497934
13.036443948745728,-276.1153573505873
13.036643981933594,-300.3532112307564
13.036672115325928,-330.0071424763892
13.036700963973999,-364.31057278705316
13.036726474761963,-401.43236552167895
13.08389163017273,-438.3509469806009
13.084104776382446,-470.9155216581298
13.08413314819336,-494.1505922761496
13.08415937423706,-502.8158255058215
13.084183931350708,-492.16701170102203
13.085055828094482,-458.79297287331497
13.137561321258545,-401.3551866806698
13.137763500213623,-321.0560306385442
13.137792825698853,-221.71350688082552
13.137820720672607,-109.40682475956652
13.140625,8.252475407329955
13.196763038635254,123.09988311802495
13.196883201599121,227.48415388282808
13.19690752029419,315.24468893286786
13.196930408477783,382.4381894133229
13.19953441619873,427.69422329198375
13.262339115142822,452.14641076582546
13.262497663497925,458.96730963222666
13.262521028518677,452.61246689045674
13.262542724609375,437.93366517004205
13.262563705444336,419.33973165510236
13.262625455856323,400.1612545282965
13.30703616142273,382.3200333876907
13.307229042053223,366.3310776332511
13.307281732559204,351.5933872962657
13.307308435440063,336.8707363186853
13.307330846786499,320.8339768773637
13.307353973388672,302.53542936385634
13.347718000411987,281.71300409110603
13.347946643829346,258.8713728171569
13.347981214523315,235.14807887197875
13.348012924194336,212.02679345812385
13.34998893737793,190.9912052550301
13.401609897613525,173.2130797406072
13.401829957962036,159.34159854568276
13.401861190795898,149.422679156674
13.402312994003296,142.94192903774734
13.456377267837524,138.96160415699202
13.456642866134644,136.3110672332683
13.456686019897461,133.78901313973543
13.456723690032959,130.34135246874334
13.456759691238403,125.18874645717908
13.459157228469849,117.8898089069584
13.512266874313354,108.33761831701665
13.51243805885315,96.697913469475
13.512470722198486,83.30787546991196
13.512501001358032,68.56313452625682
13.514748334884644,52.82287920657891
13.562338829040527,36.35526570400364
13.562568426132202,19.330032352165876
13.562608480453491,1.849441770192297
13.562645673751831,-16.001364082660547
13.562681436538696,-34.10643064679712
13.617317199707031,-52.292456572388325
13.61748218536377,-70.3344898144698
13.617513418197632,-87.9919299796831
13.617543697357178,-105.05948844136337
13.617571592330933,-121.4102840467694
13.619839429855347,-137.0116335956424
13.667961597442627,-151.90744089055963
13.668142795562744,-166.17761972402343
13.668224811553955,-179.8961214525488
13.668310403823853,-193.1092300711322
13.66834306716919,-205.84457921176508
13.707197904586792,-218.1441892389228
13.70740270614624,-230.10076082918144
13.70742917060852,-241.873667548565
13.707454442977905,-253.6717516836138
13.707477569580078,-265.70848162860057
13.75400710105896,-278.1510132924446
13.754188060760498,-291.09000539516126
13.754221200942993,-304.55032602557003
13.754273414611816,-318.54807702629853
13.803099632263184,-333.1812309641506
13.803290605545044,-348.7235851339105
13.803321123123169,-365.67989479125856
13.803348302841187,-384.75905130433705
13.804667472839355,-406.73383619670227
13.844667673110962,-432.1793854769579
13.844853401184082,-461.11661057989045
13.844879865646362,-492.6272544512406
13.844903945922852,-524.544047794205
13.848679542541504,-553.3371791663462
13.848778247833252,-574.3010396243047
13.848808765411377,-582.0853502621562
13.848836660385132,-571.5216336806486
13.903225898742676,-538.5969312624992
13.946998834609985,-481.35825989838577
13.947195053100586,-400.5234878883309
13.947226285934448,-299.635004816347
13.947290897369385,-184.7020275090655
13.947320222854614,-63.39805612727088
13.952306747436523,56.02422615983696
13.952410459518433,165.88815142891394
13.952442169189453,260.1055576421763
13.952470779418945,334.8758783933719
13.952499151229858,388.97137087670154
14.065196752548218,423.5898819933812
14.065449476242065,441.83527285551565
14.065482139587402,447.9484860722188
14.065507173538208,446.4483797554958
14.065531015396118,441.3445813278856
14.06555438041687,435.5562257481696
14.065691947937012,430.61949615288097
14.068463563919067,426.70599483463235
14.068547487258911,422.91497985107213
14.068573474884033,417.7540932549726
14.068598985671997,409.69156830394206
14.068936586380005,397.6536464210254
14.178196668624878,381.3585110529218
14.178447961807251,361.4214954870254
14.178477764129639,339.2256362951868
14.178503513336182,316.6098835851994
14.178527593612671,295.4679047639246
14.181101322174072,277.36386013624974
14.229294776916504,263.25658458351586
14.229509353637695,253.38581031823963
14.229541301727295,247.32490130722329
14.229567050933838,244.1598323183059
14.229590892791748,242.72803541108487
14.290720462799072,241.84895698550596
14.290929317474365,240.4961249008449
14.290961503982544,237.88764444082756
14.290987730026245,233.49825946615368
14.291010856628418,227.0157137197016
14.344393730163574,218.27479759146564
14.344624280929565,207.2026156692242
14.344655990600586,193.7979237312019
14.344684362411499,178.1493043162057
14.344711780548096,160.47855865637038
14.34473729133606,141.1838988667928
14.416622877120972,120.8557223926358
14.416776895523071,100.24573500548459
14.416812419891357,80.18513130235635
14.416862964630127,61.46444917074923
14.416897535324097,44.701178848785574
14.418434381484985,30.227547602933303
14.478996515274048,18.028066124797537
14.479209899902344,7.743956419906444
14.479241371154785,-1.2569360202003552
14.479309558868408,-9.762762600097789
14.47933554649353,-18.57905559187745
14.479359865188599,-28.39552625919448
14.479383945465088,-39.68241025893458
14.485503911972046,-52.63658295501686
14.485596179962158,-67.18941229570503
14.485625743865967,-83.07422897555693
14.4856538772583,-99.93475810100506
14.485681295394897,-117.44245184646776
14.542078733444214,-135.38536685757072
14.542239665985107,-153.69800698246044
14.571326494216919,-172.42153203649335
14.571529388427734,-191.61178786417216
14.571553468704224,-211.2373454910619
14.571575164794922,-231.11909669204138
14.571596622467041,-250.9511442008428
14.573743343353271,-270.4130052945023
14.573821783065796,-289.3460168546127
14.573845863342285,-307.9357045414936
14.620772361755371,-326.82754732385
14.664060592651367,-347.11056729089563
14.664281129837036,-370.13075459733824
14.664307594299316,-397.139940189374
14.664330244064331,-428.83524447546057
14.70635437965393,-464.8847753756864
14.706557750701904,-503.5546189892246
14.70658278465271,-541.5468406447125
14.70660662651062,-574.130682976492
14.70876669883728,-595.6021129328227
14.7539222240448,-600.0425634637116
14.754131555557251,-582.2727353148856
14.754162073135376,-538.8282141869297
14.75418996810913,-468.74681100188434
14.802606582641602,-373.97767885943375
14.802865982055664,-259.3031182157919
14.802896738052368,-131.77883392205123
14.802937269210815,0.19487812480561884
14.804857015609741,127.99055898177421
14.844558954238892,243.85733274391083
14.844817638397217,341.82639341734523
14.844852924346924,418.28227211456846
14.844884395599365,472.1344535019114
14.8472158908844,504.60280102008943
14.892906904220581,518.6989957257783
14.893071413040161,518.5285384809489
14.89309573173523,508.5481559305343
14.895229578018188,492.89756243720296
14.939762592315674,474.89365453435727
14.9400053024292,456.739076188448
14.940030336380005,439.4611153672309
14.94005298614502,423.06337993523226
14.942221403121948,406.8427247830391
14.993667125701904,389.7985641781486
14.99390697479248,371.04494045378175
14.993940114974976,350.13549401595503
14.993969678878784,327.2338650979223
15.061669826507568,303.1036476583591
15.061808824539185,278.9398072306093
15.06184434890747,256.1013635599272
15.061876773834229,235.82151969450658
15.06191110610962,218.9643048732458
15.06478500366211,205.87335325701406
15.122558116912842,196.32956032370566
15.12282109260559,189.60939488767056
15.122868776321411,184.61988465705693
15.122906684875488,180.08002624206094
15.122942924499512,174.71763650194302
15.122978687286377,167.45112528442408
15.126968145370483,157.52719836470735
15.190499782562256,144.59179238923736
15.19063663482666,128.68456336869914
15.190674781799316,110.1636112055101
15.190703868865967,89.58089497369136
15.190733194351196,67.53664257947696
15.191081047058105,44.54345804341111
15.257842302322388,20.92882457331216
15.258082151412964,-3.2024200527211124
15.258115768432617,-27.936870284147837
15.258159399032593,-53.46042094672808
15.258187532424927,-79.92962862806206
15.258213996887207,-107.3430052807702
15.261906623840332,-135.45105708804135
15.326051473617554,-163.73374895701295
15.3261559009552,-191.45452412390608
15.326186656951904,-217.77863935170603
15.326215744018555,-241.92688249971692
15.326245069503784,-263.3265853659038
15.326293230056763,-281.7213404250054
15.329289197921753,-297.20982361976604
15.393671989440918,-310.2023093012032
15.394052028656006,-321.30718189103163
15.394110202789307,-331.1809549253583
15.394172430038452,-340.38540225522127
15.394230127334595,-349.2916136875504
15.394302368164062,-358.05650167358925
15.455650568008423,-366.676792364231
15.455792665481567,-375.10276437069336
15.455824375152588,-383.37526906909005
15.455853700637817,-391.74159259060986
15.45588207244873,-400.71047501222927
15.45590877532959,-411.0211900920261
15.458701372146606,-423.52143037595874
15.522244215011597,-438.9685848902563
15.52251124382019,-457.7837642934796
15.522560119628906,-479.7957735532402
15.522606372833252,-504.01584684862536
15.522652626037598,-528.4868439615514
15.522688865661621,-550.2521204509192
15.588520288467407,-565.4846048799518
15.588656663894653,-569.8009292095404
15.588693380355835,-558.7566423458273
15.588728904724121,-528.4778659223196
15.588762044906616,-476.33958446776194
15.588796615600586,-401.5665312907089
15.591418981552124,-305.6264722424948
15.64928388595581,-192.31438564673704
15.649506568908691,-67.48136017588259
15.649548053741455,61.571898174545055
15.649618148803711,186.9542183334286
15.649647951126099,301.16282775192644
15.649675130844116,398.01915997138184
15.71597409248352,473.3978797762518
15.71609377861023,525.6196410440957
15.716124057769775,555.4449094960336
15.71615219116211,565.6899537756952
15.716180086135864,560.5628043379326
15.716206312179565,544.8652194077913
15.719066619873047,523.2170399769058
15.78151559829712,499.43573346574937
15.78174376487732,476.15844215345436
15.781782627105713,454.7396026046064
15.781818628311157,435.4041570972228
15.781854152679443,417.59113525601214
15.781888246536255,400.39084133315515
15.8324875831604,382.96760896049926
15.832725524902344,364.87317529936473
15.832759380340576,346.1906428313325
15.832789659500122,327.4964394500529
15.832818746566772,309.6748000831967
15.832861423492432,293.65371339079934
15.835501194000244,280.144678730658
15.896982908248901,269.4583403768229
15.897204160690308,261.4377719913858
15.897237300872803,255.51144553164877
15.897303104400635,250.8333207219764
15.900519371032715,246.4593380712074
15.951077938079834,241.51037103497055
15.951371908187866,235.2860737279532
15.951416015625,227.31417292669488
15.951452732086182,217.33925516432626
15.951488256454468,205.26961293708717
15.95152473449707,191.10727642523455
16.009711503982544,174.8847468792119
16.00993776321411,156.62517640656978
16.00997495651245,136.33427842740448
16.010008096694946,114.02371538688924
16.0100417137146,89.75787616678623
16.01253342628479,63.70993260677501
16.062403202056885,36.20933488155701
16.062673330307007,7.761600914414758
16.062715768814087,-20.9755015353433
16.06275200843811,-49.264537975780655
16.062787771224976,-76.39833246058608
16.065311670303345,-101.82095945193187
16.110557794570923,-125.22762164001173
16.110756635665894,-146.61570782370717
16.1107816696167,-166.27129152510096
16.11080527305603,-184.69139323314423
16.112901210784912,-202.45930843526145
16.15333080291748,-220.10397432946965
16.153501510620117,-237.97975030209327
16.153523921966553,-256.1971690625266
16.15354633331299,-274.6196795960468
16.155538320541382,-292.9217114780955
16.19992423057556,-310.6866626862303
16.200127124786377,-327.5153152630955
16.20015239715576,-343.11740781869196
16.20232105255127,-357.3691265088453
16.246134042739868,-370.33270301397715
16.24637222290039,-382.24673809450934
16.246399641036987,-393.50313987264195
16.246423482894897,-404.62547171833904
16.248703479766846,-416.25369938849576
16.282292366027832,-429.12524389355474
16.2824604511261,-444.0280449935919
16.28248381614685,-461.69485308598706
16.282506227493286,-482.6148260662534
16.3291757106781,-506.7613873928722
16.329402446746826,-533.2715360948848
16.32942771911621,-560.1519247870649
16.33165216445923,-584.116771360179
16.369457244873047,-600.6669914371628
16.369660139083862,-604.4867378234738
16.369683980941772,-590.159679399869
16.369707345962524,-553.1072756150563
16.371888399124146,-490.55888638907413
16.41099524497986,-402.31928735332565
16.411157846450806,-291.1283473169411
16.411182165145874,-162.504162624462
16.413143634796143,-24.088655111302913
16.45902180671692,115.37215772494821
16.45918607711792,247.21248671061085
16.4592125415802,363.9770334352801
16.461599111557007,460.30323862640023
16.506717681884766,533.4189299450849
16.506921768188477,583.1979352448114
16.506946325302124,611.8019011984348
16.506969213485718,623.0108484598478
16.509223461151123,621.3930090410345
16.548548460006714,611.4784634579003
16.54875349998474,597.0817796259713
16.54878520965576,580.8740865728573
16.54881238937378,564.2461754859722
16.592796564102173,547.4436377324442
16.592977285385132,529.9047184335307
16.592999696731567,510.70091657433613
16.593021392822266,488.9736709158835
16.636931896209717,464.27619345969885
16.63718819618225,436.76160134879063
16.63722014427185,407.1984404020542
16.637258768081665,376.83370063676057
16.639557123184204,347.1539393426716
16.687845706939697,319.61129800046615
16.688053607940674,295.3798019836095
16.688082933425903,275.18965901845496
16.688109397888184,259.2599187829484
16.7398943901062,247.32255359993985
16.740078449249268,238.7122860778449
16.74010705947876,232.49020154588882
16.740131378173828,227.5738904221366
16.74015474319458,222.85693987482873
16.74272632598877,217.30928184423533
16.790921449661255,210.0537806959355
16.791123151779175,200.41514627045404
16.791155338287354,187.9388213685385
16.79118061065674,172.3827546208433
16.793850421905518,153.69317845798093
16.834986686706543,131.98150253518722
16.83512234687805,107.51677254639701
16.83514642715454,80.73561562636493
16.83516836166382,52.25583934876007
16.837146759033203,22.870190537259685
16.880699157714844,-6.501735635176258
16.88083243370056,-34.91347386816249
16.880857467651367,-61.53464480747046
16.880881786346436,-85.80711468025676
16.92402696609497,-107.5694788768311
16.924189805984497,-127.10452969905486
16.924218893051147,-145.08274633650592
16.924244165420532,-162.4065661921769
16.92640972137451,-179.99234001374757
16.975112676620483,-198.5469364850581
16.975284814834595,-218.39754237520026
16.975310802459717,-239.41674312570726
16.975333213806152,-261.05681909908884
17.020122289657593,-282.47751465365627
17.020371437072754,-302.73001103684805
17.020399808883667,-320.9518824482047
17.020424842834473,-336.5333751889203
17.020450592041016,-349.229836969478
17.084462881088257,-359.2123761443513
17.0846848487854,-367.0637697116726
17.08471655845642,-373.7352937873898
17.08474636077881,-380.47941171884656
17.085240602493286,-388.76277712928817
17.1406033039093,-400.14837101506475
17.140772104263306,-416.1239406662066
17.14080262184143,-437.85612127526537
17.14083194732666,-465.8705475967761
17.14086079597473,-499.6939040039185
17.14088773727417,-537.5322946372485
17.200525045394897,-576.086376264294
17.20074462890625,-610.6042626770859
17.20077633857727,-635.2415332627625
17.200806140899658,-643.7364655606423
17.20083475112915,-630.3297162772818
17.203442096710205,-590.7786572950343
17.24671769142151,-523.2593990301907
17.246927976608276,-428.9399959055775
17.24696159362793,-312.0651664893095
17.24699354171753,-179.50789212584436
17.247029304504395,-39.87557211865206
17.24960970878601,97.64267239926652
17.298398733139038,224.46392674314407
17.298636436462402,333.6316840851059
17.298669815063477,420.5211551519954
17.29871654510498,483.15163510733646
17.345128536224365,522.0973189680536
17.34544849395752,540.049939447949
17.345494985580444,541.1332480421028
17.345531702041626,530.0950999045981
17.345566987991333,511.5093948251262
17.405709505081177,489.11224529911556
17.40591788291931,465.3745342603547
17.405948162078857,441.3733144489847
17.405976057052612,416.96924912655595
17.406003952026367,391.23622622475443
17.467352867126465,363.03591076350386
17.46771812438965,331.59740999829563
17.467762231826782,296.9604405347815
17.46779155731201,260.17390454975055
17.467819213867188,223.2059276607277
17.467845678329468,188.59944282191546
17.470113277435303,158.97421366617692
17.523627758026123,136.50990367291274
17.52384090423584,122.53741335085722
17.52387523651123,117.32421385661472
17.523909330368042,120.08005696522659
17.523948669433594,129.15192644858325
17.57319951057434,142.33877342287514
17.573490381240845,157.2456271729809
17.57352375984192,171.6089269038438
17.57355284690857,183.5485113460706
17.573579788208008,191.7254713134032
17.57360577583313,195.4032640633991
17.616114616394043,194.4209700298943
17.616339921951294,189.09392404912737
17.616371154785156,180.06173607924438
17.616398096084595,168.10996203793013
17.616424322128296,153.99795072748643
17.660879135131836,138.32619774231253
17.661099672317505,121.46777667290479
17.661125659942627,103.57128157699618
17.661148071289062,84.62296429818255
17.710111618041992,64.54061458960315
17.710318088531494,43.2665735201427
17.710344314575195,20.833161112898733
17.710367679595947,-2.612660039232763
17.713749647140503,-26.82302992728912
17.756160974502563,-51.486940096934326
17.756378889083862,-76.27298170248321
17.75640368461609,-100.86200897371414
17.756425857543945,-124.9640288863228
17.75842595100403,-148.3227357822045
17.815733909606934,-170.71547748779662
17.81594491004944,-191.955814740163
17.815978288650513,-211.9030481888082
17.816008806228638,-230.48062833575824
17.81850790977478,-247.70361721230873
17.873498916625977,-263.7134857738011
17.87367606163025,-278.8156042515684
17.873712062835693,-293.50996748867095
17.873749256134033,-308.49858532862925
17.873785495758057,-324.6450705467018
17.936288833618164,-342.8577475895013
17.93652606010437,-363.87387339853717
17.936561346054077,-387.94567799578294
17.936607122421265,-414.4695941822885
17.936634302139282,-441.6480485453206
17.9366614818573,-466.3077395508029
17.98340940475464,-483.99643829912486
17.983590841293335,-489.4296020302457
17.983623266220093,-477.2659202218193
17.983652591705322,-443.0843370597967
17.98368263244629,-384.35196870621854
17.98372793197632,-301.1472906728036
18.044803857803345,-196.45051151205254
18.044992685317993,-75.91739555626683
18.045023441314697,52.823687755764475
18.04505228996277,181.20711279406072
18.045079231262207,300.8912730864905
18.097660541534424,404.82769833266565
18.09784197807312,488.05514482859724
18.097880840301514,548.1052914204936
18.097917079925537,584.9918896085524
18.097966194152832,600.8356541054836
18.098004817962646,599.2356980852186
18.16005563735962,584.526445841131
18.160277366638184,561.0579271957732
18.160313844680786,532.6134455116182
18.16034460067749,502.0386836904608
18.160372495651245,471.10786768631976
18.16294264793396,440.6047148797397
18.21306037902832,410.55770103165344
18.213300943374634,380.54795342387513
18.21333384513855,350.0079437802935
18.213365077972412,318.44906292627104
18.213393926620483,285.58868160774904
18.213739156723022,251.38146739509008
18.261592626571655,215.98582710348842
18.2617290019989,179.70793045467317
18.261765003204346,142.95991568642938
18.26179814338684,106.24857387696686
18.261831283569336,70.1865853087103
18.320120334625244,35.50298108116416
18.320353984832764,3.0286005910277214
18.320383071899414,-26.357924442214223
18.320406675338745,-51.82430149500641
18.322763204574585,-72.70534706009171
18.358416318893433,-88.62505576483002
18.358625650405884,-99.58888834734087
18.35865044593811,-106.01909291723261
18.35867476463318,-108.71954047104641
18.358696699142456,-108.77572899667611
18.361363887786865,-107.41317583517412
18.40882968902588,-105.8468897573471
18.40904998779297,-105.15326593550071
18.4090895652771,-106.18526245136086
18.411591053009033,-109.53705303128915
18.46670413017273,-115.55177880871193
18.466922521591187,-124.35998742074308
18.46695351600647,-135.93667961304783
18.466983795166016,-150.16742273420607
18.469677448272705,-166.9145865468532
18.530195474624634,-186.07279770508381
18.5305118560791,-207.600791153147
18.530574083328247,-231.517873163585
18.530611276626587,-257.859024423691
18.530647039413452,-286.5936877536123
18.532912969589233,-317.52676614134754
18.584348678588867,-350.210353698494
18.584594249725342,-383.89626037336467
18.5846266746521,-417.5519390693346
18.584670543670654,-449.94914471299234
18.584697484970093,-479.8195737033112
18.585058212280273,-506.0573456322925
18.64331293106079,-527.9354652779444
18.643513441085815,-545.2938136081226
18.64354705810547,-558.6524629257933
18.643578052520752,-569.2087792602259
18.643606424331665,-578.690938602443
18.711130380630493,-589.0630461067223
18.7121319770813,-602.1050838726958
18.7121901512146,-618.9207879616026
18.7122163772583,-639.4542915349592
18.71224069595337,-662.1167018218366
18.712286233901978,-683.6294395736122
18.76326608657837,-699.1742056993904
18.76343846321106,-702.8943663867136
18.763463973999023,-688.7203658943365
18.763487815856934,-651.4045018807644
18.763509035110474,-587.572890985184
18.763531923294067,-496.56559564778644
18.763554096221924,-380.86133923123384
18.82668113708496,-245.96943777234506
18.826871871948242,-99.79200961675761
18.826902627944946,48.42408385321699
18.826931953430176,189.34517647577954
18.826959371566772,314.78692698774876
18.880109071731567,418.7142681648809
18.88037633895874,497.84730665740784
18.880417346954346,551.7971339048786
18.880452632904053,582.745777990596
18.880489110946655,594.7656722614047
18.88052487373352,592.931249687459
18.883166790008545,582.3993320213883
18.94508647918701,567.6237355938631
18.945348024368286,551.8280378584814
18.94538426399231,536.7989972143066
18.945414543151855,522.9944168298599
18.94798755645752,509.89675399048446
18.99504518508911,496.5001029823255
18.99529194831848,481.80239602379453
18.99532723426819,465.18938919311813
18.995355129241943,446.63706615210964
18.995384693145752,426.712839157762
18.99541163444519,406.4085119061815
19.059231758117676,386.87553622577457
19.059484481811523,369.1467308018865
19.059516191482544,353.9172286650157
19.05954670906067,341.42819885042456
19.05957841873169,331.4621003615505
19.06249189376831,323.4292360518392
19.10957384109497,316.5084534924174
19.10977339744568,309.80105151710654
19.109809160232544,302.4640501588021
19.10984492301941,293.8030202986745
19.109877586364746,283.32075029629505
19.112492322921753,270.73064626401964
19.173692226409912,255.94845346840043
19.17389702796936,239.07238204648982
19.173930168151855,220.35472370534478
19.17396116256714,200.1633301365134
19.176522493362427,178.93132928484957
19.233389854431152,157.09688859206224
19.233657360076904,135.03916379843784
19.23370099067688,113.0198664640699
19.233739614486694,91.14110029867828
19.23377537727356,69.32917136001888
19.233810663223267,47.35148586372274
19.288743495941162,24.869204938370522
19.28898310661316,1.5211315181187464
19.289016008377075,-22.974857673348776
19.289058685302734,-48.723934475441105
19.289087295532227,-75.58227812747351
19.289113759994507,-103.1266710813095
19.34359335899353,-130.67096407849826
19.34379768371582,-157.32591296093187
19.34382915496826,-182.0950420749767
19.343860626220703,-203.9988065597677
19.34389066696167,-222.2193439575076
19.34651231765747,-236.25599008000268
19.39790678024292,-246.0759699586823
19.39811611175537,-252.23563132788888
19.39815044403076,-255.93817835418815
19.39842987060547,-258.9889364918988
19.398489475250244,-263.613852963579
19.468875646591187,-272.1246074738133
19.469099044799805,-286.44495149545224
19.46913766860962,-307.5548591761552
19.469188928604126,-334.95381628795894
19.469226837158203,-366.2778245709918
19.471760511398315,-397.2089831407865
19.534398317337036,-421.77941164754486
19.53459644317627,-433.0935331873504
19.53463101387024,-424.3898854361108
19.534663438796997,-390.26168946732565
19.534693717956543,-327.7854069812948
19.534724473953247,-237.29761367164318
19.537547826766968,-122.62689411554526
19.600789308547974,9.28569516590755
19.600963830947876,149.2990508017854
19.600995302200317,287.3236684258329
19.601024627685547,413.6632872840353
19.601050853729248,520.2049221076084
19.601077556610107,601.2719405702961
19.603673219680786,654.038859290027
19.6517333984375,678.4974757230527
19.651925563812256,677.0427112334748
19.65196466445923,653.7982913633813
19.65199851989746,613.8213738173796
19.652032613754272,562.3161373717523
19.652064085006714,503.9599115225207
19.709421634674072,442.41230224027896
19.7095947265625,380.0446218546695
19.70962619781494,317.8963209659666
19.709654331207275,255.8383722068849
19.709681272506714,192.9029809547655
