timestamp,Crudo,Filtrado,Normalizado
1761246325.3772154,-528.0,-15.8809,0.6433
1761246325.3997762,-521.0,-14.7944,0.6446
1761246325.4207165,-518.0,-14.4056,0.645
1761246325.4367588,-515.0,-15.2393,0.6441
1761246325.4613504,-506.0,-17.396,0.6416
1761246325.4982793,-503.0,-20.4978,0.6381
1761246325.499011,-494.0,-23.8378,0.6343
1761246325.6917484,-490.0,-26.7313,0.631
1761246325.6952364,-482.0,-28.8159,0.6286
1761246325.697483,-480.0,-30.1471,0.6271
1761246325.698067,-475.0,-31.1391,0.626
1761246325.6986136,-468.0,-32.3443,0.6246
1761246325.7160208,-461.0,-34.0812,0.6227
1761246325.7165382,-458.0,-36.2288,0.6202
1761246325.717044,-444.0,-38.3909,0.6178
1761246325.7330718,-439.0,-40.1045,0.6158
1761246325.733578,-434.0,-41.0119,0.6148
1761246325.7341561,-424.0,-41.1302,0.6146
1761246325.7649605,-417.0,-40.8437,0.615
1761246325.7657652,-417.0,-40.6099,0.6152
1761246325.7945487,-404.0,-40.8312,0.615
1761246325.805717,-400.0,-41.7294,0.614
1761246325.8264503,-394.0,-43.1656,0.6123
1761246325.8480852,-386.0,-44.7916,0.6105
1761246325.8718443,-382.0,-46.3363,0.6087
1761246325.8853633,-375.0,-47.7116,0.6072
1761246325.9084327,-371.0,-49.0059,0.6057
1761246325.93293,-365.0,-50.4024,0.6041
1761246325.94172,-362.0,-52.0699,0.6022
1761246325.9676108,-355.0,-54.0925,0.5999
1761246325.9907722,-352.0,-56.4284,0.5973
1761246325.9969347,-349.0,-58.9487,0.5944
1761246326.0291145,-343.0,-61.5571,0.5914
1761246326.0417793,-340.0,-64.2094,0.5884
1761246326.0660403,-334.0,-66.8317,0.5854
1761246326.091159,-330.0,-69.301,0.5826
1761246326.1167283,-326.0,-71.5046,0.5801
1761246326.117421,-327.0,-73.4607,0.5779
1761246326.1434762,-325.0,-75.4412,0.5757
1761246326.5224915,-329.0,-77.9284,0.5728
1761246326.5231419,-323.0,-81.3504,0.5689
1761246326.523712,-325.0,-85.7409,0.564
1761246326.5477033,-322.0,-90.6379,0.5584
1761246326.5511189,-327.0,-95.4128,0.553
1761246326.5517519,-321.0,-99.6928,0.5481
1761246326.5523932,-322.0,-103.4009,0.5439
1761246326.562923,-325.0,-106.5707,0.5403
1761246326.5757027,-326.0,-109.3711,0.5371
1761246326.576327,-328.0,-112.1582,0.5339
1761246326.5796254,-328.0,-115.2498,0.5304
1761246326.6001923,-332.0,-118.6884,0.5265
1761246326.600782,-331.0,-122.2665,0.5224
1761246326.6013484,-335.0,-125.6902,0.5186
1761246326.6089256,-336.0,-128.7265,0.5151
1761246326.6095634,-340.0,-131.3052,0.5122
1761246326.6101925,-343.0,-133.5359,0.5096
1761246326.6162574,-345.0,-135.6134,0.5073
1761246326.6169965,-352.0,-137.6926,0.5049
1761246326.617576,-355.0,-139.8637,0.5024
1761246326.6258094,-358.0,-142.1632,0.4998
1761246326.6287806,-357.0,-144.4498,0.4972
1761246326.634017,-361.0,-146.3099,0.4951
1761246326.6371188,-361.0,-147.2567,0.494
1761246326.6377861,-362.0,-147.0382,0.4943
1761246326.6641304,-369.0,-145.7664,0.4957
1761246326.6786778,-367.0,-143.8786,0.4979
1761246326.6960366,-369.0,-141.8865,0.5001
1761246326.7180035,-372.0,-140.0215,0.5023
1761246326.7385945,-373.0,-138.2023,0.5043
1761246326.759905,-371.0,-136.2296,0.5066
1761246326.7803273,-375.0,-133.8673,0.5093
1761246326.79979,-376.0,-130.9565,0.5126
1761246326.818341,-380.0,-127.6013,0.5164
1761246326.8431008,-377.0,-124.1158,0.5203
1761246326.8592217,-379.0,-120.7042,0.5242
1761246326.8819516,-385.0,-117.3197,0.5281
1761246326.9072788,-386.0,-113.9227,0.5319
1761246326.9370384,-390.0,-110.6743,0.5356
1761246326.9377255,-397.0,-107.8009,0.5389
1761246326.9685912,-399.0,-105.4614,0.5415
1761246326.9896996,-403.0,-103.6732,0.5436
1761246327.009603,-408.0,-102.2275,0.5452
1761246327.0236669,-407.0,-100.7473,0.5469
1761246327.0438817,-412.0,-98.8242,0.5491
1761246327.067387,-416.0,-96.1725,0.5521
1761246327.0855908,-415.0,-92.7863,0.5559
1761246327.1017623,-422.0,-88.8858,0.5604
1761246327.1173372,-426.0,-84.7729,0.5651
1761246327.1504588,-429.0,-80.7969,0.5696
1761246327.165841,-429.0,-77.194,0.5737
1761246327.191954,-434.0,-73.8562,0.5775
1761246327.2022274,-439.0,-70.4522,0.5813
1761246327.227199,-444.0,-66.8223,0.5855
1761246327.2428453,-451.0,-63.1572,0.5896
1761246327.2576823,-456.0,-59.832,0.5934
1761246327.2926013,-458.0,-57.0948,0.5965
1761246327.3299134,-461.0,-54.7975,0.5991
1761246327.3304777,-469.0,-52.4439,0.6018
1761246327.350517,-475.0,-49.6394,0.605
1761246327.3632622,-478.0,-46.4318,0.6086
1761246327.383071,-479.0,-43.0823,0.6124
1761246327.4023411,-486.0,-39.6449,0.6163
1761246327.4236379,-489.0,-35.9715,0.6205
1761246327.4357932,-494.0,-31.9997,0.625
1761246327.4688754,-496.0,-27.8263,0.6298
1761246327.4827287,-495.0,-23.515,0.6347
1761246327.4977999,-501.0,-18.9389,0.6399
1761246327.5218356,-500.0,-13.9037,0.6456
1761246327.535222,-500.0,-8.3463,0.6519
1761246327.5733044,-504.0,-2.3244,0.6587
1761246327.5759957,-509.0,3.9723,0.6659
1761246327.6001294,-513.0,10.107,0.6729
1761246327.6191227,-513.0,15.5507,0.6791
1761246327.6343732,-520.0,20.0688,0.6842
1761246327.6784124,-522.0,23.8255,0.6885
1761246327.6791935,-524.0,27.1636,0.6923
1761246327.7055273,-527.0,30.4472,0.696
1761246327.7277436,-532.0,33.9637,0.7
1761246327.7340264,-534.0,37.7723,0.7043
1761246327.7587438,-542.0,41.6671,0.7087
1761246327.7924423,-544.0,45.3024,0.7129
1761246327.7955801,-549.0,48.394,0.7164
1761246327.8228817,-557.0,50.8731,0.7192
1761246327.8378346,-562.0,52.8129,0.7214
1761246327.8622098,-571.0,54.2577,0.723
1761246327.8820345,-576.0,55.2055,0.7241
1761246327.9132776,-580.0,55.7299,0.7247
1761246327.91394,-588.0,56.0871,0.7251
1761246327.9392023,-591.0,56.6287,0.7257
1761246327.9559042,-605.0,57.5443,0.7268
1761246327.985732,-610.0,58.6553,0.728
1761246328.0058036,-616.0,59.5255,0.729
1761246328.0272434,-614.0,59.9702,0.7295
1761246328.0430975,-619.0,60.4582,0.7301
1761246328.0541937,-626.0,61.8046,0.7316
1761246328.0857632,-630.0,64.3997,0.7346
1761246328.1041815,-628.0,67.9268,0.7386
1761246328.1180902,-635.0,71.8456,0.743
1761246328.1405058,-638.0,75.8047,0.7475
1761246328.1606798,-641.0,79.5813,0.7518
1761246328.1826146,-640.0,83.0528,0.7558
1761246328.1972198,-645.0,86.327,0.7595
1761246328.2236142,-644.0,89.6694,0.7633
1761246328.2398553,-647.0,93.2735,0.7674
1761246328.2641394,-647.0,97.1653,0.7718
1761246328.284812,-640.0,101.311,0.7765
1761246328.300938,-651.0,105.7487,0.7816
1761246328.3203268,-651.0,110.3795,0.7868
1761246328.3417292,-653.0,114.702,0.7917
1761246328.3644562,-657.0,118.1123,0.7956
1761246328.3756716,-664.0,120.3254,0.7981
1761246328.4097624,-664.0,121.3682,0.7993
1761246328.4263575,-663.0,121.5378,0.7995
1761246328.4425387,-670.0,121.4391,0.7994
1761246328.46203,-671.0,121.6731,0.7997
1761246328.475056,-679.0,122.3761,0.8005
1761246328.5035853,-678.0,123.1947,0.8014
1761246328.5196316,-679.0,123.7227,0.802
1761246328.535288,-684.0,123.9116,0.8022
1761246328.5588584,-684.0,124.0083,0.8023
1761246328.5816786,-681.0,124.2833,0.8026
1761246328.6087685,-686.0,124.9722,0.8034
1761246328.6299157,-687.0,126.1768,0.8048
1761246328.6385577,-687.0,127.6845,0.8065
1761246328.6546144,-688.0,129.1121,0.8081
1761246328.6857462,-688.0,130.2228,0.8094
1761246328.7038138,-698.0,130.9432,0.8102
1761246328.720431,-700.0,131.0883,0.8104
1761246328.744143,-696.0,130.3591,0.8095
1761246328.765362,-700.0,128.8185,0.8078
1761246328.779095,-701.0,127.0564,0.8058
1761246328.8263476,-701.0,125.6994,0.8042
1761246328.8291664,-706.0,124.9705,0.8034
1761246328.8469243,-704.0,124.6666,0.8031
1761246328.8627367,-708.0,124.389,0.8027
1761246328.8880217,-710.0,123.8075,0.8021
1761246328.9126186,-712.0,122.7476,0.8009
1761246328.9132323,-712.0,121.1946,0.7991
1761246328.9382157,-710.0,119.3545,0.797
1761246328.9966383,-711.0,117.6437,0.7951
1761246328.9972465,-711.0,116.4629,0.7937
1761246328.9977984,-711.0,115.9175,0.7931
1761246329.0268264,-710.0,115.7836,0.793
1761246329.0413396,-703.0,115.7772,0.793
1761246329.075629,-696.0,115.9211,0.7931
1761246329.0763254,-700.0,116.5805,0.7939
1761246329.0993958,-709.0,117.8376,0.7953
1761246329.1321511,-722.0,118.7485,0.7963
1761246329.1327012,-736.0,117.4558,0.7949
1761246329.1630633,-741.0,112.268,0.789
1761246329.1746306,-748.0,102.8984,0.7783
1761246329.1934264,-756.0,90.8316,0.7646
1761246329.2203712,-773.0,78.3583,0.7504
1761246329.243436,-790.0,67.0123,0.7375
1761246329.2619069,-806.0,56.7491,0.7259
1761246329.2738788,-839.0,46.3195,0.714
1761246329.2976286,-869.0,34.0231,0.7
1761246329.3212497,-929.0,18.0899,0.6819
1761246329.345851,-1009.0,-3.489,0.6574
1761246329.352561,-1159.0,-33.8429,0.6229
1761246329.3755352,-1384.0,-78.8087,0.5718
1761246329.4110138,-1640.0,-147.9183,0.4933
1761246329.4172769,-1915.0,-252.1308,0.3749
1761246329.4444082,-2213.0,-398.1921,0.2089
1761246329.463153,-2513.0,-583.9658,0.0
1761246329.48168,-2801.0,-798.237,0.0
1761246329.50036,-3079.0,-1024.1553,0.0
1761246329.5137632,-3424.0,-1244.583,0.0
1761246329.548039,-3645.0,-1447.4233,0.0
1761246329.5671463,-3465.0,-1623.2256,0.0
1761246329.5852952,-3226.0,-1751.0681,0.0
1761246329.605714,-3241.0,-1793.2048,0.0
1761246329.6218004,-3543.0,-1722.1479,0.034
1761246329.648141,-3914.0,-1560.4506,0.1113
1761246329.665723,-4290.0,-1386.0627,0.1947
1761246329.6814306,-4818.0,-1292.5004,0.2394
1761246329.7021177,-5281.0,-1340.7012,0.2164
1761246329.719815,-5009.0,-1530.6012,0.1256
1761246329.7358704,-4102.0,-1784.8055,0.004
1761246329.770327,-3375.0,-1951.7938,0.0
1761246329.784362,-3070.0,-1866.5128,0.0379
1761246329.7998652,-2840.0,-1454.5369,0.221
1761246329.8291018,-2622.0,-789.8063,0.5165
1761246329.8397572,-2474.0,-49.7239,0.8455
1761246329.8807743,-2319.0,586.6957,1.0
1761246329.8815744,-2164.0,1018.3812,1.0
1761246329.9035196,-1977.0,1243.2605,1.0
1761246329.9269307,-1778.0,1330.2095,1.0
1761246329.9558387,-1651.0,1369.5756,1.0
1761246329.956521,-1571.0,1428.5358,1.0
1761246329.985875,-1520.0,1528.5348,1.0
1761246329.9981472,-1452.0,1650.4222,1.0
1761246330.0233922,-1365.0,1758.7655,1.0
1761246330.0356948,-1322.0,1827.2052,1.0
1761246330.0565286,-1444.0,1848.4432,1.0
1761246330.078442,-1694.0,1825.0292,0.9938
1761246330.110655,-1954.0,1754.1515,0.9752
1761246330.1113396,-2162.0,1625.0764,0.9412
1761246330.1408768,-2350.0,1432.2052,0.8905
1761246330.1530433,-2551.0,1187.8789,0.8262
1761246330.1770256,-2838.0,919.9645,0.7557
1761246330.195718,-3222.0,655.3892,0.6861
1761246330.221441,-3718.0,402.8909,0.6196
1761246330.2373083,-4516.0,145.7231,0.5519
1761246330.2513697,-5777.0,-157.8595,0.4721
1761246330.2866678,-7657.0,-574.5585,0.3624
1761246330.300232,-10929.0,-1202.0945,0.1973
1761246330.3207686,-16203.0,-2189.6455,0.0
1761246330.3415987,-22638.0,-3761.8599,0.0
1761246330.3555875,-27630.0,-6173.3652,0.0
1761246330.3847435,-31470.0,-9531.084,0.0
1761246330.3905785,-34160.0,-13592.4844,0.0
1761246330.415355,-35856.0,-17751.0312,0.0
1761246330.4394767,-38031.0,-21267.4531,0.0
1761246330.4530773,-39218.0,-23595.3105,0.0
1761246330.4719734,-39561.0,-24577.0625,0.0
1761246330.4978442,-39464.0,-24394.7793,0.0069
1761246330.5193908,-39242.0,-23375.4004,0.0455
1761246330.5380623,-39108.0,-21830.2676,0.1039
1761246330.5584936,-31487.0,-19937.7187,0.1756
1761246330.5788493,-17665.0,-17517.1289,0.2672
1761246330.5968347,-9995.0,-13861.1699,0.4055
1761246330.6184711,-7198.0,-8170.6367,0.6209
1761246330.6304939,-6467.0,-483.3633,0.9118
1761246330.6523068,-7127.0,7904.2153,1.0
1761246330.6749647,-10365.0,15024.4785,1.0
1761246330.691727,-23459.0,19162.2109,1.0
1761246330.712,-56953.0,19125.9668,0.9992
1761246330.7365987,-65852.0,13940.9902,0.8806
1761246330.764278,-67272.0,3314.5703,0.6377
1761246330.7766054,-68320.0,-11049.0615,0.3093
1761246330.7978816,-69272.0,-25374.9336,0.0
1761246330.8178287,-69982.0,-35720.0039,0.0
1761246330.8312578,-70305.0,-40026.4844,0.0
1761246330.8607225,-70494.0,-38733.5977,0.0218
1761246330.877345,-70604.0,-33976.9805,0.1022
1761246330.8918438,-70672.0,-28247.4766,0.199
1761246330.9183726,-70723.0,-23332.4961,0.282
1761246330.9306731,-70761.0,-19914.4941,0.3398
1761246330.9556317,-70792.0,-17762.541,0.3762
1761246330.9812253,-70722.0,-16215.9492,0.4023
1761246330.990768,-70525.0,-14644.9492,0.4288
1761246331.0123506,-70273.0,-12705.2607,0.4616
1761246331.0368683,-70204.0,-10368.1865,0.5011
1761246331.0575387,-70284.0,-7814.0957,0.5442
1761246331.0839183,-70520.0,-5291.291,0.5869
1761246331.0933933,-70748.0,-3003.3335,0.6255
1761246331.1142333,-70897.0,-1047.9727,0.6585
1761246331.1371176,-71022.0,590.8232,0.6862
1761246331.1624572,-71096.0,2008.1099,0.7102
1761246331.185228,-71159.0,3321.5671,0.7324
1761246331.1922739,-71209.0,4621.2295,0.7543
1761246331.2230065,-71218.0,5945.3267,0.7767
1761246331.2509503,-71213.0,7285.1289,0.7993
1761246331.2516036,-71200.0,8607.3311,0.8217
1761246331.2766504,-71199.0,9877.293,0.8431
1761246331.300782,-71197.0,11072.2832,0.8633
1761246331.319142,-71207.0,12183.9365,0.8821
1761246331.342728,-71232.0,13213.9785,0.8995
1761246331.349823,-71264.0,14168.0156,0.9156
1761246331.3697834,-71323.0,15050.7246,0.9305
1761246331.394076,-71374.0,15863.9336,0.9443
1761246331.4199564,-71398.0,16607.8047,0.9568
1761246331.4475718,-71417.0,17284.1328,0.9683
1761246331.449833,-71422.0,17898.6953,0.9787
1761246331.4722245,-71426.0,18460.1914,0.9881
1761246331.4946096,-71348.0,18977.5059,0.9969
1761246331.5184906,-71227.0,19458.9121,1.0
1761246331.5305407,-71099.0,19913.1855,1.0
1761246331.5580838,-70922.0,20348.623,1.0
1761246331.5807066,-70771.0,20769.75,1.0
1761246331.5990052,-70725.0,21173.6816,1.0
1761246331.6213555,-70754.0,21546.6465,1.0
1761246331.6325893,-70797.0,21863.8672,1.0
1761246331.6604226,-70820.0,22098.002,1.0
1761246331.678059,-70842.0,22233.1914,1.0
1761246331.6954236,-70852.0,22273.877,1.0
1761246331.7175405,-70910.0,22241.4531,0.9995
1761246331.746054,-71001.0,22161.4805,0.9982
1761246331.7504945,-71093.0,22050.6309,0.9964
1761246331.7787244,-71139.0,21912.5684,0.9942
1761246331.7964542,-71168.0,21744.2637,0.9915
1761246331.8161232,-71178.0,21545.2715,0.9883
1761246331.8476303,-71175.0,21321.6035,0.9847
1761246331.8490968,-71170.0,21082.8984,0.9809
1761246331.876211,-71151.0,20837.1836,0.9769
1761246331.8924615,-71123.0,20587.4512,0.9729
1761246331.9102871,-71083.0,20331.8418,0.9688
1761246331.9473774,-71075.0,20065.916,0.9646
1761246331.949233,-71088.0,19784.0879,0.96
1761246331.968987,-71109.0,19479.8066,0.9552
1761246331.9906757,-71127.0,19146.5059,0.9498
1761246332.014431,-71178.0,18779.9434,0.9439
1761246332.0345814,-71245.0,18379.4805,0.9375
1761246332.054444,-71291.0,17947.1719,0.9306
1761246332.0797758,-71309.0,17487.2441,0.9232
1761246332.0906856,-71300.0,17007.0488,0.9155
1761246332.110453,-71249.0,16517.5586,0.9076
1761246332.1547945,-71153.0,16031.7598,0.8998
1761246332.162411,-71029.0,15561.9199,0.8923
1761246332.1906564,-70920.0,15116.3848,0.8851
1761246332.1913538,-70852.0,14696.043,0.8784
1761246332.2256095,-70772.0,14291.9639,0.8719
1761246332.252547,-70682.0,13887.9854,0.8654
1761246332.2532756,-70596.0,13468.3564,0.8587
1761246332.2819734,-70528.0,13024.5176,0.8515
1761246332.2888324,-70506.0,12555.8105,0.844
1761246332.3095176,-70516.0,12064.7588,0.8361
1761246332.3291872,-70516.0,11552.1133,0.8279
1761246332.348684,-70345.0,11017.8975,0.8193
1761246332.372523,-69894.0,10471.3848,0.8106
1761246332.3888693,-69410.0,9942.7314,0.8021
1761246332.4097526,-69064.0,9477.8682,0.7946
1761246332.4290416,-68774.0,9109.9951,0.7887
1761246332.4504616,-68560.0,8830.8926,0.7842
1761246332.4686577,-68423.0,8589.5449,0.7803
1761246332.4888291,-68350.0,8316.9189,0.776
1761246332.50826,-68313.0,7956.1729,0.7702
1761246332.528637,-68287.0,7481.8101,0.7626
1761246332.5528655,-68268.0,6902.6362,0.7533
1761246332.5816712,-68291.0,6251.1167,0.7428
1761246332.5884614,-68347.0,5565.7056,0.7318
1761246332.6166685,-68420.0,4874.9062,0.7207
1761246332.6317449,-68443.0,4191.0171,0.7097
1761246332.6537876,-68398.0,3515.7075,0.6989
1761246332.6778483,-68332.0,2851.2217,0.6882
1761246332.70307,-68303.0,2206.2407,0.6779
1761246332.7297518,-68286.0,1591.2817,0.668
1761246332.7308528,-68312.0,1009.5505,0.6587
1761246332.755704,-68380.0,452.5067,0.6497
1761246332.780476,-68469.0,-97.2089,0.6409
1761246332.7908258,-68580.0,-658.1475,0.6319
1761246332.8162608,-68687.0,-1242.1418,0.6225
1761246332.8332975,-68840.0,-1850.2678,0.6128
1761246332.8535502,-69026.0,-2474.9221,0.6028
1761246332.8701465,-69225.0,-3106.1667,0.5926
1761246332.88855,-69450.0,-3737.0383,0.5825
1761246332.9102247,-69658.0,-4364.4336,0.5724
1761246332.9347732,-69824.0,-4986.1631,0.5624
1761246332.957102,-69951.0,-5596.6016,0.5526
1761246332.9714289,-70052.0,-6184.3408,0.5432
1761246332.9967043,-70130.0,-6734.6392,0.5344
1761246333.0173082,-70183.0,-7234.9658,0.5263
1761246333.0329654,-70210.0,-7679.5737,0.5192
1761246333.0502706,-70230.0,-8070.2632,0.5129
1761246333.0677993,-70232.0,-8414.2334,0.5074
1761246333.0877748,-70227.0,-8720.8516,0.5025
1761246333.108015,-70227.0,-8998.9639,0.498
1761246333.1281135,-70234.0,-9255.6377,0.4939
1761246333.1483786,-70203.0,-9496.0889,0.4901
1761246333.1727536,-70052.0,-9722.2383,0.4864
1761246333.196005,-69609.0,-9926.7676,0.4831
1761246333.2215207,-69040.0,-10084.8936,0.4806
1761246333.2314045,-68650.0,-10157.0146,0.4794
1761246333.2489972,-68307.0,-10113.0068,0.4801
1761246333.2728786,-68027.0,-9961.5186,0.4826
1761246333.2982824,-67830.0,-9754.5186,0.4859
1761246333.3211792,-67718.0,-9563.9922,0.489
1761246333.3270917,-67660.0,-9451.9492,0.4908
1761246333.3552492,-67628.0,-9451.0391,0.4908
1761246333.3730621,-67617.0,-9560.1406,0.489
1761246333.3987575,-67615.0,-9752.4756,0.4859
1761246333.4173713,-67647.0,-9990.457,0.4821
1761246333.4415243,-67695.0,-10240.6719,0.4781
1761246333.458545,-67734.0,-10483.0039,0.4742
1761246333.480719,-67746.0,-10710.7393,0.4706
1761246333.5120537,-67741.0,-10923.8584,0.4671
1761246333.5125961,-67715.0,-11121.7471,0.464
1761246333.527668,-67683.0,-11300.2314,0.4611
1761246333.547591,-67664.0,-11453.5283,0.4586
1761246333.578929,-67658.0,-11578.4209,0.4566
1761246333.5942006,-67668.0,-11677.4219,0.455
1761246333.6136396,-67714.0,-11758.7432,0.4537
1761246333.6272385,-67763.0,-11833.4902,0.4525
1761246333.6473563,-67792.0,-11911.4297,0.4513
1761246333.6788125,-67800.0,-11996.416,0.4499
1761246333.693612,-67796.0,-12083.8232,0.4485
1761246333.7134197,-67781.0,-12162.4189,0.4473
1761246333.7401445,-67787.0,-12220.0439,0.4463
1761246333.7510054,-67839.0,-12250.0654,0.4458
1761246333.7840757,-67955.0,-12255.9404,0.4458
1761246333.8097868,-68063.0,-12251.2783,0.4458
1761246333.8114421,-68157.0,-12253.5039,0.4458
1761246333.8331392,-68243.0,-12273.7803,0.4455
1761246333.8625467,-68339.0,-12310.6465,0.4449
1761246333.8752837,-68414.0,-12351.9971,0.4442
1761246333.8970413,-68471.0,-12382.2666,0.4437
1761246333.910822,-68515.0,-12388.6289,0.4436
1761246333.932278,-68531.0,-12363.7588,0.444
1761246333.946513,-68532.0,-12305.5723,0.445
1761246333.96732,-68560.0,-12215.75,0.4464
1761246334.000797,-68638.0,-12099.4375,0.4483
1761246334.0094573,-68742.0,-11966.4414,0.4504
1761246334.0279913,-68841.0,-11830.6396,0.4526
1761246334.0540905,-68870.0,-11704.5332,0.4546
1761246334.0701282,-68729.0,-11590.041,0.4564
1761246334.0871813,-68446.0,-11470.1846,0.4584
1761246334.1058319,-68148.0,-11309.4111,0.4609
1761246334.1289432,-67872.0,-11068.5449,0.4648
1761246334.1523023,-67682.0,-10728.1055,0.4703
1761246334.1764638,-67577.0,-10303.9844,0.4771
1761246334.2051442,-67545.0,-9844.4697,0.4845
1761246334.24239,-67553.0,-9410.8643,0.4914
1761246334.2445383,-67592.0,-9053.0195,0.4972
1761246334.257094,-67649.0,-8792.5889,0.5013
1761246334.283344,-67719.0,-8620.8701,0.5041
1761246334.3135347,-67801.0,-8509.0986,0.5059
1761246334.314272,-67921.0,-8423.959,0.5073
1761246334.3276796,-68075.0,-8340.8936,0.5086
1761246334.346936,-68205.0,-8250.21,0.51
1761246334.3703668,-68276.0,-8153.52,0.5116
1761246334.3917818,-68312.0,-8053.4165,0.5132
1761246334.4126334,-68317.0,-7944.9795,0.5149
1761246334.4264445,-68304.0,-7815.752,0.517
1761246334.4507759,-68288.0,-7652.6084,0.5196
1761246334.4859645,-68281.0,-7449.3022,0.5229
1761246334.4870367,-68316.0,-7210.3652,0.5267
1761246334.5174005,-68368.0,-6950.2261,0.5309
1761246334.5488799,-68426.0,-6688.293,0.5351
1761246334.550673,-68484.0,-6441.562,0.5391
1761246334.579714,-68541.0,-6218.373,0.5427
1761246334.5919092,-68596.0,-6016.686,0.5459
1761246334.6193852,-68646.0,-5827.1626,0.5489
1761246334.661769,-68680.0,-5638.4639,0.552
1761246334.6633468,-68714.0,-5441.4746,0.5551
1761246334.678788,-68729.0,-5231.2344,0.5585
1761246334.7042189,-68725.0,-5006.6226,0.5621
1761246334.721121,-68728.0,-4768.6929,0.5659
1761246334.745096,-68753.0,-4519.5762,0.5699
1761246334.7460501,-68787.0,-4263.0405,0.574
1761246334.7845275,-68821.0,-4005.0415,0.5782
1761246334.799562,-68854.0,-3752.1758,0.5822
1761246334.824114,-68906.0,-3508.9702,0.5862
1761246334.8254433,-68969.0,-3276.835,0.5899
1761246334.8640914,-69040.0,-3055.1445,0.5934
1761246334.8651505,-69119.0,-2842.8625,0.5968
1761246334.910974,-69187.0,-2639.0703,0.6001
1761246334.912211,-69231.0,-2442.2114,0.6033
1761246334.9294689,-69289.0,-2248.9558,0.6064
1761246334.9513943,-69209.0,-2053.5327,0.6095
1761246334.9660127,-68862.0,-1844.5894,0.6129
1761246334.9858599,-68534.0,-1599.2959,0.6168
1761246335.0223515,-68251.0,-1286.6321,0.6218
1761246335.0333693,-68017.0,-887.0417,0.6282
1761246335.0609093,-67854.0,-412.016,0.6359
1761246335.0693858,-67763.0,95.3385,0.644
1761246335.0916314,-67733.0,577.6193,0.6517
1761246335.1054332,-67722.0,985.498,0.6583
1761246335.125837,-67718.0,1293.9209,0.6632
1761246335.1560085,-67736.0,1506.6951,0.6667
1761246335.1701243,-67764.0,1648.9487,0.6689
1761246335.1891408,-67833.0,1752.5652,0.6706
1761246335.2207189,-67896.0,1842.5236,0.6721
1761246335.2353132,-67934.0,1930.9066,0.6735
1761246335.255803,-67975.0,2019.7897,0.6749
1761246335.2948089,-67991.0,2108.1978,0.6763
1761246335.2966487,-67983.0,2196.9851,0.6777
1761246335.312689,-67970.0,2290.1948,0.6792
1761246335.334127,-67943.0,2393.4214,0.6809
1761246335.3479245,-67928.0,2510.7366,0.6828
1761246335.371711,-67925.0,2641.9675,0.6849
1761246335.4075959,-67930.0,2781.9006,0.6871
1761246335.4084532,-67970.0,2921.6807,0.6894
1761246335.4409814,-68023.0,3051.4111,0.6915
1761246335.451535,-68075.0,3162.7805,0.6932
1761246335.4766726,-68143.0,3251.502,0.6947
1761246335.4857864,-68224.0,3318.2893,0.6957
1761246335.5101082,-68278.0,3367.6963,0.6965
1761246335.5424864,-68317.0,3406.4678,0.6972
1761246335.5523787,-68348.0,3442.6338,0.6977
1761246335.5771704,-68395.0,3483.9946,0.6984
1761246335.591666,-68447.0,3535.269,0.6992
1761246335.6091154,-68483.0,3596.0317,0.7002
1761246335.6307297,-68507.0,3662.0332,0.7013
1761246335.6461318,-68532.0,3728.9248,0.7023
1761246335.691054,-68566.0,3794.7573,0.7034
1761246335.693378,-68601.0,3859.488,0.7044
1761246335.7092505,-68616.0,3923.3477,0.7055
1761246335.7355301,-68655.0,3986.2219,0.7065
1761246335.748935,-68718.0,4047.4224,0.7074
1761246335.7649362,-68789.0,4104.7271,0.7084
1761246335.7890089,-68755.0,4154.8979,0.7092
1761246335.81078,-68541.0,4199.5044,0.7099
1761246335.8459394,-68258.0,4253.646,0.7108
1761246335.8472533,-68002.0,4346.0132,0.7122
1761246335.8660142,-67780.0,4503.5693,0.7148
1761246335.8855398,-67612.0,4731.499,0.7184
1761246335.9204607,-67534.0,5005.1914,0.7228
1761246335.9300897,-67503.0,5278.8652,0.7272
1761246335.9517822,-67503.0,5503.9126,0.7308
1761246335.9646661,-67528.0,5647.0449,0.7331
1761246335.984355,-67570.0,5699.9263,0.734
1761246336.0089579,-67619.0,5676.9868,0.7336
1761246336.0465457,-67704.0,5604.6904,0.7324
1761246336.0610485,-67787.0,5508.9946,0.7309
1761246336.0897448,-67874.0,5406.9321,0.7293
1761246336.0964496,-67933.0,5305.4517,0.7276
1761246336.1261785,-67969.0,5206.0405,0.726
1761246336.1307158,-67989.0,5110.291,0.7245
1761246336.1570928,-67989.0,5022.5337,0.7231
1761246336.173259,-67998.0,4948.4829,0.7219
1761246336.1901712,-68011.0,4891.8022,0.721
1761246336.2058678,-68028.0,4851.2642,0.7203
1761246336.2232835,-68043.0,4820.7949,0.7199
1761246336.2437115,-68068.0,4792.2485,0.7194
1761246336.2632842,-68106.0,4758.6582,0.7189
1761246336.2856872,-68158.0,4715.7144,0.7182
1761246336.3033118,-68201.0,4661.624,0.7173
1761246336.327185,-68242.0,4596.7598,0.7163
1761246336.3510284,-68279.0,4523.6479,0.7151
1761246336.3738127,-68336.0,4446.2812,0.7138
1761246336.3920317,-68394.0,4368.1763,0.7126
1761246336.4112236,-68449.0,4290.6021,0.7113
1761246336.4422529,-68496.0,4212.7607,0.7101
1761246336.4510372,-68516.0,4133.855,0.7088
1761246336.475067,-68530.0,4055.2827,0.7076
1761246336.4880035,-68562.0,3980.7815,0.7064
1761246336.5111399,-68613.0,3913.7622,0.7053
1761246336.52548,-68657.0,3853.8923,0.7043
1761246336.5453727,-68684.0,3796.7993,0.7034
1761246336.577659,-68705.0,3737.5923,0.7025
1761246336.590637,-68724.0,3674.5625,0.7015
1761246336.610645,-68779.0,3609.489,0.7004
1761246336.62478,-68840.0,3544.4702,0.6994
1761246336.6464403,-68884.0,3478.8369,0.6983
1761246336.6640258,-68822.0,3410.6382,0.6972
1761246336.6873808,-68541.0,3344.0559,0.6962
1761246336.7205756,-68236.0,3297.8279,0.6954
1761246336.7332885,-67966.0,3302.6921,0.6955
1761246336.7539675,-67743.0,3383.0652,0.6968
1761246336.7680736,-67589.0,3536.7009,0.6992
1761246336.7883568,-67495.0,3730.2263,0.7024
1761246336.826467,-67472.0,3912.4937,0.7053
1761246336.8277845,-67478.0,4035.3103,0.7072
1761246336.843215,-67496.0,4070.0403,0.7078
1761246336.8697445,-67511.0,4014.4272,0.7069
1761246336.885397,-67553.0,3888.5964,0.7049
1761246336.906768,-67623.0,3722.9272,0.7022
1761246336.9423175,-67722.0,3543.9163,0.6994
1761246336.9449089,-67826.0,3365.228,0.6965
1761246336.9846268,-67914.0,3187.7983,0.6936
1761246336.9867024,-67967.0,3007.1519,0.6907
1761246337.0115612,-67984.0,2822.1902,0.6878
1761246337.0225513,-67990.0,2639.5593,0.6848
1761246337.054417,-68002.0,2471.1394,0.6821
1761246337.0667386,-68030.0,2326.9001,0.6798
1761246337.0853803,-68058.0,2208.6882,0.6779
1761246337.1111867,-68101.0,2109.2512,0.6763
1761246337.1223488,-68146.0,2016.418,0.6748
1761246337.1591582,-68192.0,1918.9683,0.6733
1761246337.1695743,-68242.0,1810.7893,0.6715
1761246337.1940584,-68307.0,1691.7306,0.6696
1761246337.2088294,-68362.0,1565.499,0.6676
1761246337.2295961,-68423.0,1436.7615,0.6655
1761246337.2438555,-68487.0,1309.2594,0.6635
1761246337.2655,-68572.0,1184.9159,0.6615
1761246337.3030732,-68656.0,1063.3557,0.6595
1761246337.3040726,-68697.0,942.7272,0.6576
1761246337.3388693,-68739.0,822.4967,0.6557
1761246337.3590329,-68791.0,705.5602,0.6538
1761246337.3810954,-68849.0,596.5766,0.6521
1761246337.3956847,-68886.0,498.3514,0.6505
1761246337.417279,-68909.0,410.5833,0.6491
1761246337.4527926,-68929.0,331.7765,0.6478
1761246337.4533374,-68981.0,260.9072,0.6467
1761246337.4687207,-69045.0,196.4654,0.6456
1761246337.4941013,-69107.0,134.7385,0.6446
1761246337.5146086,-69131.0,70.744,0.6436
1761246337.5417817,-68945.0,3.7051,0.6425
1761246337.5437348,-68529.0,-53.4392,0.6416
1761246337.5663054,-68199.0,-68.615,0.6414
1761246337.59943,-67941.0,-3.5334,0.6424
1761246337.604508,-67742.0,157.7358,0.645
1761246337.6248071,-67610.0,390.6135,0.6487
1761246337.652457,-67544.0,638.8735,0.6527
1761246337.6680837,-67523.0,840.5402,0.656
1761246337.6831129,-67524.0,952.4564,0.6578
1761246337.701286,-67536.0,962.2645,0.6579
1761246337.7239587,-67588.0,885.8034,0.6567
1761246337.7411373,-67649.0,753.9464,0.6546
1761246337.7650752,-67743.0,597.0079,0.6521
1761246337.783491,-67836.0,434.4749,0.6494
1761246337.8011594,-67891.0,273.6094,0.6469
1761246337.8212316,-67912.0,115.3581,0.6443
1761246337.8410783,-67903.0,-37.7751,0.6419
1761246337.8631291,-67895.0,-178.3863,0.6396
1761246337.8888571,-67895.0,-297.2946,0.6377
1761246337.9030817,-67903.0,-389.6624,0.6362
1761246337.9216378,-67930.0,-458.6657,0.6351
1761246337.9567409,-67964.0,-514.4932,0.6342
1761246337.9666862,-68006.0,-569.7606,0.6333
1761246337.9903026,-68049.0,-634.3737,0.6323
1761246338.004095,-68094.0,-712.2838,0.631
1761246338.023587,-68146.0,-801.4515,0.6296
1761246338.0543332,-68218.0,-896.5035,0.6281
1761246338.0671353,-68285.0,-992.3747,0.6265
1761246338.0871444,-68364.0,-1086.6189,0.625
1761246338.1213815,-68446.0,-1179.3223,0.6235
1761246338.1221173,-68522.0,-1271.6266,0.6221
1761246338.1549196,-68593.0,-1364.0415,0.6206
1761246338.1667738,-68641.0,-1455.1788,0.6191
1761246338.1873465,-68660.0,-1541.1766,0.6177
1761246338.2258034,-68700.0,-1616.2656,0.6165
1761246338.2299445,-68772.0,-1675.5227,0.6156
1761246338.253764,-68825.0,-1718.7881,0.6149
1761246338.263592,-68860.0,-1751.4283,0.6144
1761246338.2890778,-68894.0,-1780.1385,0.6139
1761246338.3019204,-68937.0,-1808.3268,0.6134
1761246338.3221793,-68960.0,-1835.3588,0.613
1761246338.3552327,-68811.0,-1857.1423,0.6127
1761246338.3685803,-68429.0,-1862.0234,0.6126
1761246338.3900008,-68083.0,-1824.92,0.6132
1761246338.403523,-67794.0,-1713.9352,0.615
1761246338.4241612,-67546.0,-1512.4941,0.6182
1761246338.4518223,-67372.0,-1237.2579,0.6226
1761246338.461543,-67286.0,-935.1782,0.6275
1761246338.4827187,-67255.0,-664.3575,0.6318
1761246338.5177708,-67267.0,-472.4437,0.6349
1761246338.5344539,-67297.0,-382.2814,0.6363
1761246338.5550182,-67327.0,-388.8309,0.6362
1761246338.565404,-67363.0,-466.2478,0.635
1761246338.5806234,-67439.0,-580.7565,0.6332
1761246338.6026394,-67531.0,-704.0349,0.6312
1761246338.6236434,-67608.0,-821.3777,0.6293
1761246338.6557112,-67665.0,-930.7823,0.6275
1761246338.6689305,-67692.0,-1035.2039,0.6259
1761246338.6905823,-67712.0,-1134.9663,0.6243
1761246338.7045026,-67707.0,-1225.319,0.6228
1761246338.7241433,-67719.0,-1299.1276,0.6216
1761246338.7571218,-67738.0,-1351.631,0.6208
1761246338.7704875,-67762.0,-1383.9655,0.6203
1761246338.7912614,-67793.0,-1403.1017,0.62
1761246338.8041837,-67843.0,-1418.554,0.6197
1761246338.8228412,-67888.0,-1438.6124,0.6194
1761246338.8567657,-67941.0,-1467.9016,0.6189
1761246338.8709917,-67994.0,-1506.647,0.6183
1761246338.89032,-68073.0,-1551.853,0.6176
1761246338.9035356,-68139.0,-1599.8232,0.6168
1761246338.9235651,-68213.0,-1648.0295,0.616
1761246338.958351,-68285.0,-1695.261,0.6153
1761246338.960522,-68341.0,-1740.6655,0.6145
1761246338.9919257,-68379.0,-1782.635,0.6139
1761246339.0067225,-68427.0,-1818.1859,0.6133
1761246339.035212,-68456.0,-1843.7582,0.6129
1761246339.0508184,-68485.0,-1856.8464,0.6127
1761246339.0669215,-68541.0,-1857.2423,0.6127
1761246339.0827591,-68614.0,-1847.7926,0.6128
1761246339.0995727,-68690.0,-1834.5084,0.613
1761246339.11974,-68753.0,-1824.6672,0.6132
1761246339.1396031,-68834.0,-1823.1453,0.6132
1761246339.1606288,-68888.0,-1830.1718,0.6131
1761246339.182258,-68884.0,-1841.1528,0.6129
1761246339.2052193,-68593.0,-1845.0485,0.6129
1761246339.2215416,-68165.0,-1818.5016,0.6133
1761246339.2395658,-67817.0,-1724.8751,0.6148
1761246339.2613878,-67519.0,-1531.0922,0.6179
1761246339.2795868,-67298.0,-1233.9246,0.6227
1761246339.303479,-67181.0,-870.9995,0.6285
1761246339.3314166,-67143.0,-507.5267,0.6343
1761246339.343363,-67151.0,-210.0673,0.6391
1761246339.3593948,-67182.0,-22.5561,0.6421
1761246339.3869655,-67227.0,45.614,0.6432
1761246339.4195602,-67276.0,16.2724,0.6427
1761246339.4201198,-67360.0,-72.0519,0.6413
1761246339.4559314,-67475.0,-181.9146,0.6396
1761246339.4693635,-67596.0,-290.0295,0.6378
1761246339.4896996,-67674.0,-389.8884,0.6362
1761246339.503457,-67710.0,-484.1683,0.6347
1761246339.5248613,-67732.0,-573.9737,0.6333
1761246339.5398023,-67749.0,-653.7921,0.632
1761246339.5596,-67759.0,-714.5953,0.631
1761246339.5900571,-67768.0,-750.1299,0.6304
1761246339.6052136,-67785.0,-760.7211,0.6303
1761246339.625275,-67813.0,-753.0178,0.6304
1761246339.6448572,-67851.0,-737.1359,0.6306
1761246339.6634257,-67906.0,-723.12,0.6309
1761246339.681417,-67944.0,-718.1055,0.6309
1761246339.7011652,-68006.0,-724.7305,0.6308
1761246339.7332141,-68069.0,-741.351,0.6306
1761246339.7474146,-68118.0,-764.0479,0.6302
1761246339.768195,-68168.0,-788.4932,0.6298
1761246339.7794974,-68213.0,-810.6897,0.6295
1761246339.799623,-68272.0,-827.5822,0.6292
1761246339.831123,-68308.0,-837.847,0.629
1761246339.855752,-68377.0,-841.9865,0.629
1761246339.8703501,-68456.0,-842.0605,0.629
1761246339.8855467,-68519.0,-841.4105,0.629
1761246339.9001257,-68538.0,-843.029,0.6289
1761246339.918594,-68541.0,-846.1708,0.6289
1761246339.9406755,-68567.0,-844.924,0.6289
1761246339.9587586,-68589.0,-831.8003,0.6291
1761246339.9829347,-68635.0,-803.4708,0.6296
1761246339.9984467,-68665.0,-763.2696,0.6302
1761246340.0234096,-68495.0,-717.2632,0.631
1761246340.0461504,-68178.0,-663.3419,0.6318
1761246340.0597148,-67867.0,-582.1531,0.6331
1761246340.0788174,-67580.0,-443.8633,0.6354
1761246340.0989385,-67351.0,-229.7392,0.6388
1761246340.120199,-67244.0,49.7709,0.6433
1761246340.1381927,-67226.0,353.6593,0.6482
1761246340.1612005,-67272.0,624.848,0.6525
1761246340.1795328,-67323.0,812.3837,0.6555
1761246340.2025204,-67335.0,891.2391,0.6568
1761246340.2242815,-67338.0,870.775,0.6565
1761246340.2391849,-67390.0,787.4681,0.6551
1761246340.266374,-67502.0,684.6802,0.6535
1761246340.2806299,-67658.0,590.9795,0.652
1761246340.2984788,-67759.0,510.7896,0.6507
1761246340.3185236,-67783.0,432.9833,0.6494
1761246340.338204,-67758.0,349.1261,0.6481
1761246340.3584158,-67749.0,265.3813,0.6467
1761246340.3786695,-67756.0,198.6531,0.6457
1761246340.3989456,-67794.0,162.8569,0.6451
1761246340.418199,-67831.0,158.2466,0.645
1761246340.4381597,-67861.0,171.7355,0.6452
1761246340.4590456,-67882.0,185.9219,0.6455
1761246340.4785914,-67919.0,188.8421,0.6455
1761246340.5012782,-67972.0,177.7072,0.6453
1761246340.5208027,-68034.0,155.9546,0.645
1761246340.5443213,-68100.0,128.2444,0.6445
1761246340.5687642,-68167.0,97.4326,0.644
1761246340.5808148,-68223.0,64.6041,0.6435
1761246340.6105964,-68252.0,30.7792,0.643
1761246340.617517,-68266.0,-1.1155,0.6425
1761246340.637388,-68279.0,-25.8303,0.6421
1761246340.6592002,-68296.0,-37.8999,0.6419
1761246340.6818733,-68338.0,-35.0048,0.6419
1761246340.700518,-68378.0,-20.1723,0.6422
1761246340.7229345,-68412.0,-0.7355,0.6425
1761246340.7387552,-68435.0,15.6793,0.6427
1761246340.7574372,-68449.0,25.4225,0.6429
1761246340.7779424,-68455.0,30.3058,0.643
1761246340.79733,-68484.0,35.5882,0.643
1761246340.8180592,-68511.0,45.9445,0.6432
1761246340.83782,-68546.0,62.243,0.6435
1761246340.8585694,-68544.0,81.7197,0.6438
1761246340.883013,-68388.0,102.4856,0.6441
1761246340.9074922,-68102.0,131.4967,0.6446
1761246340.9208624,-67825.0,189.2238,0.6455
1761246340.9450269,-67567.0,301.7704,0.6473
1761246340.9692001,-67352.0,482.8872,0.6502
1761246340.9856791,-67208.0,720.8267,0.654
1761246341.0028284,-67128.0,979.9404,0.6582
1761246341.0395217,-67090.0,1214.3896,0.662
1761246341.040479,-67095.0,1385.2747,0.6647
1761246341.0575252,-67093.0,1473.114,0.6661
1761246341.0802965,-67104.0,1481.3455,0.6663
1761246341.1022155,-67145.0,1430.8204,0.6654
1761246341.1200485,-67218.0,1348.2583,0.6641
1761246341.1437972,-67299.0,1254.4006,0.6626
1761246341.1596239,-67360.0,1158.6643,0.6611
1761246341.17774,-67402.0,1062.1521,0.6595
1761246341.1973774,-67421.0,964.7522,0.658
1761246341.2172716,-67428.0,870.022,0.6564
1761246341.2373164,-67436.0,784.9818,0.6551
1761246341.2575076,-67447.0,716.289,0.654
1761246341.2773674,-67473.0,666.1335,0.6532
1761246341.297421,-67492.0,630.7874,0.6526
1761246341.3167326,-67520.0,602.6172,0.6521
1761246341.3365412,-67552.0,573.8569,0.6517
1761246341.3580015,-67608.0,539.3636,0.6511
1761246341.3765323,-67670.0,496.9115,0.6505
1761246341.39873,-67747.0,445.9569,0.6496
1761246341.4224424,-67809.0,386.7774,0.6487
1761246341.4391599,-67878.0,320.7147,0.6476
1761246341.459606,-67926.0,250.795,0.6465
1761246341.4767246,-67980.0,181.5625,0.6454
1761246341.496457,-68037.0,117.8463,0.6444
1761246341.5164564,-68088.0,62.8526,0.6435
1761246341.5365326,-68139.0,17.099,0.6428
1761246341.5593297,-68182.0,-20.9482,0.6421
1761246341.59215,-68216.0,-53.2849,0.6416
1761246341.6089964,-68258.0,-81.0458,0.6412
1761246341.6294885,-68280.0,-104.1993,0.6408
1761246341.6432173,-68304.0,-122.0601,0.6405
1761246341.668959,-68345.0,-133.9198,0.6403
1761246341.6780953,-68393.0,-140.1906,0.6402
1761246341.6971734,-68458.0,-143.5117,0.6402
1761246341.728124,-68526.0,-148.4508,0.6401
1761246341.7447104,-68556.0,-159.3777,0.6399
1761246341.7694542,-68488.0,-176.5603,0.6396
1761246341.7812471,-68199.0,-190.4075,0.6394
1761246341.8034227,-67913.0,-177.1673,0.6396
1761246341.8166945,-67652.0,-104.9899,0.6408
1761246341.848095,-67429.0,47.328,0.6432
1761246341.8617022,-67244.0,273.2351,0.6469
1761246341.8802378,-67136.0,537.9235,0.6511
1761246341.8964903,-67088.0,792.6307,0.6552
1761246341.9173925,-67082.0,992.7577,0.6584
1761246341.9423268,-67112.0,1111.1917,0.6603
1761246341.9652958,-67119.0,1143.4214,0.6608
1761246341.980692,-67156.0,1104.8113,0.6602
1761246341.9970205,-67213.0,1021.834,0.6589
1761246342.016697,-67298.0,920.3469,0.6572
1761246342.0383606,-67364.0,816.6214,0.6556
1761246342.0553331,-67393.0,716.2068,0.654
1761246342.0755203,-67401.0,619.8602,0.6524
1761246342.0954885,-67401.0,529.9763,0.651
1761246342.1180122,-67400.0,452.0501,0.6497
1761246342.1353612,-67389.0,391.4405,0.6488
1761246342.155733,-67372.0,349.9761,0.6481
1761246342.1760817,-67373.0,325.1329,0.6477
1761246342.1955914,-67398.0,310.9342,0.6475
1761246342.2193584,-67435.0,299.1592,0.6473
1761246342.2361302,-67475.0,281.1624,0.647
1761246342.259198,-67508.0,250.646,0.6465
1761246342.2755349,-67543.0,206.1546,0.6458
1761246342.2971072,-67581.0,151.339,0.6449
1761246342.3156867,-67631.0,92.505,0.644
1761246342.3356845,-67688.0,35.0017,0.643
1761246342.35662,-67739.0,-19.0555,0.6422
1761246342.375854,-67772.0,-70.3104,0.6413
1761246342.3956957,-67801.0,-119.6032,0.6406
1761246342.4156415,-67818.0,-165.8545,0.6398
1761246342.4382017,-67827.0,-206.0355,0.6392
1761246342.460488,-67846.0,-236.8446,0.6387
1761246342.4830277,-67877.0,-256.861,0.6384
1761246342.5198822,-67912.0,-268.0513,0.6382
1761246342.5204177,-67954.0,-275.4488,0.6381
1761246342.5554268,-67972.0,-284.6895,0.6379
1761246342.5559728,-67979.0,-298.7743,0.6377
1761246342.591925,-67995.0,-316.1624,0.6374
1761246342.6037838,-68008.0,-332.1393,0.6371
1761246342.636837,-67918.0,-341.4156,0.637
1761246342.6375427,-67689.0,-337.1212,0.6371
1761246342.671235,-67402.0,-305.9537,0.6376
1761246342.6854393,-67103.0,-228.0158,0.6388
1761246342.7036211,-66861.0,-86.7638,0.6411
1761246342.7344234,-66697.0,116.8284,0.6444
1761246342.7360163,-66631.0,357.2557,0.6482
1761246342.765324,-66618.0,590.1873,0.6519
1761246342.7800732,-66643.0,768.4961,0.6548
1761246342.8094318,-66666.0,860.2966,0.6563
1761246342.8251612,-66692.0,859.8831,0.6563
1761246342.8425322,-66744.0,786.3965,0.6551
1761246342.8593235,-66817.0,671.7692,0.6533
1761246342.874939,-66902.0,545.3458,0.6512
1761246342.8956287,-66980.0,424.0015,0.6493
1761246342.9202397,-67042.0,311.8276,0.6475
1761246342.9443603,-67070.0,206.5576,0.6458
1761246342.9616482,-67074.0,107.0656,0.6442
1761246342.9807231,-67077.0,17.0214,0.6427
1761246343.0041597,-67075.0,-56.9288,0.6416
1761246343.017448,-67089.0,-110.0226,0.6407
1761246343.0384183,-67111.0,-143.1684,0.6402
1761246343.0688705,-67149.0,-163.3542,0.6399
1761246343.0847385,-67179.0,-180.7001,0.6396
1761246343.1086395,-67219.0,-204.0773,0.6392
1761246343.1149342,-67269.0,-237.8466,0.6387
1761246343.1349077,-67316.0,-281.5347,0.638
1761246343.1552405,-67363.0,-331.7071,0.6372
1761246343.174832,-67416.0,-384.0503,0.6363
1761246343.2039723,-67474.0,-435.0192,0.6355
1761246343.2196126,-67526.0,-482.8463,0.6347
1761246343.241852,-67568.0,-527.2849,0.634
1761246343.273734,-67615.0,-568.3949,0.6334
1761246343.2748506,-67661.0,-605.6902,0.6328
1761246343.3088615,-67710.0,-638.4804,0.6322
1761246343.3231246,-67765.0,-666.6667,0.6318
1761246343.3421967,-67797.0,-690.9659,0.6314
1761246343.3559492,-67827.0,-712.0312,0.631
1761246343.375226,-67853.0,-729.2845,0.6308
1761246343.4053721,-67883.0,-741.0513,0.6306
1761246343.4220564,-67927.0,-746.0927,0.6305
1761246343.4396265,-67952.0,-745.0611,0.6305
1761246343.47239,-67983.0,-740.2349,0.6306
1761246343.498546,-68006.0,-733.8549,0.6307
1761246343.4991293,-68016.0,-726.6912,0.6308
1761246343.520233,-67923.0,-716.9036,0.631
1761246343.5370662,-67675.0,-696.9799,0.6313
1761246343.5550075,-67337.0,-649.6276,0.632
1761246343.5757244,-66978.0,-549.189,0.6337
1761246343.603346,-66672.0,-373.4818,0.6365
1761246343.6213558,-66484.0,-120.4758,0.6405
1761246343.6440008,-66424.0,181.6152,0.6454
1761246343.657415,-66432.0,478.9806,0.6502
1761246343.6807613,-66467.0,711.35,0.6539
1761246343.6976304,-66502.0,836.4337,0.6559
1761246343.7192748,-66539.0,846.0106,0.6561
1761246343.7334912,-66598.0,764.9066,0.6548
1761246343.7606938,-66694.0,634.8301,0.6527
1761246343.7838695,-66813.0,493.6252,0.6504
1761246343.8011127,-66913.0,361.837,0.6483
1761246343.8251038,-66997.0,242.4961,0.6464
1761246343.8429286,-67034.0,130.6457,0.6446
1761246343.865467,-67058.0,23.8036,0.6429
1761246343.883031,-67050.0,-73.4629,0.6413
1761246343.8973422,-67038.0,-151.8987,0.64
1761246343.913971,-67045.0,-203.5062,0.6392
1761246343.9340253,-67075.0,-227.1033,0.6388
1761246343.9539137,-67115.0,-230.4862,0.6388
1761246343.9739196,-67160.0,-227.5862,0.6388
1761246343.9937558,-67221.0,-232.2962,0.6387
1761246344.013883,-67282.0,-253.1074,0.6384
1761246344.0338647,-67360.0,-291.4099,0.6378
1761246344.0539508,-67440.0,-343.2927,0.637
1761246344.076135,-67508.0,-402.704,0.636
1761246344.099526,-67566.0,-463.6804,0.635
1761246344.1224854,-67609.0,-520.8423,0.6341
1761246344.1368735,-67655.0,-569.5115,0.6333
1761246344.1542773,-67695.0,-606.3878,0.6327
1761246344.1740644,-67722.0,-630.4001,0.6324
1761246344.194576,-67739.0,-642.4517,0.6322
1761246344.2139611,-67754.0,-644.2242,0.6321
1761246344.2361214,-67766.0,-637.2297,0.6322
1761246344.2641656,-67794.0,-622.8929,0.6325
1761246344.2926476,-67818.0,-603.3633,0.6328
1761246344.2945995,-67843.0,-581.7325,0.6331
1761246344.3185823,-67888.0,-561.2604,0.6335
1761246344.339085,-67947.0,-544.728,0.6337
1761246344.3541563,-68007.0,-534.5092,0.6339
1761246344.3777246,-68048.0,-532.2525,0.6339
1761246344.3980043,-68010.0,-536.8261,0.6339
1761246344.4188554,-67795.0,-540.1804,0.6338
1761246344.4353464,-67479.0,-522.7582,0.6341
1761246344.4527824,-67138.0,-454.6903,0.6352
1761246344.480979,-66833.0,-308.1696,0.6375
1761246344.4955258,-66636.0,-75.8022,0.6413
1761246344.5170245,-66562.0,217.8687,0.646
1761246344.54735,-66568.0,520.0802,0.6508
1761246344.5729766,-66620.0,768.3535,0.6548
1761246344.5767846,-66671.0,914.9143,0.6572
1761246344.593853,-66727.0,944.3693,0.6576
1761246344.6128354,-66792.0,875.7335,0.6565
1761246344.6451437,-66888.0,748.9449,0.6545
1761246344.661008,-66992.0,604.8015,0.6522
1761246344.6881845,-67070.0,469.9204,0.65
1761246344.703786,-67116.0,353.8277,0.6482
1761246344.7197986,-67147.0,255.9202,0.6466
1761246344.7362154,-67133.0,174.0957,0.6453
1761246344.7528148,-67122.0,109.342,0.6442
1761246344.7730718,-67121.0,64.9675,0.6435
1761246344.793161,-67134.0,42.4581,0.6432
1761246344.812949,-67160.0,37.7756,0.6431
1761246344.8333657,-67210.0,41.3909,0.6431
1761246344.852917,-67254.0,41.6952,0.6431
1761246344.8734303,-67314.0,29.4255,0.6429
1761246344.8928254,-67384.0,0.673,0.6425
1761246344.9129415,-67448.0,-43.0174,0.6418
1761246344.932752,-67533.0,-96.8157,0.6409
1761246344.9533348,-67611.0,-155.2948,0.64
1761246344.9730487,-67683.0,-214.3079,0.639
1761246344.9945602,-67769.0,-271.3681,0.6381
1761246345.0171945,-67836.0,-325.1473,0.6373
1761246345.0424747,-67894.0,-374.7595,0.6365
1761246345.0654635,-67937.0,-418.785,0.6358
1761246345.078433,-67978.0,-454.773,0.6352
1761246345.101387,-68017.0,-480.0409,0.6348
1761246345.1240501,-68038.0,-493.1166,0.6346
1761246345.142036,-68057.0,-494.2701,0.6345
1761246345.1683853,-68084.0,-485.0364,0.6347
1761246345.1749918,-68125.0,-467.9359,0.635
1761246345.1980257,-68161.0,-446.702,0.6353
1761246345.2233365,-68215.0,-425.8437,0.6356
1761246345.2473247,-68279.0,-409.5069,0.6359
1761246345.2545078,-68305.0,-400.302,0.6361
1761246345.2724974,-68147.0,-396.4366,0.6361
1761246345.292376,-67815.0,-385.0668,0.6363
1761246345.3122773,-67446.0,-337.5415,0.6371
1761246345.332216,-67087.0,-217.6693,0.639
1761246345.3519294,-66809.0,-2.9199,0.6424
1761246345.3727658,-66668.0,296.3232,0.6472
1761246345.3916593,-66624.0,633.556,0.6526
1761246345.4117758,-66638.0,941.5924,0.6576
1761246345.432346,-66679.0,1159.0098,0.6611
1761246345.4627018,-66710.0,1253.7413,0.6626
1761246345.4970832,-66735.0,1232.1213,0.6623
1761246345.4983368,-66780.0,1130.6173,0.6606
1761246345.5223222,-66884.0,995.748,0.6585
1761246345.5369987,-67011.0,862.8071,0.6563
1761246345.5525095,-67112.0,744.7779,0.6544
1761246345.5725534,-67164.0,636.8141,0.6527
1761246345.5934691,-67192.0,530.4296,0.651
1761246345.611864,-67207.0,424.9392,0.6493
1761246345.632635,-67218.0,328.6385,0.6478
1761246345.6517887,-67242.0,252.0314,0.6465
1761246345.6759555,-67263.0,200.2617,0.6457
1761246345.6993086,-67301.0,170.0073,0.6452
1761246345.7159123,-67340.0,151.6093,0.6449
1761246345.739579,-67381.0,133.9439,0.6446
1761246345.7559693,-67424.0,109.0652,0.6442
1761246345.7783294,-67467.0,74.4334,0.6437
1761246345.7965944,-67509.0,32.3403,0.643
1761246345.8194582,-67574.0,-12.6627,0.6423
1761246345.8352041,-67666.0,-57.0611,0.6416
1761246345.8513312,-67749.0,-100.9387,0.6409
1761246345.8711598,-67808.0,-147.2871,0.6401
1761246345.8931735,-67862.0,-198.1855,0.6393
1761246345.9156568,-67915.0,-251.5355,0.6384
1761246345.9382558,-67957.0,-301.7338,0.6376
1761246345.9513738,-68011.0,-343.0177,0.637
1761246345.9734006,-68063.0,-372.4995,0.6365
1761246345.9911556,-68097.0,-391.1154,0.6362
1761246346.0153964,-68131.0,-402.0599,0.636
1761246346.0314505,-68198.0,-408.4299,0.6359
1761246346.053126,-68284.0,-413.0054,0.6358
1761246346.0849364,-68372.0,-419.6398,0.6357
1761246346.0975728,-68441.0,-432.9007,0.6355
1761246346.113807,-68506.0,-455.1619,0.6352
1761246346.136954,-68580.0,-484.3573,0.6347
1761246346.1606426,-68654.0,-515.1324,0.6342
1761246346.1848822,-68592.0,-541.1155,0.6338
1761246346.2074335,-68188.0,-551.4349,0.6336
1761246346.2315915,-67733.0,-520.7925,0.6341
1761246346.2327933,-67336.0,-409.2899,0.6359
1761246346.2569437,-67006.0,-184.8702,0.6395
1761246346.2759697,-66817.0,147.8681,0.6448
1761246346.2915041,-66752.0,538.6537,0.6511
1761246346.3112504,-66731.0,908.9905,0.6571
1761246346.3317378,-66762.0,1184.2797,0.6615
1761246346.3512807,-66802.0,1322.6239,0.6637
1761246346.378041,-66838.0,1325.8762,0.6638
1761246346.391191,-66903.0,1230.5629,0.6622
1761246346.4124079,-66999.0,1086.5546,0.6599
1761246346.4374201,-67128.0,934.9025,0.6575
1761246346.453102,-67244.0,795.4012,0.6552
1761246346.470801,-67327.0,668.3237,0.6532
1761246346.4924638,-67369.0,546.2786,0.6512
1761246346.5110848,-67375.0,426.4892,0.6493
1761246346.529829,-67359.0,315.6793,0.6475
1761246346.549801,-67369.0,226.1614,0.6461
1761246346.5700853,-67367.0,167.2603,0.6452
1761246346.5897987,-67373.0,138.9733,0.6447
1761246346.6098292,-67373.0,132.2148,0.6446
1761246346.6297748,-67393.0,134.1106,0.6446
1761246346.6498616,-67434.0,133.2436,0.6446
1761246346.6697633,-67472.0,122.1849,0.6444
1761246346.6898801,-67500.0,97.9623,0.644
1761246346.7098832,-67533.0,62.0481,0.6435
1761246346.7348175,-67579.0,19.2944,0.6428
1761246346.7588258,-67622.0,-24.854,0.6421
1761246346.7714531,-67648.0,-66.7771,0.6414
1761246346.8082485,-67675.0,-104.8426,0.6408
1761246346.8208246,-67705.0,-138.2411,0.6403
1761246346.8405173,-67726.0,-166.4158,0.6398
1761246346.8544748,-67733.0,-189.1955,0.6394
1761246346.873137,-67734.0,-206.3014,0.6392
1761246346.8976421,-67737.0,-216.996,0.639
1761246346.911464,-67760.0,-220.739,0.6389
1761246346.9347093,-67792.0,-218.7782,0.639
1761246346.95045,-67842.0,-215.066,0.639
1761246346.9701226,-67887.0,-215.3255,0.639
1761246346.9919648,-67920.0,-224.3731,0.6389
1761246347.0100882,-67863.0,-242.6158,0.6386
1761246347.04049,-67650.0,-261.8666,0.6383
1761246347.0516465,-67307.0,-261.5719,0.6383
1761246347.070748,-66946.0,-210.5989,0.6391
1761246347.0986655,-66657.0,-80.0289,0.6412
1761246347.1211357,-66488.0,137.2888,0.6447
1761246347.1312857,-66433.0,413.7149,0.6491
1761246347.1814735,-66458.0,691.9714,0.6536
1761246347.189097,-66493.0,907.2825,0.657
1761246347.2042184,-66522.0,1014.6175,0.6588
1761246347.2189806,-66547.0,1005.9332,0.6586
1761246347.232902,-66596.0,908.5822,0.6571
1761246347.260962,-66675.0,767.1954,0.6548
1761246347.2782788,-66770.0,621.199,0.6524
1761246347.2995384,-66854.0,490.9633,0.6504
1761246347.3152184,-66901.0,378.0917,0.6485
1761246347.3368106,-66920.0,275.841,0.6469
1761246347.3543444,-66921.0,180.1527,0.6454
1761246347.3714368,-66917.0,93.9362,0.644
1761246347.3942034,-66919.0,23.9507,0.6429
1761246347.4179204,-66924.0,-25.1586,0.6421
1761246347.4424129,-66945.0,-54.7891,0.6416
1761246347.4488375,-66982.0,-72.3228,0.6413
1761246347.469121,-67023.0,-88.137,0.6411
1761246347.491798,-67059.0,-111.494,0.6407
1761246347.5214012,-67095.0,-146.9562,0.6401
1761246347.530997,-67150.0,-193.3844,0.6394
1761246347.549301,-67207.0,-246.1289,0.6385
1761246347.57866,-67240.0,-300.3649,0.6377
1761246347.5952432,-67264.0,-352.3873,0.6368
1761246347.6113951,-67298.0,-399.038,0.6361
1761246347.6297824,-67325.0,-437.7013,0.6355
1761246347.6494858,-67359.0,-467.4145,0.635
1761246347.6693423,-67396.0,-489.4436,0.6346
1761246347.6893127,-67442.0,-506.7725,0.6343
1761246347.7093222,-67491.0,-523.0679,0.6341
1761246347.7294188,-67540.0,-541.4712,0.6338
1761246347.7495914,-67589.0,-563.5862,0.6334
1761246347.7769678,-67638.0,-589.0637,0.633
1761246347.792292,-67695.0,-616.0848,0.6326
1761246347.816147,-67754.0,-642.5762,0.6322
1761246347.8503559,-67812.0,-667.3723,0.6318
1761246347.8508778,-67871.0,-690.3697,0.6314
1761246347.8900146,-67926.0,-711.9194,0.631
1761246347.8905215,-67960.0,-731.9062,0.6307
1761246347.9265783,-67856.0,-747.8731,0.6305
1761246347.9425395,-67555.0,-750.1078,0.6304
1761246347.9682984,-67174.0,-716.119,0.631
1761246347.9758577,-66792.0,-613.8189,0.6326
1761246348.000967,-66518.0,-418.5757,0.6358
1761246348.0237842,-66381.0,-134.5912,0.6403
1761246348.0441453,-66351.0,195.9771,0.6456
1761246348.0688295,-66386.0,505.0452,0.6506
1761246348.0694458,-66431.0,726.1859,0.6541
1761246348.0911074,-66476.0,821.9941,0.6557
1761246348.10797,-66518.0,796.2399,0.6553
1761246348.1279967,-66575.0,685.9922,0.6535
1761246348.148279,-66676.0,540.2685,0.6511
1761246348.1714368,-66799.0,397.6185,0.6489
1761246348.1912806,-66893.0,274.26,0.6469
1761246348.2179701,-66963.0,167.3704,0.6452
1761246348.2430346,-67009.0,67.8385,0.6436
1761246348.2632003,-67024.0,-28.4417,0.642
1761246348.2804875,-67035.0,-117.1055,0.6406
1761246348.297788,-67066.0,-189.318,0.6394
1761246348.3138165,-67093.0,-238.8681,0.6386
1761246348.3289278,-67147.0,-267.1066,0.6382
1761246348.348764,-67211.0,-282.6881,0.6379
1761246348.371303,-67295.0,-297.6891,0.6377
1761246348.388615,-67373.0,-322.7984,0.6373
1761246348.410334,-67448.0,-363.4341,0.6366
1761246348.4283783,-67527.0,-418.308,0.6358
1761246348.4496346,-67605.0,-481.0147,0.6348
1761246348.4683433,-67687.0,-543.6968,0.6337
1761246348.4940686,-67759.0,-600.4371,0.6328
1761246348.51596,-67810.0,-648.3837,0.6321
1761246348.539862,-67822.0,-686.3273,0.6315
1761246348.5586514,-67819.0,-712.1213,0.631
1761246348.579314,-67825.0,-721.9152,0.6309
1761246348.5946186,-67836.0,-712.5281,0.631
1761246348.6123188,-67837.0,-684.7527,0.6315
1761246348.6288793,-67838.0,-643.9563,0.6321
1761246348.6488614,-67845.0,-597.4136,0.6329
1761246348.6750352,-67863.0,-551.4182,0.6336
1761246348.688389,-67897.0,-510.2394,0.6343
1761246348.70861,-67921.0,-476.4077,0.6348
1761246348.7352455,-67946.0,-450.9159,0.6352
1761246348.7606974,-67930.0,-432.5116,0.6355
1761246348.7686121,-67744.0,-415.5485,0.6358
1761246348.7915773,-67394.0,-385.267,0.6363
1761246348.8196414,-67001.0,-314.5503,0.6374
1761246348.8320663,-66659.0,-171.7064,0.6397
1761246348.8475766,-66434.0,59.7583,0.6434
1761246348.8788788,-66339.0,362.7928,0.6483
1761246348.8929908,-66322.0,685.501,0.6535
1761246348.9153934,-66361.0,960.0927,0.6579
1761246348.9292536,-66405.0,1131.1604,0.6606
1761246348.9486797,-66447.0,1177.2183,0.6614
1761246348.9775827,-66508.0,1114.7872,0.6604
1761246348.9930859,-66597.0,985.0142,0.6583
1761246349.0072024,-66702.0,831.9836,0.6558
1761246349.0310228,-66781.0,685.5674,0.6535
1761246349.0482478,-66816.0,557.3406,0.6514
1761246349.0715,-66832.0,447.6965,0.6497
1761246349.0975256,-66827.0,355.2927,0.6482
1761246349.1197984,-66822.0,281.2859,0.647
1761246349.1363504,-66815.0,227.9644,0.6461
1761246349.152233,-66825.0,195.278,0.6456
1761246349.1681252,-66843.0,178.7312,0.6453
1761246349.1872127,-66876.0,169.9064,0.6452
1761246349.2075698,-66915.0,159.1699,0.645
1761246349.2275279,-66960.0,138.9663,0.6447
1761246349.2475667,-67020.0,105.8601,0.6442
1761246349.2672725,-67078.0,60.5385,0.6434
1761246349.28768,-67148.0,6.2269,0.6426
1761246349.3073738,-67197.0,-52.9983,0.6416
1761246349.3274899,-67244.0,-113.0108,0.6407
1761246349.348067,-67285.0,-169.7213,0.6398
1761246349.36782,-67337.0,-219.5363,0.639
1761246349.389005,-67369.0,-260.4868,0.6383
1761246349.4139845,-67402.0,-292.5686,0.6378
1761246349.4353435,-67415.0,-316.7129,0.6374
1761246349.4562383,-67424.0,-333.4429,0.6371
1761246349.4714372,-67441.0,-342.4114,0.637
1761246349.4880033,-67458.0,-343.3523,0.637
1761246349.5077229,-67477.0,-337.3971,0.6371
1761246349.527446,-67494.0,-327.2475,0.6372
1761246349.547637,-67511.0,-316.0328,0.6374
1761246349.567529,-67540.0,-306.0692,0.6376
1761246349.5881248,-67560.0,-298.4652,0.6377
