tiempo_relativo_s,valor_filtrado
0.0022497177124023438,7.8868
0.003844022750854492,8.4336
0.005694389343261719,8.9321
0.007008790969848633,9.3348
0.008168935775756836,9.6429
0.009885072708129883,9.8565
0.011087656021118164,9.9479
0.012280464172363281,9.893
0.013141870498657227,9.6912
0.013936519622802734,9.3542
0.014683008193969727,8.8807
0.015300750732421875,8.2509
0.016317367553710938,7.4592
0.017148494720458984,6.5548
0.017940998077392578,5.6468
0.018606901168823242,4.8531
0.01907634735107422,4.2456
0.019482851028442383,3.8354
0.019892215728759766,3.5854
0.020292043685913086,3.4435
0.020717382431030273,3.3716
0.02111530303955078,3.3385
0.02151322364807129,3.3174
0.021921157836914062,3.2971
0.022321462631225586,3.2456
0.022733211517333984,3.0882
0.023134946823120117,2.7743
0.02353358268737793,2.3377
0.02394247055053711,1.8718
0.024343490600585938,1.45
0.024752140045166016,1.0675
0.02515125274658203,0.659
0.025550127029418945,0.1829
0.025964975357055664,-0.3213
0.026370763778686523,-0.7785
0.02678513526916504,-1.1734
0.02719283103942871,-1.5808
0.02791142463684082,-2.1018
0.028371334075927734,-2.7753
0.028809547424316406,-3.5599
0.029233217239379883,-4.3766
0.029748916625976562,-5.1401
0.030169963836669922,-5.7919
0.03058004379272461,-6.331
0.03099513053894043,-6.8004
0.03140425682067871,-7.2667
0.03199338912963867,-7.8078
0.03241539001464844,-8.4837
0.03283524513244629,-9.3061
0.03325080871582031,-10.2312
0.03366971015930176,-11.2037
0.03408360481262207,-12.2045
0.034497976303100586,-13.2272
0.03491806983947754,-14.2301
0.03533053398132324,-15.1239
0.03574943542480469,-15.805
0.03615856170654297,-16.2322
0.036569833755493164,-16.467
0.03699445724487305,-16.6177
0.037409067153930664,-16.7477
0.037831783294677734,-16.8543
0.038248538970947266,-16.9208
0.038674354553222656,-16.9475
0.03908991813659668,-16.9333
0.03952479362487793,-16.8479
0.039945125579833984,-16.6397
0.04036116600036621,-16.2869
0.04083108901977539,-15.8278
0.041248321533203125,-15.3308
0.04167032241821289,-14.8089
0.04208803176879883,-14.1895
0.04250335693359375,-13.4259
0.04292440414428711,-12.5795
0.043340444564819336,-11.7582
0.0437624454498291,-11.0563
0.044175148010253906,-10.5418
0.04462575912475586,-10.2292
0.04519033432006836,-10.0626
0.045676469802856445,-9.9614
0.046088457107543945,-9.8931
0.046494483947753906,-9.8687
0.046907901763916016,-9.8692
0.04731583595275879,-9.8287
0.0477292537689209,-9.6793
0.04814028739929199,-9.383
0.048636436462402344,-8.9414
0.04920697212219238,-8.389
0.04964184761047363,-7.7766
0.0660548210144043,8.1291
0.0665273666381836,7.8677
0.07331275939941406,7.1078
0.09102463722229004,5.9761
0.09363079071044922,4.6756
0.11502289772033691,3.346
0.11544656753540039,2.0285
0.12339568138122559,0.7326
0.13335347175598145,-0.5145
0.1434314250946045,-1.6751
0.16633200645446777,-2.7138
0.16701769828796387,-3.6049
0.17354297637939453,-4.3312
0.18346548080444336,-4.8977
0.1937568187713623,-5.3554
0.21430563926696777,-5.7914
0.21509003639221191,-6.2773
0.22344350814819336,-6.8121
0.23340511322021484,-7.324
0.24350523948669434,-7.7534
0.26254916191101074,-8.1029
0.26822686195373535,-8.3992
0.2734262943267822,-8.6669
0.28374361991882324,-8.9238
0.29340291023254395,-9.1564
0.3157792091369629,-9.3432
0.31671977043151855,-9.5066
0.32491064071655273,-9.7068
0.33410215377807617,-9.978
0.343458890914917,-10.286
0.3668670654296875,-10.5711
0.3673524856567383,-10.8049
0.373532772064209,-10.9975
0.38340210914611816,-11.1835
0.3936574459075928,-11.3889
0.41373419761657715,-11.5942
0.4142265319824219,-11.7377
0.4236795902252197,-11.7557
0.43351101875305176,-11.6295
0.443587064743042,-11.4059
0.46286654472351074,-11.1641
0.4633646011352539,-10.9565
0.47354793548583984,-10.7839
0.4835836887359619,-10.6177
0.49395322799682617,-10.4346
0.5172932147979736,-10.2256
0.5184469223022461,-9.9882
0.5257229804992676,-9.7276
0.5349841117858887,-9.4367
0.5431673526763916,-9.0631
0.5615508556365967,-8.5428
0.5632901191711426,-7.8622
0.5730578899383545,-7.0757
0.5831506252288818,-6.2885
0.5933799743652344,-5.6123
0.6191327571868896,-5.1224
0.627655029296875,-4.8385
0.6283457279205322,-4.7186
0.6352591514587402,-4.6925
0.6441411972045898,-4.7143
0.665095329284668,-4.7696
0.6662862300872803,-4.8412
0.6741642951965332,-4.8708
0.6839370727539062,-4.7611
0.6941173076629639,-4.4399
0.7141449451446533,-3.9134
0.7147550582885742,-3.2436
0.7239296436309814,-2.4938
0.7338001728057861,-1.7128
0.7440586090087891,-0.935
0.7638213634490967,-0.1731
0.7642536163330078,0.5688
0.7741856575012207,1.2634
0.7839324474334717,1.8658
0.7940633296966553,2.3667
0.8169262409210205,2.8124
0.8180193901062012,3.258
0.8279366493225098,3.7333
0.8341407775878906,4.2558
0.8461737632751465,4.8337
0.8659193515777588,5.4448
0.8664901256561279,6.0282
0.8738291263580322,6.4985
0.8838412761688232,6.7808
0.8939626216888428,6.8404
0.9134011268615723,6.6881
0.9138617515563965,6.3875
0.9237837791442871,6.0506
0.9338927268981934,5.7853
0.9448249340057373,5.6451
0.954296350479126,5.6332
0.9694650173187256,5.7116
0.9774870872497559,5.7969
0.9836905002593994,5.7763
0.9936587810516357,5.4509
1.014369010925293,4.1218
1.015092372894287,-0.5436
1.024296522140503,-14.5309
1.0339257717132568,-50.0216
1.0440680980682373,-127.1406
1.0729765892028809,-272.9025
1.0737512111663818,-516.8755
1.0745861530303955,-886.2058
1.0880448818206787,-1403.6732
1.105189323425293,-2088.9866
1.1057145595550537,-2956.9651
1.1254339218139648,-4010.178
1.1260008811950684,-5240.7725
1.1358857154846191,-6645.3252
1.1533253192901611,-8217.3037
1.153942346572876,-9896.3574
1.175422191619873,-11523.1436
1.1760623455047607,-12863.9277
1.1849849224090576,-13704.3516
1.2012379169464111,-13948.2822
1.205474615097046,-13650.416
1.226471185684204,-12966.0801
1.2270588874816895,-12073.6055
1.2350695133209229,-11122.8672
1.254340648651123,-10207.9043
1.258652687072754,-9352.3164
1.2730906009674072,-8516.3096
1.2750482559204102,-7630.3018
1.2853443622589111,-6638.7266
1.295158863067627,-5525.4775
1.3143424987792969,-4311.1367
1.315983772277832,-3036.1482
1.3249752521514893,-1744.1238
1.334998607635498,-470.9781
1.3449811935424805,759.0929
1.3548901081085205,1932.5876
1.3707749843597412,3043.4409
1.38057541847229,4089.6533
1.3851430416107178,5070.8174
1.394901990890503,5986.7798
1.4194715023040771,6837.1387
1.419996738433838,7621.208
1.4269351959228516,8338.3223
1.4349653720855713,8988.2578
1.445105791091919,9571.3838
1.4553494453430176,10088.5195
1.471250295639038,10540.7373
1.4812204837799072,10929.1406
1.485029935836792,11254.665
1.495091438293457,11518.1006
1.520158052444458,11720.3789
1.520803451538086,11862.9941
1.5300490856170654,11948.3125
1.5349712371826172,11979.6338
1.545100212097168,11961.1816
1.5707728862762451,11898.0059
1.5714571475982666,11795.3672
1.581934928894043,11657.6602
1.5864882469177246,11487.6611
1.5949251651763916,11286.6367
1.6157457828521729,11055.2295
1.6167891025543213,10794.4277
1.6250371932983398,10505.833
1.6347095966339111,10191.2734
1.644836664199829,9852.707
1.6661362648010254,9493.0215
1.6667017936706543,9116.9658
1.676621675491333,8730.8301
1.6844923496246338,8340.7188
1.6950047016143799,7950.6113
1.7149744033813477,7561.5381
1.7155821323394775,7172.4541
1.7244322299957275,6782.332
1.7355732917785645,6391.6523
1.7456214427947998,6001.5898
1.7699055671691895,5611.8398
1.7704203128814697,5219.5532
1.7809123992919922,4820.3037
1.7859020233154297,4410.1152
1.7953171730041504,3987.0835
1.815331220626831,3551.894
1.8242318630218506,3107.634
1.8252677917480469,2659.3496
1.8355162143707275,2213.1694
1.8453850746154785,1775.0466
1.8676633834838867,1349.6724
1.8683280944824219,939.9053
1.878370761871338,546.6641
1.885174036026001,169.2708
1.8952689170837402,-193.7752
1.916151523590088,-543.9327
1.9168157577514648,-882.1342
1.9266104698181152,-1208.8019
1.9354033470153809,-1524.1542
1.945410966873169,-1828.5177
1.968001365661621,-2122.3315
1.9685564041137695,-2405.8643
1.9788131713867188,-2679.0645
1.9853298664093018,-2941.6572
1.9953513145446777,-3193.2122
2.0172219276428223,-3433.1167
2.0177319049835205,-3660.6631
2.028205156326294,-3875.2749
2.0354936122894287,-4076.6807
2.045262336730957,-4264.8911
2.055752992630005,-4440.0312
2.0689332485198975,-4602.1865
2.081803560256958,-4751.3496
2.0853610038757324,-4887.4316
2.0954151153564453,-5010.1904
2.117887258529663,-5118.8613
2.126142978668213,-5211.4971
2.1266562938690186,-5284.5752
2.1353251934051514,-5333.8867
2.1451854705810547,-5356.9448
2.155196189880371,-5355.5215
2.168471097946167,-5336.4263
2.1814262866973877,-5309.7275
2.186016321182251,-5285.2866
2.195127487182617,-5269.5732
2.218316078186035,-5264.3384
2.219052314758301,-5267.3115
2.230083465576172,-5273.9971
2.2353198528289795,-5279.5381
2.245408535003662,-5279.9785
2.2550878524780273,-5272.7236
2.267646551132202,-5256.4082
2.278169870376587,-5230.5698
2.286241054534912,-5195.3389
2.295933246612549,-5151.1709
2.3168435096740723,-5098.6309
2.3173446655273438,-5038.2217
2.3289794921875,-4970.2993
2.3361191749572754,-4895.0913
2.3460569381713867,-4812.7979
2.3574118614196777,-4723.7632
2.3693947792053223,-4628.5562
2.382382392883301,-4527.8203
2.3868210315704346,-4422.1045
2.395846128463745,-4311.8623
2.416102886199951,-4197.4863
2.4167518615722656,-4079.2622
2.426032304763794,-3957.3193
2.4362921714782715,-3831.677
2.4458529949188232,-3702.4302
2.4672751426696777,-3569.9297
2.4678139686584473,-3434.7441
2.478050947189331,-3297.4851
2.485882043838501,-3158.7212
2.4959559440612793,-3019.0483
2.5203866958618164,-2879.2122
2.5208914279937744,-2740.085
2.5327682495117188,-2602.4573
2.536435604095459,-2466.8506
2.545842170715332,-2333.5142
2.567826747894287,-2202.5464
2.5684731006622314,-2074.0488
2.5786633491516113,-1948.2019
2.58589506149292,-1825.1484
2.5957837104797363,-1704.7448
2.6157710552215576,-1586.3574
2.616415023803711,-1468.8217
2.629380702972412,-1350.6713
2.6356258392333984,-1230.6025
2.6456210613250732,-1107.8615
2.668091297149658,-982.3269
2.6686129570007324,-854.4393
2.680342197418213,-725.1086
2.688263177871704,-595.512
2.695460796356201,-466.8162
2.7165327072143555,-340.0113
2.717130661010742,-215.9825
2.729140281677246,-95.725
2.7352607250213623,19.6038
2.745378017425537,128.9476
2.7674267292022705,231.7089
2.768019199371338,327.9242
2.779388427734375,418.2117
2.785963773727417,503.5509
2.7953667640686035,584.9161
2.816781997680664,662.9301
2.8172457218170166,737.8191
2.829451322555542,809.7577
2.836338520050049,879.522
2.84639573097229,949.2145
2.8676395416259766,1022.4899
2.8682308197021484,1103.5928
2.879171133041382,1195.1869
2.886378526687622,1296.2029
2.8966541290283203,1401.3114
2.9168858528137207,1502.5144
2.9173696041107178,1591.9144
2.930375576019287,1664.12
2.9363629817962646,1717.2006
2.946467399597168,1752.1382
2.9679861068725586,1771.5597
2.9685165882110596,1778.6212
2.9802536964416504,1776.4052
2.9872379302978516,1767.6737
2.9964749813079834,1754.7206
3.01706862449646,1739.2458
3.017540454864502,1722.3231
3.0291805267333984,1704.5193
3.036386251449585,1686.1042
3.0464391708374023,1667.1854
3.068192958831787,1647.7002
3.068817138671875,1627.3865
3.080615758895874,1605.8596
3.0869054794311523,1582.7201
3.0964181423187256,1557.6224
3.11879563331604,1530.4507
3.119466781616211,1501.5503
3.1304821968078613,1471.7568
3.1361420154571533,1442.1486
3.1463916301727295,1413.6776
3.1690635681152344,1386.9579
3.1695663928985596,1362.2534
3.18147873878479,1339.401
3.1863913536071777,1317.7322
3.1963396072387695,1296.3252
3.218446731567383,1274.5295
3.229004144668579,1252.3389
3.230199098587036,1230.2898
3.236248731613159,1208.9781
3.24639892578125,1188.663
3.2692534923553467,1169.2346
3.269906520843506,1150.2488
3.2825047969818115,1130.725
3.2864344120025635,1109.062
3.2961769104003906,1083.527
3.3186891078948975,1053.0518
3.3194262981414795,1017.6275
3.3297135829925537,977.9753
3.3356544971466064,934.8389
3.3457202911376953,888.6157
3.3693628311157227,839.6012
3.3699538707733154,788.2921
3.3830459117889404,735.3241
3.387019157409668,681.4067
3.3969388008117676,627.5757
3.41888165473938,575.4351
3.4198992252349854,527.0158
3.429647207260132,484.3055
3.437044382095337,448.6736
3.446664810180664,420.4761
3.46905255317688,399.0699
3.4695181846618652,383.1442
3.4823966026306152,371.1201
3.4869236946105957,361.514
3.4965574741363525,353.2113
3.518824815750122,345.5655
3.519371271133423,338.3229
3.5303938388824463,331.4706
3.5364863872528076,325.1541
3.546560764312744,319.7581
3.57011079788208,316.0435
3.5705790519714355,315.205
3.5840020179748535,318.9352
3.587547779083252,329.4134
3.596529245376587,348.6952
3.6197760105133057,377.5749
3.6203439235687256,414.8568
3.633845329284668,457.2053
3.6364524364471436,499.1694
3.6465446949005127,533.9155
3.6701815128326416,555.1024
3.6706948280334473,558.8829
3.685230255126953,544.7172
3.6863901615142822,514.8392
3.696521759033203,473.09
3.719085216522217,423.7907
3.719547986984253,370.9559
3.731497287750244,317.807
3.736626148223877,266.507
3.7464449405670166,218.1711
3.7694575786590576,173.0514
3.7700648307800293,130.7519
3.7839388847351074,90.5084
3.7868235111236572,51.4994
3.7963979244232178,13.1236
3.8186697959899902,-24.76
3.8192665576934814,-61.709
3.8318119049072266,-96.7647
3.8364741802215576,-128.6877
3.8465659618377686,-156.2461
3.8691368103027344,-178.4894
3.8696606159210205,-195.0329
3.8827104568481445,-206.2531
3.8872947692871094,-213.2996
3.89689302444458,-217.9501
3.9200730323791504,-222.3369
3.928870916366577,-228.5388
3.9294891357421875,-238.0349
3.936558723449707,-251.2529
3.9473767280578613,-267.5046
3.9685652256011963,-285.2742
3.9691321849823,-302.6898
3.9842288494110107,-318.0389
3.9875152111053467,-330.1529
3.9974255561828613,-338.5738
4.018464803695679,-343.4929
4.019026279449463,-345.4833
4.031653165817261,-345.1898
4.037432670593262,-343.1221
4.047350168228149,-339.5809
4.0699450969696045,-334.7282
4.07042121887207,-328.6954
4.085339307785034,-321.5873
4.0872275829315186,-313.4622
4.09735107421875,-304.4223
4.118476390838623,-294.7047
4.119071006774902,-284.5994
4.1332244873046875,-274.2234
4.137361526489258,-263.3858
4.1474995613098145,-251.7032
4.16966986656189,-238.8633
4.170141220092773,-224.8518
4.182924032211304,-209.9874
4.18742299079895,-194.7521
4.197263479232788,-179.615
4.21903133392334,-164.9746
4.219523191452026,-151.1576
4.2340312004089355,-138.3646
4.237332344055176,-126.492
4.2471678256988525,-114.8254
4.269237995147705,-101.6496
4.269973516464233,-84.0587
4.283013105392456,-58.6145
4.287059545516968,-23.0756
4.297040700912476,21.7824
4.3190391063690186,71.644
4.319531202316284,119.9196
4.336151361465454,160.0429
4.338088274002075,187.4488
4.346876621246338,200.4092
4.3568115234375,199.8054
4.371915817260742,188.2753
4.386620759963989,169.1464
4.387126207351685,145.5434
4.396864891052246,119.9363
4.42200493812561,94.068
4.42255711555481,69.0319
4.435961961746216,45.4179
4.436657667160034,23.4689
4.446752309799194,3.1655
4.469999074935913,-15.6874
4.470466375350952,-33.3611
4.486316919326782,-50.1967
4.486827850341797,-66.6508
4.497951507568359,-83.1879
4.51978874206543,-99.982
4.520311594009399,-116.771
4.535269021987915,-133.0381
4.537964582443237,-148.1946
4.547919988632202,-161.6215
4.570945978164673,-172.7592
4.571424961090088,-181.2277
4.586644887924194,-186.8712
4.5881571769714355,-189.7855
4.598121166229248,-190.2903
4.620640516281128,-188.7863
4.621219873428345,-185.6039
4.635935306549072,-180.9809
4.638001203536987,-175.2116
4.647841691970825,-168.7902
4.670648813247681,-162.3089
4.67119574546814,-156.2511
4.686677932739258,-150.9019
4.688009977340698,-146.36
4.698042154312134,-142.6406
4.720499277114868,-139.7596
4.721014022827148,-137.6283
4.7355852127075195,-135.9636
4.738357067108154,-134.4334
4.747969150543213,-132.8084
4.770998954772949,-130.8999
4.771509408950806,-128.4846
4.786972522735596,-125.4181
4.787638902664185,-121.7577
4.797915935516357,-117.6356
4.820239543914795,-113.0203
4.820760250091553,-107.7407
4.8334925174713135,-101.6995
4.8374433517456055,-94.9417
4.847317695617676,-87.6395
4.872301340103149,-80.1412
4.872876405715942,-72.9413
4.886670827865601,-66.5168
4.887477874755859,-61.2172
4.897408485412598,-57.2573
4.919409275054932,-54.6938
4.919995069503784,-53.3862
4.934646129608154,-53.0067
4.937377452850342,-53.081
4.947478532791138,-53.0545
4.972247362136841,-52.3855
4.973450660705566,-50.6162
4.987198114395142,-47.4185
4.987701416015625,-42.6332
4.997299432754517,-36.2191
5.0207860469818115,-28.0154
5.021312952041626,-17.366
5.034747362136841,-2.8962
5.037437677383423,17.1254
5.0475099086761475,43.802
5.071386814117432,76.6282
5.071982145309448,113.2558
5.086857557296753,150.1559
5.088193893432617,183.723
5.098324537277222,211.2127
5.119078636169434,231.113
5.119546413421631,242.9571
5.1348206996917725,246.9521
5.1381635665893555,243.7701
5.148346900939941,234.4656
5.171930551528931,220.2952
5.172408103942871,202.5299
5.18810510635376,182.4715
5.188580274581909,161.476
5.198291063308716,140.7331
5.22127628326416,121.0122
5.22181248664856,102.6107
5.2359466552734375,85.4377
5.23813796043396,69.1868
5.248345613479614,53.5509
5.271850109100342,38.3497
5.272319078445435,23.5531
5.28643536567688,9.2796
5.289390563964844,-4.1671
5.298367738723755,-16.2697
5.318469762802124,-26.4184
5.319087743759155,-34.1239
5.328329563140869,-39.1443
5.344162464141846,-41.5376
5.348153829574585,-41.6629
5.374740123748779,-40.0566
5.375377655029297,-37.2781
5.378584861755371,-33.8735
5.3913984298706055,-30.4015
5.398752927780151,-27.4214
5.421496868133545,-25.41
5.42201566696167,-24.5854
5.437618970870972,-24.7925
5.438114643096924,-25.6445
5.44830322265625,-26.755
5.473108530044556,-27.8486
5.4735798835754395,-28.7989
5.490192651748657,-29.6353
5.4906957149505615,-30.4705
5.497892141342163,-31.355
5.52257227897644,-32.2045
5.523136138916016,-32.9231
5.536173343658447,-33.5421
5.539239168167114,-34.1672
5.548332691192627,-34.8701
5.574462890625,-35.6757
5.5750205516815186,-36.5252
5.589986562728882,-37.1999
5.590728759765625,-37.384
5.597946643829346,-36.8482
5.621768951416016,-35.5503
5.622348308563232,-33.6065
5.637226581573486,-31.2326
5.638762950897217,-28.6657
5.64885401725769,-26.0164
5.6746814250946045,-23.1773
5.675157785415649,-19.9712
5.694850206375122,-16.3613
5.6954426765441895,-12.4534
5.69894814491272,-8.4167
5.723405122756958,-4.5055
5.724731683731079,-1.0371
5.739480257034302,1.7674
5.741502523422241,3.8824
5.748480319976807,5.4441
5.7770538330078125,6.8067
5.777547836303711,8.8133
5.778759241104126,13.1601
5.795135021209717,22.4328
5.798837184906006,39.2633
5.8245158195495605,64.7436
5.825390338897705,97.2372
5.841334819793701,132.6576
5.8419342041015625,166.0523
5.848560810089111,193.2961
5.8754987716674805,211.9347
5.876037359237671,221.2048
5.890188217163086,221.6843
5.893847465515137,214.8008
5.898861646652222,202.2769
5.924533843994141,185.7216
5.925058126449585,166.5423
5.9415178298950195,146.0321
5.94206428527832,125.3676
5.948362350463867,105.4768
5.976259469985962,86.9271
5.976959466934204,69.9193
5.979187726974487,54.3346
5.993545770645142,39.814
5.998861074447632,25.8827
6.0328240394592285,12.0742
6.033667087554932,-1.9229
6.0510337352752686,-16.0771
6.051488161087036,-29.946
6.051943063735962,-42.828
6.060523271560669,-54.0148
6.085548400878906,-62.9926
6.086248397827148,-69.5321
6.103569746017456,-73.6978
6.104379415512085,-75.8076
6.109889268875122,-76.3537
6.139881134033203,-75.9069
6.140722751617432,-75.0396
6.161405324935913,-74.2681
6.162107467651367,-74.002
6.168228626251221,-74.5031
6.170028448104858,-75.8642
6.198177814483643,-78.0468
6.19883918762207,-81.0092
6.199725151062012,-84.8436
6.230700731277466,-89.762
6.231443405151367,-95.9521
6.232208728790283,-103.4545
6.25365948677063,-112.0875
6.254289388656616,-121.3936
6.26111912727356,-130.6737
6.284546136856079,-139.1848
6.28525710105896,-146.3903
6.303778648376465,-152.0501
6.304286956787109,-156.1325
6.310225248336792,-158.6797
6.338498830795288,-159.7112
6.339045524597168,-159.2394
6.339515209197998,-157.4072
6.360994100570679,-154.5495
6.361607789993286,-151.0604
6.38427996635437,-147.2011
6.3933799266815186,-142.9083
6.394302845001221,-137.6806
6.419078350067139,-130.7195
6.419966697692871,-121.2198
6.420426607131958,-108.5437
6.453525543212891,-92.2625
6.4540956020355225,-72.2539
6.454582214355469,-48.8994
6.459430456161499,-23.2031
6.483872890472412,3.2523
6.484519004821777,28.4982
6.509490013122559,50.5818
6.516388416290283,68.0952
6.547292470932007,80.5347
6.547956466674805,88.2664
6.55036735534668,92.1577
6.563647747039795,93.2
6.564228773117065,92.3639
6.570356130599976,90.6556
6.5731871128082275,89.4315
6.589985609054565,91.029
6.590427875518799,99.0571
6.599215984344482,117.2727
6.6262757778167725,147.1758
6.626798391342163,186.2473
6.644689083099365,228.5045
6.645318984985352,266.8879
6.649362087249756,295.6986
6.681243658065796,311.8993
6.683216571807861,315.1946
6.683744192123413,307.2991
6.703180313110352,290.8935
6.703711748123169,268.7103
6.709463834762573,243.0372
6.736886024475098,215.6508
6.737390518188477,187.9039
6.755584001541138,160.793
6.756532430648804,135.0438
6.7604663372039795,111.1911
6.780015468597412,89.5994
6.7804577350616455,70.425
6.79057765007019,53.5288
6.8119752407073975,38.4687
6.812577724456787,24.6809
6.8201189041137695,11.7006
6.858162879943848,-0.7514
6.861440658569336,-12.7705
6.86334490776062,-24.2449
6.890320301055908,-34.8468
6.891986846923828,-44.142
6.8933939933776855,-51.7738
6.89426064491272,-57.5828
6.919841051101685,-61.657
6.920473098754883,-64.3486
6.921268463134766,-66.1627
6.93103289604187,-67.5408
6.966706037521362,-68.7661
6.967551231384277,-70.0491
6.968306303024292,-71.6074
6.970021963119507,-73.643
7.01270318031311,-76.3052
7.01349139213562,-79.6667
7.014444589614868,-83.67
7.018727779388428,-88.0912
7.055298089981079,-92.567
7.05604362487793,-96.6949
7.056854963302612,-100.1893
7.085905075073242,-102.96
7.093771457672119,-105.0384
7.094417095184326,-106.4821
7.095305919647217,-107.3488
7.09722900390625,-107.6658
7.1321728229522705,-107.4041
7.1331565380096436,-106.5372
7.134197235107422,-105.1113
7.135390520095825,-103.2645
7.164514064788818,-101.2432
7.165365695953369,-99.346
7.171924114227295,-97.7489
7.172770738601685,-96.3971
7.205067157745361,-95.0882
7.205894231796265,-93.6193
7.2069385051727295,-91.8526
7.234371185302734,-89.7496
7.23832893371582,-87.3839
7.239800930023193,-84.835
7.242974281311035,-82.0573
7.273284673690796,-78.9032
7.2760350704193115,-75.2747
7.280395746231079,-71.26
7.281520843505859,-67.1293
7.312143564224243,-63.149
7.313091278076172,-59.3624
7.314403533935547,-55.5609
7.3447747230529785,-51.4563
7.345554351806641,-46.8728
7.3677027225494385,-41.8163
7.368230581283569,-36.4146
7.3687427043914795,-30.8622
7.370409727096558,-25.4057
7.4051525592803955,-20.2551
7.406491279602051,-15.4811
7.4073004722595215,-11.0044
7.437025547027588,-6.6242
7.4377121925354,-1.9855
7.438702821731567,3.6638
7.442132472991943,11.7429
7.467144727706909,24.0239
7.467719554901123,41.6918
7.476797580718994,64.531
7.5098607540130615,90.7507
7.5104687213897705,117.4458
7.512868404388428,141.499
7.5409605503082275,160.4739
7.547218084335327,173.0498
7.549037218093872,178.9759
7.580681800842285,178.797
7.581474542617798,173.5347
7.5821192264556885,164.3911
7.583144426345825,152.5329
7.585199594497681,139.0227
7.621699333190918,124.7998
7.623022079467773,110.5764
7.655647039413452,96.7679
7.656521320343018,83.5798
7.657642364501953,71.131
7.688408613204956,59.4925
7.6893439292907715,48.657
7.690274715423584,38.5061
7.696575164794922,28.8762
7.697711944580078,19.6756
7.69845175743103,10.8919
7.735412120819092,2.5606
7.736679792404175,-5.1993
7.737569808959961,-12.175
7.7632410526275635,-18.1178
7.7679102420806885,-22.8348
7.769442319869995,-26.2703
7.776450157165527,-28.5058
7.8104894161224365,-29.7355
7.811321973800659,-30.3279
7.812241315841675,-30.8267
7.813209533691406,-31.7291
7.8141679763793945,-33.2592
7.838695287704468,-35.3901
7.839390993118286,-37.9864
7.844431400299072,-40.8689
7.872993469238281,-43.8412
7.873454570770264,-46.7491
7.873953104019165,-49.5102
7.8811867237091064,-52.0653
7.909321308135986,-54.3205
7.910146474838257,-56.1678
7.910673379898071,-57.5578
7.93326210975647,-58.5626
7.933773040771484,-59.3769
7.940979242324829,-60.2019
7.970906734466553,-61.0881
7.971681594848633,-61.8902
7.972317695617676,-62.3494
8.011101484298706,-62.1955
8.01176142692566,-61.2555
8.012418746948242,-59.5906
8.013087034225464,-57.5093
8.05008339881897,-55.3581
8.050852298736572,-53.2591
8.05146074295044,-51.044
8.052893161773682,-48.489
8.080442428588867,-45.6208
8.081172227859497,-42.7079
8.081870079040527,-39.99
8.09492039680481,-37.5322
8.118295907974243,-35.261
8.118771076202393,-32.992
8.12521481513977,-30.4673
8.165942430496216,-27.5155
8.166807651519775,-24.2173
8.16751503944397,-20.8733
8.1687650680542,-17.7876
8.17097783088684,-15.0637
8.215957880020142,-12.5851
8.216780424118042,-10.172
8.218075513839722,-7.7397
8.219292402267456,-5.381
8.224508285522461,-3.3217
8.255790948867798,-1.7004
8.256277084350586,-0.3769
8.256886005401611,1.038
8.280805110931396,3.1075
8.281258583068848,6.6853
8.281803131103516,13.0606
8.315532207489014,23.6702
8.316095113754272,39.294
8.31658673286438,59.3429
8.36431360244751,81.8283
8.36499309539795,103.9819
8.365647077560425,123.1381
8.366402626037598,137.484
8.36707878112793,146.3175
8.373294591903687,149.7403
8.408492088317871,148.2075
8.40922999382019,142.3375
8.409874439239502,132.9276
8.411800622940063,120.9656
8.455213069915771,107.5525
8.455861806869507,93.7304
8.456464767456055,80.3062
8.457584381103516,67.8047
8.473789930343628,56.4968
8.47548246383667,46.3837
8.50852108001709,37.235
8.515798091888428,28.7363
8.516488790512085,20.611
8.517070055007935,12.6842
8.52402400970459,4.925
8.562960147857666,-2.5576
8.563441038131714,-9.566
8.564001560211182,-15.8605
8.564504623413086,-21.1791
8.571436405181885,-25.2876
8.604230642318726,-28.1125
8.60502576828003,-29.8433
8.605816841125488,-30.8199
8.64182186126709,-31.3308
8.642473220825195,-31.5891
8.64311170578003,-31.7986
8.647496700286865,-32.1506
8.688749313354492,-32.8035
8.689504146575928,-33.8657
8.690318584442139,-35.3873
8.691202402114868,-37.3366
8.692109107971191,-39.5602
8.744304895401001,-41.8626
8.745378017425537,-44.1508
8.748257875442505,-46.436
8.752159595489502,-48.7299
8.792179584503174,-50.9833
8.792932033538818,-53.0979
8.793609857559204,-54.9496
8.799679040908813,-56.3933
8.800897359848022,-57.3053
8.837646961212158,-57.6325
8.838138103485107,-57.4039
8.838731050491333,-56.7647
8.839205503463745,-55.9424
8.839829683303833,-55.0599
8.841382026672363,-54.035
8.870946168899536,-52.7069
8.87157940864563,-50.9995
8.872233867645264,-48.9674
8.88131856918335,-46.7706
8.92988920211792,-44.6502
8.930686712265015,-42.8127
8.931410312652588,-41.2646
8.932137966156006,-39.8453
8.934256076812744,-38.4022
8.97139859199524,-36.849
8.972070217132568,-35.1062
8.972790002822876,-33.0474
8.97770881652832,-30.5237
9.060457706451416,-27.4879
9.0690176486969,-24.082
9.069767713546753,-20.5419
9.070260763168335,-17.0347
9.070784330368042,-13.6296
9.07145619392395,-10.3657
9.072231769561768,-7.2841
9.072856664657593,-4.4169
9.073412656784058,-1.7939
9.141558647155762,0.5271
9.142094373703003,2.5074
9.142531394958496,4.2919
9.143102884292603,6.3957
9.14739203453064,9.8254
9.14807939529419,16.0257
9.1487557888031,26.5027
9.149647951126099,42.1275
9.221933841705322,62.5336
9.222518920898438,86.1337
9.223036766052246,110.6735
9.223489761352539,133.8102
9.224153757095337,153.4699
9.224980592727661,168.0775
9.225688934326172,176.7721
9.22627592086792,179.5132
9.29783296585083,176.9061
9.298365116119385,169.8817
9.29891061782837,159.4827
9.3024320602417,146.7383
9.3030366897583,132.5384
9.303607702255249,117.5741
9.304181814193726,102.3848
9.304830074310303,87.449
9.313559532165527,73.2258
9.391831636428833,60.0698
9.392420768737793,48.0538
9.401076078414917,36.8626
9.401834726333618,25.9358
9.402646541595459,14.8247
9.403506517410278,3.4717
9.404608964920044,-7.7875
9.47217059135437,-18.3897
9.472710371017456,-27.7442
9.473219871520996,-35.4478
9.476559162139893,-41.415
9.478086948394775,-45.8431
9.478901624679565,-49.122
9.479930400848389,-51.6909
9.527665376663208,-53.8541
9.528469562530518,-55.7786
9.529231548309326,-57.6186
9.529917001724243,-59.481
9.530762672424316,-61.3657
9.531718492507935,-63.2498
9.532573938369751,-65.1393
9.573270559310913,-67.0356
9.573948860168457,-68.9236
9.578741312026978,-70.7989
9.580445289611816,-72.6874
9.581345081329346,-74.6321
9.629862308502197,-76.6473
9.630679845809937,-78.6732
9.631810188293457,-80.5919
9.6336190700531,-82.277
9.674552202224731,-83.5832
9.675805807113647,-84.3606
9.68066692352295,-84.5451
9.681547403335571,-84.1656
9.722009897232056,-83.2834
9.722835302352905,-82.001
9.723517894744873,-80.4945
9.724395513534546,-78.9388
9.726051568984985,-77.3446
9.727813482284546,-75.543
9.762393951416016,-73.3751
9.76308274269104,-70.8207
9.763893842697144,-67.9664
9.769786357879639,-64.9063
9.770820379257202,-61.6689
9.808218002319336,-58.2791
9.809046506881714,-54.8267
9.809709072113037,-51.3681
9.810441732406616,-47.8505
9.848706245422363,-44.1934
9.849483251571655,-40.3918
9.852655410766602,-36.5478
9.85652780532837,-32.7881
9.85742473602295,-29.1163
9.909327507019043,-25.445
9.910039901733398,-21.7892
9.910680055618286,-18.2706
9.911443710327148,-14.9389
9.912875413894653,-11.7329
9.955501317977905,-8.5931
9.956153154373169,-5.5231
9.956872940063477,-2.5613
9.960906267166138,0.2438
9.962707042694092,2.8575
9.963533401489258,5.3799
9.996333837509155,8.3106
9.996941566467285,12.8502
9.997444152832031,20.869
10.0275559425354,34.2244
10.028648376464844,53.7472
10.032944917678833,78.632
10.03465747833252,106.6696
10.1060631275177,135.067
10.106919527053833,161.2227
10.108207941055298,183.149
10.169174671173096,199.6229
10.16981816291809,210.1589
10.170331954956055,214.8166
10.17445993423462,213.9561
10.175173044204712,208.1631
10.17650842666626,198.2852
10.177485704421997,185.3467
10.206918478012085,170.3828
10.207420349121094,154.3069
10.208518266677856,137.8191
10.209935665130615,121.4091
10.234960556030273,105.4193
10.235448360443115,90.0405
10.236128807067871,75.2669
10.242769479751587,60.9147
10.243561029434204,46.7278
10.2453773021698,32.5612
10.275712490081787,18.5346
10.276195049285889,5.006
10.276890993118286,-7.5955
10.277411460876465,-18.9041
10.30669093132019,-28.6623
10.307307004928589,-36.7607
10.308159351348877,-43.297
10.313577890396118,-48.5308
10.344778060913086,-52.7396
10.345500230789185,-56.1617
10.346120119094849,-59.0244
10.377132177352905,-61.5265
10.377629041671753,-63.7798
10.378351926803589,-65.8089
10.38376760482788,-67.6588
10.419200897216797,-69.5039
10.4200599193573,-71.585
10.420867204666138,-74.0359
10.451932668685913,-76.8286
10.452673435211182,-79.8508
10.457454681396484,-82.9329
10.458144664764404,-85.833
10.494319200515747,-88.3105
10.495728254318237,-90.2492
10.496725082397461,-91.7068
10.497687101364136,-92.8499
10.527466535568237,-93.8392
10.528088569641113,-94.7572
10.528547048568726,-95.5887
10.533427953720093,-96.2381
10.557794570922852,-96.6065
10.558358907699585,-96.6825
10.565976619720459,-96.5579
10.6031494140625,-96.3471
10.607128381729126,-96.0691
10.60892915725708,-95.5658
10.609904050827026,-94.5559
10.648878574371338,-92.8122
10.649914741516113,-90.2642
10.650903224945068,-86.9416
10.651765584945679,-82.915
10.684427499771118,-78.3198
10.685946464538574,-73.3453
10.691203594207764,-68.1487
10.6920325756073,-62.8198
10.73132610321045,-57.4413
10.732128858566284,-52.1322
10.733214616775513,-47.0191
10.734385013580322,-42.1838
10.736228942871094,-37.6303
10.768290281295776,-33.2768
10.776324272155762,-29.0062
10.777395725250244,-24.7723
10.778330564498901,-20.6544
10.823241233825684,-16.8247
10.824321508407593,-13.4754
10.825079441070557,-10.6896
10.825975179672241,-8.281
10.826948404312134,-5.7155
10.863783359527588,-2.062
10.86457872390747,4.1202
10.866490125656128,14.6472
10.874527931213379,31.0422
10.875562906265259,53.7067
10.911271095275879,81.5489
10.911880016326904,112.2863
10.91308856010437,143.1484
10.914199352264404,171.561
10.94154691696167,195.5582
10.944870948791504,213.8793
10.94554352760315,225.8937
10.985378742218018,231.5057
10.986032009124756,231.0611
10.986717939376831,225.2124
10.98749828338623,214.7842
11.024212121963501,200.7432
11.024853706359863,184.1916
11.025542736053467,166.2319
11.026955366134644,147.8183
11.052221775054932,129.6924
11.053490161895752,112.2863
11.057796955108643,95.6285
11.08916974067688,79.4024
11.089717626571655,63.176
11.090904712677002,46.7362
11.093327522277832,30.3123
11.119757175445557,14.494
11.120392560958862,-0.0525
11.1244056224823,-12.8431
11.156032085418701,-23.6428
11.156887292861938,-32.3475
11.157579898834229,-38.9179
11.1840660572052,-43.4853
11.184561014175415,-46.4628
11.18761944770813,-48.4897
11.222068309783936,-50.223
11.22291898727417,-52.1221
11.22367787361145,-54.3863
11.224686622619629,-57.049
11.250438451766968,-60.0902
11.250999212265015,-63.4808
11.259315729141235,-67.1908
11.310374736785889,-71.2063
11.311218023300171,-75.5308
11.312327861785889,-80.1027
11.313179969787598,-84.7033
11.313881635665894,-89.0141
11.344375371932983,-92.7697
11.344878911972046,-95.8248
11.34544324874878,-98.1415
11.346263647079468,-99.8068
11.35457730293274,-101.0364
11.3898286819458,-102.073
11.390371322631836,-103.0609
11.390960693359375,-104.0095
11.39610767364502,-104.8183
11.423256397247314,-105.2741
11.423838376998901,-105.0798
11.424400806427002,-104.0258
11.434980392456055,-102.124
11.480302572250366,-99.4806
11.480972290039062,-96.1158
11.481771469116211,-92.0068
11.48277735710144,-87.193
11.52062726020813,-81.7539
11.521485090255737,-75.7886
11.52642822265625,-69.455
11.527504920959473,-62.9776
11.528432369232178,-56.6089
11.570024490356445,-50.5592
11.57126522064209,-44.9328
11.572519302368164,-39.7127
11.606034517288208,-34.7871
11.606581449508667,-30.0065
11.61035704612732,-25.2933
11.611822366714478,-20.7144
11.612462282180786,-16.3855
11.644322156906128,-12.3492
11.64494252204895,-8.5843
11.646106958389282,-5.0206
11.646605253219604,-1.3893
11.674685716629028,3.1375
11.675143718719482,10.2081
11.675604820251465,21.9456
11.71352243423462,40.0627
11.714295864105225,65.0524
11.715017080307007,95.9172
11.715834379196167,130.4985
11.742509841918945,166.0986
11.743125677108765,200.0209
11.747891187667847,229.9412
11.782023906707764,254.1292
11.782543659210205,271.4803
11.783297777175903,281.4199
11.813201189041138,283.8245
11.81408166885376,279.0124
11.81513261795044,267.7698
11.815992832183838,251.3422
11.852627038955688,231.2694
11.853273153305054,209.0607
11.853935241699219,185.9415
11.855040073394775,162.7945
11.882984638214111,140.1581
11.883630990982056,118.2082
11.884755611419678,96.7796
11.94179630279541,75.5308
11.943028450012207,54.2459
11.944713830947876,33.031
11.946090698242188,12.2766
11.948970794677734,-7.4861
11.981233835220337,-25.7524
11.981898069381714,-42.1595
11.982527256011963,-56.4262
11.991400718688965,-68.2675
11.991993427276611,-77.4953
12.031341552734375,-84.2114
12.032227993011475,-88.8711
12.032915353775024,-92.1308
12.033507108688354,-94.6083
12.03476881980896,-96.7256
12.089826583862305,-98.6984
12.090615272521973,-100.6586
12.120577096939087,-102.7726
12.122106313705444,-105.2042
12.122899055480957,-108.0023
12.123713731765747,-111.0725
12.12565279006958,-114.2356
12.12633991241455,-117.2946
12.126973390579224,-120.0866
12.134965658187866,-122.5327
12.177649736404419,-124.6534
12.179232120513916,-126.5116
12.179983377456665,-128.1371
12.181019306182861,-129.5108
12.217185258865356,-130.5992
12.217892408370972,-131.3745
12.22553300857544,-131.7778
12.22650933265686,-131.7236
12.227431535720825,-131.1825
12.269797325134277,-130.1766
12.270463466644287,-128.6805
12.271439552307129,-126.5858
12.272233486175537,-123.7226
12.307433128356934,-119.9274
12.307944059371948,-115.1923
12.30851411819458,-109.7078
12.314070463180542,-103.7136
12.31713080406189,-97.3739
12.36234164237976,-90.7515
12.363053560256958,-83.8113
12.363786220550537,-76.4973
12.36471962928772,-68.8087
12.365720987319946,-60.7775
12.400573492050171,-52.4819
12.401150226593018,-44.1575
12.404401540756226,-36.1811
12.406549453735352,-28.8376
12.451299667358398,-22.1626
12.452046155929565,-16.0396
12.452717304229736,-10.3242
12.45331621170044,-4.8866
12.457144498825073,0.2949
12.500747919082642,5.0867
12.501480340957642,9.3629
12.50584602355957,13.2326
12.506864547729492,17.1741
12.507455110549927,22.2025
12.543984651565552,30.0469
12.544777870178223,42.9304
12.54548692703247,62.7816
12.546388626098633,90.3003
12.574491500854492,124.4929
12.575108289718628,162.9864
12.575696468353271,202.8304
12.614568948745728,241.139
12.615143299102783,275.2687
12.615790605545044,302.8571
12.616497278213501,322.0883
12.646081686019897,332.0259
12.646805047988892,332.6909
12.651033163070679,324.9147
12.655630350112915,310.0898
12.70022463798523,289.83
12.701126337051392,265.6811
12.702024221420288,239.0743
12.703039407730103,211.3846
12.732166290283203,183.8069
12.732998132705688,157.1395
12.739585876464844,131.6864
12.7430739402771,107.2466
12.74521541595459,83.2693
12.769105672836304,59.2732
12.769564151763916,35.194
12.77790379524231,11.3865
12.806635618209839,-11.5439
12.810281038284302,-32.9033
12.81096887588501,-52.0157
12.820088148117065,-68.2748
12.869632244110107,-81.2577
12.871037483215332,-90.9063
12.871980428695679,-97.5574
12.874565124511719,-101.7799
12.91157603263855,-104.2574
12.915923595428467,-105.7832
12.917690515518188,-107.1634
12.919103860855103,-108.9632
12.961890935897827,-111.3156
12.962887525558472,-114.021
12.963979721069336,-116.8511
12.965148210525513,-119.7423
13.001393795013428,-122.7552
13.002116918563843,-125.8949
13.002771377563477,-128.9724
13.006911993026733,-131.6795
13.009228944778442,-133.8309
13.010153770446777,-135.4828
13.060537338256836,-136.7724
13.062135696411133,-137.7402
13.062932968139648,-138.3688
13.063759565353394,-138.6534
13.064751625061035,-138.5955
13.066076517105103,-138.2336
13.102155685424805,-137.6458
13.102667093276978,-136.824
13.103460788726807,-135.5785
13.107765197753906,-133.6236
13.10837697982788,-130.7197
13.145253419876099,-126.7185
13.145839929580688,-121.5875
13.146912336349487,-115.5026
13.148771524429321,-108.8489
13.177537441253662,-101.9911
13.178330898284912,-95.0569
13.184965133666992,-87.992
13.185866117477417,-80.7115
13.22472095489502,-73.144
13.22612738609314,-65.266
13.228189706802368,-57.1644
13.25887656211853,-49.0283
13.259339332580566,-41.0916
13.25998592376709,-33.5616
13.263807535171509,-26.5529
13.266515970230103,-20.0971
13.30106234550476,-14.1915
13.301516771316528,-8.8312
13.309080362319946,-4.0451
13.309739351272583,0.1223
13.353222131729126,3.7092
13.354151487350464,6.8776
13.358349323272705,9.8663
13.36009669303894,12.9395
13.361003637313843,16.4075
13.405994415283203,20.8798
13.406749248504639,27.6787
13.407656192779541,38.8729
13.408561706542969,56.5681
13.452442646026611,81.8611
13.453221559524536,114.2771
13.45400071144104,151.9832
13.459951877593994,192.2976
13.460883140563965,232.1141
13.46167278289795,268.3139
13.507445335388184,298.1609
13.508350372314453,319.5941
13.509765625,331.459
13.510900735855103,333.5865
13.546863794326782,326.6206
13.550302982330322,311.7847
13.55138874053955,290.74
13.556390285491943,265.3846
13.557257890701294,237.4948
13.55895709991455,208.4563
13.601075172424316,179.2474
13.601950883865356,150.4944
13.602882623672485,122.496
13.603938817977905,95.3026
13.642031192779541,68.8896
13.642778396606445,43.3636
13.643627643585205,19.0408
13.648711204528809,-3.6402
13.649492979049683,-24.2242
13.696476459503174,-42.3192
13.697219133377075,-57.7064
13.698383331298828,-70.3845
13.699431657791138,-80.4688
13.700283765792847,-88.1077
13.743050336837769,-93.5234
13.743664264678955,-97.0679
13.744271993637085,-99.21
13.745194435119629,-100.462
13.747293949127197,-101.3085
13.788521766662598,-102.2095
13.790422916412354,-103.5899
13.791352987289429,-105.7207
13.82223916053772,-108.6489
13.822782516479492,-112.2569
13.826558828353882,-116.2825
13.828898668289185,-120.3499
13.82954740524292,-124.1691
13.866841077804565,-127.7021
13.86813497543335,-131.0993
13.869558095932007,-134.5228
13.901001453399658,-137.9895
13.901993751525879,-141.3106
13.907910346984863,-144.1702
13.908585786819458,-146.2183
13.909323930740356,-147.1118
13.944584846496582,-146.6377
13.945186138153076,-144.8461
13.947193384170532,-141.9686
13.949010610580444,-138.2044
13.993152379989624,-133.627
13.99838137626648,-128.2834
14.00167441368103,-122.3229
14.002528429031372,-115.9573
14.003422260284424,-109.3245
14.05564022064209,-102.4559
14.056464910507202,-95.3461
14.057456970214844,-88.0209
14.058724403381348,-80.5661
14.062626600265503,-73.1112
14.064826726913452,-65.7553
14.100557327270508,-58.5041
14.101072072982788,-51.3094
14.10169529914856,-44.1924
14.102441549301147,-37.3149
14.150845050811768,-30.9219
14.15163254737854,-25.1996
14.152446985244751,-20.1373
14.1534583568573,-15.5227
14.158523321151733,-11.1119
14.159524917602539,-6.7874
14.206742763519287,-2.5532
14.207586288452148,1.5297
14.208494424819946,5.4018
14.209993600845337,9.1934
14.210770606994629,13.5518
14.249468088150024,19.8951
14.250145435333252,30.3567
14.255226135253906,47.2444
14.256072998046875,72.102
14.257542371749878,104.8984
14.306578636169434,143.9189
14.307739019393921,186.3553
14.308359622955322,229.0176
14.310580968856812,268.732
14.349632024765015,302.5696
14.359264373779297,328.17
14.360320806503296,344.0534
14.3612220287323,349.7277
14.36240816116333,345.6348
14.398248195648193,333.0101
14.399134635925293,313.6405
14.400392532348633,289.5551
14.435741424560547,262.6861
14.439923524856567,234.5935
14.4408597946167,206.3655
14.445804357528687,178.615
14.446636199951172,151.5114
14.44792652130127,124.9157
14.491944551467896,98.5723
14.492627143859863,72.2808
14.493392944335938,46.0762
14.494368553161621,20.3871
14.532505512237549,-4.0158
14.53317666053772,-26.3202
14.534103393554688,-45.9617
14.539143800735474,-62.7389
14.54002332687378,-76.7836
14.541982650756836,-88.4152
14.570336818695068,-97.941
14.576787233352661,-105.5418
14.577317953109741,-111.3469
14.578151226043701,-115.6276
14.613106727600098,-118.836
14.613731622695923,-121.4084
14.614336967468262,-123.6336
14.618319511413574,-125.7115
14.62931203842163,-127.8293
14.671473741531372,-130.1977
14.673167943954468,-133.0101
14.674131393432617,-136.3094
14.675005435943604,-139.9422
14.711981296539307,-143.6917
14.712679147720337,-147.4006
14.719578981399536,-150.9473
14.720487594604492,-154.1963
14.721529006958008,-157.016
14.766834259033203,-159.2845
14.768119812011719,-160.8752
14.769491195678711,-161.6739
14.771052598953247,-161.5801
14.814213752746582,-160.4991
14.815016746520996,-158.4116
14.817553997039795,-155.4348
14.823856353759766,-151.7143
14.824843883514404,-147.2622
14.827873468399048,-141.9825
14.867949485778809,-135.8405
14.868530035018921,-128.9493
14.869024753570557,-121.5311
14.869477033615112,-113.8368
14.870163440704346,-106.0738
14.907662153244019,-98.3819
14.908769130706787,-90.8463
14.91262149810791,-83.4769
14.9140465259552,-76.2028
14.966976881027222,-68.9493
14.96852421760559,-61.7169
15.008953094482422,-54.5875
15.009694337844849,-47.6678
15.010562419891357,-41.0218
15.017504930496216,-34.6243
15.018385171890259,-28.3563
15.019787311553955,-22.0918
15.063817501068115,-15.794
15.064766645431519,-9.5147
15.065588474273682,-3.3457
15.066458940505981,2.6469
15.068347930908203,8.5123
15.111545324325562,14.414
15.112162351608276,20.4644
15.112779378890991,26.6054
15.117478370666504,32.7117
15.119540929794312,38.8415
15.120427370071411,45.5772
15.1229727268219,54.3816
15.160931587219238,67.5961
15.161998510360718,87.7044
15.162833452224731,116.1574
15.164288997650146,152.6118
15.166001796722412,195.0496
15.203418016433716,240.4531
15.204840421676636,285.4609
15.211404085159302,326.732
15.212307691574097,361.1604
15.213316917419434,386.1861
15.263035297393799,400.177
15.263854026794434,402.6292
15.264640808105469,394.1092
15.26544451713562,376.0736
15.266852378845215,350.5981
15.301686763763428,320.0058
15.302337884902954,286.5154
15.305225849151611,252.0251
15.30587911605835,218.0276
15.308805227279663,185.5583
15.344018459320068,155.178
15.344472646713257,127.054
15.344921588897705,101.0406
15.35158109664917,76.6928
15.387619733810425,53.3554
15.388111352920532,30.4122
15.388585090637207,7.5666
15.39195966720581,-15.0062
15.432562112808228,-36.7091
15.433552503585815,-56.7776
15.434418439865112,-74.6116
15.435455799102783,-89.9522
15.474430561065674,-102.8411
15.475223541259766,-113.5258
15.482896566390991,-122.4246
15.487178087234497,-130.1179
15.488216161727905,-137.265
15.514879941940308,-144.3892
15.515507221221924,-151.6816
15.516193628311157,-158.9921
15.534412860870361,-165.945
15.542370319366455,-172.1435
15.57202696800232,-177.4277
15.572727918624878,-181.9241
15.574209690093994,-185.8494
15.575942039489746,-189.3674
15.596957206726074,-192.5717
15.597474813461304,-195.4652
15.603225231170654,-197.9664
15.629464149475098,-199.9788
15.630234479904175,-201.4023
15.63295316696167,-202.052
15.651209592819214,-201.6637
15.65249252319336,-200.0064
15.688183069229126,-196.9433
15.689150333404541,-192.4387
15.690125465393066,-186.5344
15.691183090209961,-179.2461
15.715397357940674,-170.5001
15.717146873474121,-160.2447
15.722069263458252,-148.6096
15.751781225204468,-135.957
15.753160953521729,-122.8201
15.754385232925415,-109.7984
15.777075052261353,-97.4534
15.78178334236145,-86.1906
15.78454065322876,-76.1547
15.808558702468872,-67.2034
15.809125661849976,-59.0003
15.809627056121826,-51.1826
15.828524112701416,-43.4903
15.829059362411499,-35.8286
15.858580112457275,-28.2662
15.859245538711548,-20.967
15.859956741333008,-14.1167
15.880125284194946,-7.8674
15.880623817443848,-2.2749
15.891798734664917,2.7421
15.916133165359497,7.3599
15.916753768920898,11.7708
15.919173955917358,16.1257
15.93523907661438,20.4498
15.939381837844849,24.5753
15.97040605545044,28.2345
15.971060037612915,31.293
15.971856832504272,33.9189
15.992270946502686,36.4776
15.993354797363281,39.0694
16.02127742767334,41.0211
16.021856546401978,41.1978
16.02236771583557,39.5797
16.043116331100464,38.9224
16.043567180633545,44.4996
16.049169063568115,61.4728
16.070075035095215,91.9022
16.08000111579895,133.732
16.080763816833496,182.0095
16.10611891746521,230.9593
16.110787868499756,275.5786
16.112497806549072,312.282
16.139405965805054,338.9027
16.1400408744812,354.5038
16.141139268875122,359.1411
16.162484884262085,353.5926
16.163753509521484,339.1612
16.170483827590942,317.5833
16.198274850845337,290.9
16.19930124282837,261.1835
16.200295448303223,230.2667
16.223052263259888,199.5898
16.223702669143677,170.0727
16.230259895324707,142.0487
16.26169753074646,115.3711
16.262446641921997,89.6206
16.263325929641724,64.417
16.28831386566162,39.8054
16.288959980010986,16.3623
16.290045738220215,-5.1432
16.325361490249634,-24.1401
16.326316833496094,-40.3738
16.32758665084839,-53.8439
16.353421926498413,-64.732
16.35419249534607,-73.3674
16.354915380477905,-80.2372
16.36087465286255,-85.9645
16.392069578170776,-91.1764
16.39285445213318,-96.3233
16.393500566482544,-101.5917
16.421180725097656,-106.9396
16.42189621925354,-112.2083
16.42642116546631,-117.27
16.45236849784851,-122.1001
16.452975749969482,-126.7111
16.45347547531128,-131.0561
16.476101875305176,-135.0235
16.47783613204956,-138.5556
16.480760097503662,-141.7638
16.50772976875305,-144.8307
16.50823473930359,-147.8168
16.509833574295044,-150.6661
16.528868675231934,-153.3199
16.529372692108154,-155.7182
16.556185483932495,-157.7708
16.556811571121216,-159.4022
16.559791088104248,-160.6115
16.57603883743286,-161.4362
16.581390380859375,-161.8032
16.606204748153687,-161.4583
16.606752395629883,-160.0815
16.627885818481445,-157.4055
16.628390312194824,-153.267
16.634348154067993,-147.6481
16.6598219871521,-140.6327
16.660338163375854,-132.2656
16.66123652458191,-122.4827
16.68209958076477,-111.1859
16.682576417922974,-98.3406
16.711577892303467,-83.9888
16.71219491958618,-68.2588
16.712989568710327,-51.4701
16.730576038360596,-34.2337
16.73128604888916,-17.3447
16.741870641708374,-1.503
16.777459621429443,12.8797
16.778167486190796,25.6429
16.778790950775146,36.7352
16.78076410293579,46.1431
16.796689987182617,53.891
16.800145149230957,60.0406
16.830759286880493,64.6804
16.832019567489624,67.9263
16.83299970626831,69.9332
16.850986003875732,70.9684
16.851460933685303,71.711
16.88287091255188,73.6716
16.883676052093506,79.2403
16.884349584579468,91.056
16.904569625854492,110.9141
16.905229330062866,138.8177
16.913301944732666,172.7637
16.932826280593872,209.332
16.93337368965149,244.5957
16.940840005874634,274.9282
16.96224355697632,297.571
16.962838649749756,310.9034
16.991350650787354,314.4395
16.99186944961548,308.6081
16.992318391799927,294.4307
17.01310682296753,273.3292
17.013643264770508,247.0663
17.020092964172363,217.5823
17.042493104934692,186.6961
17.04314136505127,155.8661
17.06069827079773,126.1322
17.061251163482666,98.1099
17.094038724899292,71.9549
17.094849586486816,47.4478
17.095824480056763,24.2362
17.118805646896362,2.1196
17.119773387908936,-18.7422
17.12048649787903,-37.812
17.158539295196533,-54.364
17.15936589241028,-67.7721
17.160123586654663,-77.7444
17.161259174346924,-84.3969
17.182665586471558,-88.1983
17.18327021598816,-89.8386
17.193029642105103,-90.0467
17.224483251571655,-89.4406
17.225348711013794,-88.5031
17.226378440856934,-87.6405
17.253557682037354,-87.2036
17.257874011993408,-87.4563
17.259726524353027,-88.5425
17.261298656463623,-90.5062
17.283508777618408,-93.3598
17.284281969070435,-97.0882
17.306040048599243,-101.5678
17.310201168060303,-106.5317
17.312203645706177,-111.6457
17.33930540084839,-116.6036
17.340056657791138,-121.1953
17.34216833114624,-125.3839
17.3663170337677,-129.3289
17.367042303085327,-133.2518
17.372323513031006,-137.2108
17.40331768989563,-141.0112
17.404049396514893,-144.3489
17.40494465827942,-147.0033
17.430408239364624,-148.8705
17.43122911453247,-149.8884
17.43207359313965,-150.0319
17.46852707862854,-149.3313
17.469409942626953,-147.8158
17.470067501068115,-145.4905
17.471226930618286,-142.3899
17.49644708633423,-138.6091
17.49720859527588,-134.2884
17.502222776412964,-129.5603
17.529284477233887,-124.4706
17.529990196228027,-118.933
17.53229570388794,-112.7911
17.55173349380493,-105.9715
17.552780628204346,-98.5605
17.561184644699097,-90.738
17.584273099899292,-82.7172
17.58517050743103,-74.7141
17.603251457214355,-66.8666
17.6037654876709,-59.1834
17.611908435821533,-51.5851
17.637038946151733,-44.0028
17.63768482208252,-36.4868
17.658539056777954,-29.1946
17.659324169158936,-22.2068
17.66430687904358,-15.3363
17.688764095306396,-7.9725
17.689316034317017,1.2827
17.690823078155518,15.1319
17.709947109222412,37.3413
17.715564489364624,71.0494
17.74051022529602,116.6239
17.7420756816864,170.8908
17.742533445358276,228.2925
17.763343811035156,282.916
17.76752519607544,330.0498
17.786266565322876,366.7143
17.795907020568848,391.476
17.796553373336792,404.1089
17.823776483535767,405.3167
17.824389219284058,396.4677
17.829932689666748,379.3384
17.832071781158447,355.8682
17.862169981002808,327.9435
17.862913370132446,297.2628
17.863760709762573,265.2743
17.885231733322144,233.1781
17.88979697227478,201.9557
17.892016887664795,172.3022
17.921486616134644,144.51
17.922144174575806,118.5223
17.92299175262451,94.085
17.94603180885315,70.7689
17.9466769695282,47.9785
17.95171594619751,25.1965
17.984368324279785,2.3387
17.985111951828003,-20.1262
17.98576593399048,-41.405
18.00922966003418,-60.7298
18.009727239608765,-77.5611
18.01492929458618,-91.6468
18.040345191955566,-103.0406
18.041048049926758,-112.0452
18.04298973083496,-119.0683
18.06440234184265,-124.5207
18.064911127090454,-128.804
18.071630001068115,-132.3176
18.097447156906128,-135.4398
18.098085403442383,-138.4679
18.11850380897522,-141.5448
18.1195867061615,-144.6634
18.121546745300293,-147.7716
18.151941776275635,-150.8725
18.15263319015503,-154.0043
18.153342485427856,-157.1564
18.174272537231445,-160.2683
18.175230979919434,-163.3055
18.20392370223999,-166.3048
18.204434156417847,-169.3024
18.20498251914978,-172.1906
18.225117444992065,-174.6886
18.22563648223877,-176.5015
18.233731269836426,-177.5119
18.256245613098145,-177.7935
18.25721049308777,-177.4658
18.280898332595825,-176.5706
18.28178834915161,-175.0177
18.286749362945557,-172.5804
18.31869387626648,-169.0049
18.31958532333374,-164.1758
18.320783615112305,-158.142
18.346134424209595,-151.0097
18.354002237319946,-142.9049
18.35498547554016,-134.0223
18.358241081237793,-124.6113
18.378159761428833,-114.8785
18.378634214401245,-104.914
18.385852813720703,-94.7156
18.405657529830933,-84.2925
18.406113147735596,-73.7526
18.412243843078613,-63.2778
18.439430952072144,-53.0447
18.44008159637451,-43.1704
18.442180395126343,-33.6741
18.46158504486084,-24.479
18.46208381652832,-15.5137
18.494213104248047,-6.8669
18.49482750892639,1.1655
18.495565176010132,8.2094
18.515451908111572,14.0411
18.516555070877075,18.9168
18.522223472595215,24.0442
18.5484676361084,31.9961
18.549289226531982,46.5624
18.57076597213745,71.536
18.57124090194702,108.6935
18.571715116500854,156.3642
18.601846933364868,209.8422
18.602336645126343,263.217
18.603049755096436,311.1616
18.623273611068726,349.8817
18.623775720596313,377.3255
18.654632806777954,392.9289
18.655198574066162,397.1535
18.655693292617798,391.1087
18.68034029006958,376.3361
18.685134887695312,354.6196
18.68585443496704,327.7961
18.715254545211792,297.6424
18.71615982055664,265.7782
18.71670389175415,233.5489
18.734312772750854,202.0087
18.73918604850769,171.9466
18.745437622070312,143.8139
18.77863907814026,117.6359
18.779457807540894,93.0438
18.780391693115234,69.4765
18.80567502975464,46.4304
18.80632448196411,23.6183
18.807194709777832,1.096
18.813972234725952,-20.687
18.8340744972229,-41.0257
18.834723472595215,-59.1709
18.8525230884552,-74.5252
18.8532657623291,-86.8162
18.863394021987915,-96.1287
18.887816429138184,-102.7971
18.888412952423096,-107.343
18.9067120552063,-110.4652
18.90735960006714,-112.9256
18.931214332580566,-115.3273
18.931725025177002,-117.9447
18.947771549224854,-120.7777
18.948256492614746,-123.752
18.957585096359253,-126.7966
18.9860897064209,-129.8365
18.986878633499146,-132.8594
18.987345933914185,-135.9376
19.00963258743286,-139.1447
19.010101795196533,-142.4983
19.016469478607178,-145.9317
19.038779258728027,-149.2694
19.03930115699768,-152.2629
19.05990719795227,-154.669
19.060423374176025,-156.3217
19.06747555732727,-157.1633
19.08931803703308,-157.1829
19.089868307113647,-156.3442
19.107867002487183,-154.6292
19.108371257781982,-152.1043
19.113612413406372,-148.8637
19.138979196548462,-144.9337
19.139612436294556,-140.2708
19.16119146347046,-134.7892
19.16174077987671,-128.3946
19.162845134735107,-121.0807
19.19256830215454,-113.0028
19.19315457344055,-104.4257
19.193819761276245,-95.5933
19.22090721130371,-86.6374
19.22603964805603,-77.5996
19.226927280426025,-68.5433
19.25955843925476,-59.6413
19.260352611541748,-51.1421
19.261557579040527,-43.2669
19.287192583084106,-36.1316
19.287837505340576,-29.7333
19.288525104522705,-23.9793
19.29619026184082,-18.7282
19.316840887069702,-13.8603
19.31743621826172,-9.3669
19.32624340057373,-5.344
19.348531484603882,-1.8047
19.353647470474243,1.5795
19.355351448059082,5.735
19.377805948257446,12.5535
19.378352165222168,25.0487
19.39544939994812,46.529
19.396450996398926,78.7984
19.42643141746521,120.6379
19.427170038223267,167.8172
19.428266048431396,214.5982
19.448771238327026,255.6787
19.44937252998352,287.5024
19.45582342147827,308.5039
19.488078117370605,318.6332
19.488861083984375,318.7996
19.490219831466675,310.5031
19.522192001342773,295.5587
19.52575421333313,275.8438
19.52672052383423,253.0825
19.527940034866333,228.69
19.551177740097046,203.7267
19.551995277404785,178.9638
19.554323196411133,154.9778
19.582290410995483,132.193
19.583503007888794,110.8473
19.584507942199707,90.917
19.60618567466736,72.1285
19.60666561126709,54.1247
19.62515115737915,36.6827
19.625617265701294,19.8199
19.633454084396362,3.7835
19.658509254455566,-11.0171
19.659199237823486,-24.167
19.68050527572632,-35.4177
19.681631803512573,-44.7088
19.68650770187378,-52.0944
19.70905637741089,-57.7364
19.709513664245605,-61.9188
19.72763729095459,-64.972
19.728152751922607,-67.1882
19.73340630531311,-68.8244
19.749086618423462,-70.1229
19.756936073303223,-71.2776
19.776334285736084,-72.4001
19.776862382888794,-73.56
19.806049585342407,-74.8458
19.80655550956726,-76.3435
19.80717444419861,-78.0971
19.835026502609253,-80.1361
19.835716009140015,-82.5177
19.840654611587524,-85.3541
19.873263597488403,-88.8004
19.87533974647522,-92.9539
19.87615203857422,-97.7467
19.87711477279663,-102.9232
19.90032148361206,-108.0587
19.900856494903564,-112.628
19.905524730682373,-116.1659
19.93114399909973,-118.4045
19.93195939064026,-119.2977
19.95255398750305,-118.9538
19.953062295913696,-117.5221
19.954526662826538,-115.149
19.985188961029053,-111.9811
19.985841751098633,-108.0819
19.986526250839233,-103.3812
20.007734298706055,-97.7834
20.00819158554077,-91.311
20.014124393463135,-84.173
20.035831689834595,-76.7434
20.036553382873535,-69.4291
20.05149531364441,-62.464
20.05537724494934,-55.7856
20.08444905281067,-49.1577
20.085411310195923,-42.4564
20.08672332763672,-35.8453
20.10640573501587,-29.693
20.107074737548828,-24.3741
20.134974479675293,-20.1057
20.13578772544861,-16.8426
20.1364688873291,-14.2931
20.15122413635254,-12.0175
20.155184268951416,-9.324
20.18248748779297,-4.8924
20.18315601348877,3.3975
20.184232711791992,17.8632
20.201587438583374,39.8
20.203998565673828,68.5997
20.23501753807068,101.9033
20.23633074760437,136.4748
20.23693561553955,169.0953
20.264166116714478,197.1277
20.264883041381836,218.7447
20.269941806793213,232.9446
20.297274351119995,239.459
20.29819965362549,238.6202
20.299912691116333,231.2665
20.31707787513733,218.6281
20.32203221321106,202.0941
20.32391333580017,183.036
20.36444067955017,162.7516
20.365501880645752,142.3349
20.39118266105652,122.5038
20.393953323364258,103.5496
20.398191928863525,85.4488
20.39924907684326,68.0132
20.401114225387573,50.941
20.417457580566406,33.8867
20.429055213928223,16.643
20.429662704467773,-0.7031
20.43738293647766,-17.741
20.464532375335693,-33.8356
20.465224981307983,-48.3114
20.46678066253662,-60.6232
20.476099491119385,-70.4486
20.511391162872314,-77.712
20.51367425918579,-82.6052
20.514294862747192,-85.6121
20.516443014144897,-87.4198
20.536296844482422,-88.6992
20.53686761856079,-89.9082
20.548095226287842,-91.2212
20.557525873184204,-92.5892
20.586694717407227,-93.8909
20.596003770828247,-95.0839
20.59685182571411,-96.2313
20.604429483413696,-97.3799
20.607998371124268,-98.4628
20.637441396713257,-99.3735
20.638400077819824,-100.1086
20.64441156387329,-100.7551
20.645203590393066,-101.3461
20.6762535572052,-101.8068
20.676902770996094,-102.0768
20.67788600921631,-102.2671
20.697914361953735,-102.6211
20.698442220687866,-103.2897
20.706186056137085,-104.1941
20.729292154312134,-105.0793
20.736520051956177,-105.613
20.73745346069336,-105.461
20.76047444343567,-104.3745
20.76098084449768,-102.2334
20.767375707626343,-98.9874
20.79269051551819,-94.593
20.793257236480713,-89.0835
20.79612159729004,-82.723
20.817795276641846,-76.0352
20.81854820251465,-69.5968
20.826175689697266,-63.7689
20.858543395996094,-58.6316
20.8594753742218,-54.096
20.86032009124756,-49.9842
20.884193897247314,-46.059
20.88492512702942,-42.0561
20.885721683502197,-37.7582
20.89517092704773,-33.1142
20.932053565979004,-28.2832
20.932852029800415,-23.5586
20.933836936950684,-19.1894
20.935957670211792,-15.1828
20.97261643409729,-11.3498
20.973251581192017,-7.56
20.97389316558838,-3.8078
20.99972677230835,-0.0383
21.000396490097046,3.9094
21.001148462295532,8.161
21.008187532424927,12.7383
21.04574680328369,17.6823
21.046417713165283,23.3038
21.047706365585327,30.5705
21.04865527153015,41.4571
21.078758239746094,58.6477
21.07942819595337,84.2293
21.083465099334717,118.1766
21.088543176651,157.9086
21.11512017250061,199.1692
21.115720987319946,237.4399
21.1166410446167,269.0917
21.133068561553955,291.9716
21.137511491775513,305.4184
21.168142080307007,309.8306
21.169158220291138,306.1366
21.16978096961975,295.5173
21.182108163833618,279.3545
21.18635869026184,259.1475
21.214667558670044,236.3498
21.215322017669678,212.3054
21.216830730438232,188.266
21.235152006149292,165.3136
21.235892295837402,144.202
21.263205766677856,125.2184
21.26392889022827,108.1219
21.26565432548523,92.2427
21.281462907791138,76.7761
21.288739442825317,61.1129
21.312702178955078,45.0058
21.313331842422485,28.5835
21.315675020217896,12.2824
21.333043813705444,-3.2997
21.337560415267944,-17.5844
21.345813035964966,-30.1553
21.379499673843384,-40.8224
21.38568639755249,-49.6031
21.388115644454956,-56.6759
21.388854503631592,-62.3555
21.40218472480774,-67.0396
21.40544867515564,-71.1036
21.441187620162964,-74.8613
21.44181251525879,-78.6342
21.442861557006836,-82.8279
21.448323965072632,-87.9094
21.468777418136597,-94.2193
21.469460248947144,-101.7478
21.477378606796265,-110.1321
21.511067152023315,-118.861
21.512152433395386,-127.4686
21.513181686401367,-135.6709
21.519224882125854,-143.4435
21.542911291122437,-150.9064
21.547463417053223,-158.1057
21.548208236694336,-164.945
21.55973196029663,-171.2344
21.577547550201416,-176.7498
21.57824730873108,-181.3109
21.588048696517944,-184.7943
21.610883474349976,-187.0199
21.611522912979126,-187.664
21.61834692955017,-186.2967
21.642340183258057,-182.4905
21.643181800842285,-175.9954
21.66020631790161,-166.8413
21.660719633102417,-155.2258
21.6667742729187,-141.3913
21.691379070281982,-125.7086
21.691946029663086,-108.7753
21.69622826576233,-91.2917
21.710766077041626,-73.8853
21.720135927200317,-57.1414
21.747039794921875,-41.6928
21.74760150909424,-28.088
21.74806261062622,-16.5949
21.765907049179077,-7.1992
21.76662039756775,0.3496
21.7963764667511,6.5304
21.796931266784668,11.9055
21.7973735332489,16.8849
21.817260026931763,21.6408
21.81792640686035,26.23
21.826391458511353,30.7479
21.846027135849,35.3306
21.846487998962402,40.029
21.86318278312683,44.7733
21.8681960105896,49.5281
21.87619113922119,54.5449
21.90299367904663,60.5936
21.903616666793823,68.9562
21.90632128715515,80.9778
21.92541241645813,97.3456
21.925941228866577,117.6227
21.936025381088257,140.3307
21.956948041915894,163.3722
21.957532167434692,184.5318
21.981643438339233,201.9201
21.982457637786865,214.2363
21.991617441177368,220.7864
22.00572681427002,221.354
22.012823343276978,216.1089
22.018975734710693,205.5762
22.035787105560303,190.613
22.03644347190857,172.3757
22.06769037246704,152.159
22.068384647369385,131.138
22.069756507873535,110.1941
22.088635206222534,89.8174
22.089325428009033,70.0749
22.097245931625366,50.8086
22.120317459106445,32.0011
22.121167421340942,13.9616
22.14152717590332,-2.7418
22.142189502716064,-17.4033
22.149243593215942,-29.3385
22.16967463493347,-38.1269
22.170203924179077,-43.77
22.180506229400635,-46.6298
22.199941873550415,-47.2812
22.200441122055054,-46.4223
22.207585096359253,-44.7861
22.22698998451233,-43.0209
22.22752857208252,-41.6321
22.24492907524109,-40.9791
22.246376514434814,-41.234
22.25913381576538,-42.3356
22.281067848205566,-44.0691
22.281700372695923,-46.2401
22.30038094520569,-48.7733
22.300888299942017,-51.6328
22.308082818984985,-54.6995
22.333224534988403,-57.797
22.334054946899414,-60.8173
22.34984517097473,-63.7595
22.35226559638977,-66.6381
22.357974529266357,-69.3908
22.37800168991089,-71.9202
22.378502130508423,-74.2209
22.393722534179688,-76.3971
22.396646738052368,-78.5338
22.423378467559814,-80.6024
22.423911094665527,-82.4628
22.439347505569458,-83.8868
22.439880847930908,-84.59
22.44624400138855,-84.3331
22.473940134048462,-83.0833
22.4749014377594,-81.0417
22.476635694503784,-78.4664
22.489554166793823,-75.5472
22.496358633041382,-72.4529
22.525417804718018,-69.3709
22.525997638702393,-66.4664
22.527296543121338,-63.7892
22.542381286621094,-61.1737
22.54757595062256,-58.3087
22.58206295967102,-54.9684
22.582727432250977,-51.1314
22.583418130874634,-46.888
22.599452257156372,-42.3359
22.604655504226685,-37.5999
22.612287759780884,-32.8598
22.63934350013733,-28.2941
22.640475034713745,-24.0091
22.641305446624756,-20.0167
22.660653114318848,-16.2739
22.661415815353394,-12.7186
22.67154884338379,-9.2447
22.697807550430298,-5.7201
22.69879412651062,-2.0776
22.700825214385986,1.7076
22.714693546295166,5.9095
22.719655752182007,11.5204
22.758845329284668,20.4776
22.759570360183716,35.12
22.760318517684937,56.9754
22.777772665023804,85.7716
22.778753995895386,119.4057
22.77972435951233,154.7807
22.788652420043945,188.8529
22.81389284133911,219.2462
22.814998626708984,244.3069
22.835188388824463,262.937
22.83593225479126,274.4652
22.837624549865723,278.614
22.874091386795044,275.5783
22.874767303466797,266.113
22.8753445148468,251.4354
22.877740383148193,232.9346
22.896225929260254,211.9271
22.897042512893677,189.6086
22.907697677612305,167.0479
22.933462858200073,145.0851
22.934277057647705,124.2051
22.957065105438232,104.4939
22.958118200302124,85.6936
22.9637234210968,67.3684
22.968278646469116,49.1466
22.99556279182434,30.8942
22.99620485305786,12.7374
22.997260808944702,-5.007
23.015769004821777,-21.9258
23.01945972442627,-37.6182
23.04174256324768,-51.8062
23.05006432533264,-64.4251
23.050931215286255,-75.6321
23.07264542579651,-85.6441
23.073673009872437,-94.5519
23.07885503768921,-102.3608
23.09977674484253,-109.1071
23.100353002548218,-114.8697
23.118109941482544,-119.8093
23.11876916885376,-124.1893
23.152024507522583,-128.2357
23.15282106399536,-132.013
23.153473615646362,-135.4912
23.173163175582886,-138.6676
23.173646926879883,-141.5728
23.182852745056152,-144.2238
23.2021541595459,-146.6064
23.20269274711609,-148.6724
23.221734762191772,-150.3763
23.222245454788208,-151.7428
23.24976420402527,-152.8633
23.250426292419434,-153.8083
23.251100778579712,-154.5403
23.267152070999146,-154.9079
23.27172064781189,-154.714
23.30323028564453,-153.8006
23.30387783050537,-152.1409
23.30449414253235,-149.8447
23.32763123512268,-147.0288
23.328919649124146,-143.7409
23.333325147628784,-140.0111
23.36620306968689,-135.8877
23.36702847480774,-131.383
23.36781620979309,-126.4366
23.368462562561035,-120.9881
23.391164779663086,-115.0639
23.39235281944275,-108.7841
23.399186372756958,-102.2883
23.426629304885864,-95.6232
23.42740273475647,-88.7176
23.428197145462036,-81.4856
23.44983959197998,-73.9533
23.451083183288574,-66.289
23.46016216278076,-58.6999
23.48785924911499,-51.3343
23.488447666168213,-44.3018
23.48905324935913,-37.6821
23.51218056678772,-31.4548
23.52078413963318,-25.4775
23.521568298339844,-19.5558
23.545340538024902,-13.5496
23.545976400375366,-7.4475
23.550042152404785,-1.3623
23.564451217651367,4.5325
23.568195104599,10.0979
23.59536838531494,15.2881
23.59589910507202,20.1389
23.599202632904053,24.7917
23.613829374313354,29.7475
23.62094497680664,36.3171
23.64923357963562,46.7662
23.650014638900757,63.6725
23.65067481994629,88.7285
23.673237562179565,121.7911
23.673871994018555,160.8262
23.681531190872192,202.6526
23.70227837562561,243.8102
23.702802419662476,281.1129
23.72035050392151,311.924
23.720839500427246,334.3412
23.72944664955139,347.3711
23.747175693511963,350.9759
23.748437643051147,345.9171
23.763899326324463,333.508
23.773078203201294,315.3529
23.7937970161438,293.0717
23.794540882110596,268.114
23.807853937149048,241.7484
23.80835485458374,215.1141
23.82997703552246,189.1909
23.830572605133057,164.6251
23.838677406311035,141.5068
23.855226755142212,119.3906
23.86133623123169,97.6047
23.884308576583862,75.5677
23.884822130203247,53.0247
23.901986360549927,30.2218
23.903202056884766,7.8712
