x0000,y0000,x0001,y0001
0.0774071217,249.6273629540,,
0.077447176,429.5182586462,,
0.0774843693,607.4047159759,,
0.0775067806,781.5407386079,,
0.0775272846,947.6587498011,,
0.0775482655,1098.9381993454,,
0.0775694847,1226.9167858626,,
0.077590704,1323.0426826486,,
0.0776116848,1380.3988792097,,
0.0776319504,1395.1228179483,,
0.0776526928,1367.1677674069,,
0.0776734352,1300.2552243443,,
0.0777211189,1201.0866173191,,
0.0777430534,1078.0563183324,,
0.0777649879,939.7960021787,,
0.0777859688,793.8740879929,,
0.0778067112,645.8926763496,,
0.0778269768,499.1022599127,,
0.0778474808,354.5272202644,,
0.0778682232,211.4909637894,,
0.0778889656,68.3653279105,,
0.0779094696,-76.6500527338,,
0.0779304504,-224.8902166372,,
0.0779507160,-376.8467822993,,
0.0779716969,-532.0941145714,,
0.0779924393,-689.4884193405,,
0.0780129433,-847.5453170872,,
0.0780332088,-1004.8664481130,,
0.0780537128,-1160.4878781796,,
0.0780739784,-1314.0607076415,,
0.0780947208,-1465.8334578467,,
0.0781152248,-1616.4659289762,,
0.0781350136,-1766.7470432908,,
0.0781548023,-1917.3050767586,,
0.0781753063,-2068.3876909676,,
0.0781953335,-2219.7590741998,,
0.0782155991,-2370.7245718893,,
0.0782361031,-2520.2617081801,,
0.0782566071,-2667.2178944508,,
0.0782773495,-2810.5299506976,,
0.0782978535,-2949.4248323383,,
0.0783183575,-3083.5697459802,,
0.0783383846,-3213.1491594402,,
0.0783586502,-3338.8539917585,,
0.0783786774,-3461.7754547183,,
0.0783984661,-3583.2053831958,,
0.0784184933,-3704.358122349,,
0.0784382820,-3826.0460519872,,
0.0784583092,-3948.3603009631,,
0.0784785748,-4070.4259842116,,
0.0784981251,-4190.30921991,,
0.0785183907,-4305.1416125946,,
0.0785384178,-4411.4903517293,,
0.0785586834,-4505.9403405340,,
0.0785787106,-4585.7829622740,,
0.0785982609,-4649.6492169825,,
0.0786185265,-4697.9092969614,,
0.0786385536,-4732.7014230315,,
0.0786585808,-4757.5459054269,,
0.0786888599,-4776.6207416213,,
0.0787124634,-4793.8819415821,,
0.0787329674,-4812.2635392047,,
0.0787529945,-4833.1651531336,,
0.0787730217,-4856.3370132025,,
0.0787935257,-4880.1434138985,,
0.0788135529,-4902.0787536181,,
0.0790188313,-4919.3631004146,,
0.0794210434,-4929.4604382973,,
0.0795164108,-4930.4196981069,,
0.0795407295,-4921.0077741845,,
0.0795621872,-4900.6639946261,,
0.0795831680,-4869.3445505005,,
0.0796041489,-4827.3369113759,,
0.0796246529,-4775.1086359519,,
0.0796451569,-4713.2208704276,,
0.0939302444,-4642.2993168307,,
0.0940659046,-4563.0298612396,,
0.0940907001,-4476.1412117254,,
0.0941133499,-4382.3521055467,,
0.0941367149,-4282.2864394923,,
0.0943248272,-4176.3820314367,,
0.0946180820,-4064.8262879293,,
0.0947823524,-3947.5423621581,,
0.0948154926,-3824.2291223503,,
0.0948386192,-3694.4383645805,,
0.0948617458,-3557.6626505921,,
0.0948834419,-3413.4102677767,,
0.0949039459,-3261.2555900557,,
0.0949249268,-3100.8650027288,,
0.0949456692,-2932.0046179437,,
0.0949661732,-2754.5358567908,,
0.0949869156,-2568.4016255025,,
0.0950076580,-2373.6030053281,,
0.0950281620,-2170.1668561094,,
0.0950486660,-1958.108453555,,
0.0950689316,-1737.3972739539,,
0.0950894356,-1507.9351023518,,
0.0951099396,-1269.5527693578,,
0.095130682,-1022.0264650442,,
0.0951523781,-765.1095159950,,
0.0951733589,-498.5727826166,,
0.0951938629,-222.2460601739,,
0.0952146053,63.9475821947,,
0.0952358246,359.972944936,,
0.0952565670,665.6864845818,,
0.0952761173,980.8656929921,,
0.0952968597,1305.2601914752,,
0.0953176022,1638.6533252354,,
0.0953378677,1980.9182043377,,
0.0953583717,2332.0520588323,,
0.0953786373,2692.1774105531,,
0.0953991413,3061.5059077064,,
0.0954196453,3440.2690473289,,
0.0954394341,3828.6288538490,,
0.0954599380,4226.5894785481,,
0.0954806805,4633.9349273368,,
0.095502615,5050.2169666415,,
0.0955240726,5474.8105562351,,
0.0955438614,5907.0419634847,,
0.0957007408,6346.3773617411,,
0.0957343578,6792.6391255719,,
0.0957560539,7246.1972974776,,
0.0957772732,7708.0711414532,,
0.0957982540,8179.8776116098,,
0.0958192348,8663.5847585502,,
0.0958397388,9161.0679445453,,
0.0958597660,9673.5195378083,,
0.0958802700,10200.8198120991,,
0.0959005356,10741.0268003244,,
0.0959208012,11290.1710226884,,
0.0959410667,11842.5304286634,,
0.0959610939,12391.4975020214,,
0.0959818363,12931.029275118,,
0.0960018635,13457.502047988,,
0.0960221291,13971.6051447869,,
0.0960423946,14479.7494546155,,
0.0960626602,14994.3954072373,,
0.0960831642,15532.7789869124,,
0.1169083118,16113.7714039248,,
0.1172468662,16753.0452697954,,
0.1173019409,17457.2792529862,,
0.1186349392,18218.6988452294,,
0.1187245846,19011.6622552538,,
0.1187434196,19793.0782949226,,
0.1187613010,20508.0341834787,,
0.1187777519,21101.0441294509,,
0.1187944412,21531.8672135351,,
0.1188101768,21793.1142143959,,
0.1188268661,21925.258438709,,
0.1188418865,22023.6888156998,,
0.1361296177,22232.6116037067,,
0.1362676620,22722.3085581135,,
0.1362888813,23649.5918861942,,
0.1363070011,25105.9246812711,,
0.1363248825,27062.7608052847,,
0.1363415718,29327.9045103854,,
0.1363580227,31528.5445753419,,
0.1363744736,33134.6284727138,,
0.1363902092,33529.5354986035,,
0.1364073753,32123.7985387699,,
0.1364257336,28493.6309135554,,
0.136446476,22512.6334117116,,
0.1364681721,14437.1522457579,,
0.1364889145,4908.9958827938,,
0.1365098953,-5141.7730843470,,
0.1369378567,-14677.818864763,,
0.1540069580,-22768.4644844698,,
0.1546521187,-28770.6464292445,,
0.1548249722,-32426.0786005606,,
0.1654503345,-33858.4982380882,,
0.2132916451,-33488.3244421969,,
0.2134625912,-31901.0816516124,,
0.2152783871,-29709.166885501,,
0.237500906,-27438.5947112421,,
0.2376732826,-25458.9122423727,,
0.2564144135,-23960.4249370807,,
0.256565094,-22971.6335374125,,
0.2570114136,-22403.0878745797,,
0.2570817471,-22101.9273985535,,
0.2661702633,-21903.3102462806,,
0.2930617332,-21669.2567168816,,
0.3158848286,-21310.5743600709,,
0.3160216808,-20792.1804077937,,
0.3402457237,-20125.4515345429,,
0.3404202461,-19352.8850097828,,
0.3422231674,-18530.4622469195,,
0.3620316982,-17712.0696141977,,
0.3621387482,-16938.6815198533,,
0.3833892345,-16233.2581753712,,
0.3835232258,-15600.8469446775,,
0.3838310242,-15032.4249558544,,
0.3838694096,-14510.6367708115,,
0.3931708336,-14015.6887649746,,
0.4379086494,-13530.1066752246,,
0.4380812645,-13041.6606669514,,
0.4381000996,-12544.3447343753,,
0.4568638802,-12037.7446099157,,
0.4573395252,-11525.3832521628,,
0.4574422836,-11012.6933945765,,
0.4665298462,-10505.1699185953,,
0.5057477951,-10007.0618315235,,
0.5059368610,-9520.7425740246,,
0.5062465668,-9046.7062216083,,
0.5062787533,-8584.0107642594,,
0.5161528587,-8130.9379831672,,
0.5553939342,-7685.6536480117,,
0.5864682198,-7246.7113527125,,
0.5866241455,-6813.3229529479,,
0.5866501331,-6385.3949113666,,
0.6128473282,-5963.3859763362,,
0.6130175591,-5548.0690803834,,
0.6130378246,-5140.2804577692,,
0.6133899689,-4740.7208875401,,
0.6354489326,-4349.8480781151,,
0.6356277466,-3967.8715446648,,
0.6626558304,-3594.8345641249,,
0.6628293991,-3230.7459659242,,
0.6655981541,-2875.7137819206,,
0.705088377,-2530.0367272128,,
0.7052681446,-2194.2254063746,,
0.7357423306,-1868.9463631964,,
0.7359104156,-1554.9028051744,,
0.7359323502,-1252.6821575649,,
0.7359499931,-962.6091335359,,
0.7381513119,-684.6414552012,,
0.7721302509,-418.3347024929,,
0.7723081112,-162.8871541900,,
0.7739274502,82.741061111,,
0.7944028378,319.6560246672,,
0.7945294380,548.8402053801,,
0.7945487499,770.9861261041,,
0.8209617138,986.3901964603,,
0.821089983,1194.9280650592,,
0.8229930401,1396.1117329598,,
0.8421113491,1589.2079755219,,
0.8422658443,1773.3843353611,,
0.8708360195,1947.8499501129,,
0.8710246086,2111.975129109,,
0.8957681656,2265.397075783,,
0.8959224224,2408.1344921623,,
0.8959455490,2540.7300454282,,
0.9264297485,2664.4164494774,,
0.9265663624,2781.2685425838,,
0.9300608635,2894.2747968355,,
0.9628703594,3007.2519749799,,
0.962993145,3124.5458427942,,
0.9653275013,3250.5092519346,,
0.9824204445,3388.8157935465,,
0.9825949669,3541.7321568410,,
0.9826185703,3709.5109908142,,
0.9861233234,3890.0603910537,,
0.9862036705,4078.9931704066,,
1.0189440250,4270.0731596654,,
1.0457956791,4455.9837222086,,
1.045968771,4629.2741727754,,
1.0494544506,4783.3104501696,,
1.0495369434,4913.0671865581,,
1.0495691299,5015.6379042823,,
1.0801544189,5090.3965813622,,
1.1068429947,5138.807697009,,
1.1069819927,5163.9427388554,,
1.1070048809,5169.8084272318,,
1.1086270809,5160.6182099512,,
1.1087179184,5140.1404209825,,
1.1362285614,5111.2337339185,,
1.1616246700,5075.6370844518,,
1.1618010998,5034.0253070937,,
1.1637718678,4986.2850970409,,
1.1843652725,4931.9222451362,,
1.1845004559,4870.4917483210,,
1.2145447731,4801.9507290891,,
1.2147340775,4726.8639353266,,
1.2165825367,4646.4319080912,,
1.2672731876,4562.3527731012,,
1.2674601078,4476.5632421993,,
1.2693932056,4390.9276702936,,
1.3166155815,4306.9512647007,,
1.3168225288,4225.5821208638,,
1.3168489933,4147.1390306786,,
1.316873312,4071.3664722771,,
1.3184523582,3997.5859994852,,
1.3870961666,3924.8931507189,,
1.3872535229,3852.3452847765,,
1.3872733116,3779.0980503588,,
1.3872919083,3704.4709096856,,
1.3915970325,3627.9463666830,,
1.4202027321,3549.1257173807,,
1.4203424454,3467.6722822776,,
1.4203648567,3383.2699433631,,
1.4203872681,3295.6119386199,,
1.4204072952,3204.4180784433,,
1.4204289913,3109.4663707819,,
1.4210247993,3010.6232789435,,
1.4565377235,2907.8643588262,,
1.4567155838,2801.2870514078,,
1.4567410946,2691.1227585934,,
1.4867026806,2577.7529192064,,
1.486894846,2461.7256040883,,
1.4869222641,2343.7602873772,,
1.4919295311,2224.7242064208,,
1.5218572617,2105.5669077379,,
1.5220186710,1987.2095558107,,
1.5258255005,1870.3995014398,,
1.5575830936,1755.5551478117,,
1.5577840805,1642.6376308143,,
1.5578103065,1531.0900886789,,
1.5862476826,1419.8798186157,,
1.5864169598,1307.6642221857,,
1.5864367485,1193.0804062523,,
1.5867979527,1075.1321540595,,
1.6152126789,953.6186677206,,
1.6153757572,829.5220527322,,
1.6174125671,705.2537568225,,
1.6451344490,584.6642723922,,
1.6452724934,472.7522780742,,
1.6469635963,375.0676469123,,
1.6691889763,296.8755482045,,
1.6693608761,242.2174547511,,
1.6716628075,213.0504350508,,
1.6984546185,208.6540116447,,
1.6986224651,225.4557404273,,
1.7278134823,257.3455892573,,
1.7279436588,296.4436391364,,
1.7279629707,334.1841229090,,
1.7505362034,362.5086172921,,
1.7507505417,374.9398655342,,
1.7507727146,367.3393999435,,
1.7794864178,338.2271834242,,
1.7796509266,288.6393761205,,
1.8064286709,221.5959066939,,
1.8065614700,141.3206535770,,
1.8065819740,52.3905294135,,
1.8336567879,-41.0171699984,,
1.8338665962,-135.6512313705,,
1.8382697105,-229.4224614683,,
1.8669667244,-321.3544704829,,
1.8671462536,-411.3144862012,,
1.8719854355,-499.6266373394,,
1.9012196064,-586.6785860426,,
1.9014108181,-672.613699593,,
1.9017596245,-757.1635848916,,
1.9456467628,-839.6319032400,,
1.94780159,-919.0021377871,,
1.9478802681,-994.1184875466,,
1.9545328617,-1063.8843171318,,
2.0058000088,-1127.4344235957,,
2.0058834553,-1184.2573133364,,
2.0059087276,-1234.2606139403,,
2.0060632229,-1277.7803867346,,
2.0113995075,-1315.5361737448,,
2.093593359,-1348.5358086462,,
2.0937178135,-1377.9418949710,,
2.0937380791,-1404.9223239794,,
2.0937559605,-1430.5126684313,,
2.0957753658,-1455.5142205121,,
2.1555483341,-1480.4403951524,,
2.1557598114,-1505.5121187985,,
2.1557798386,-1530.6933882228,,
2.1557970047,-1555.7527392205,,
2.1558148861,-1580.3361065294,,
2.1558315754,-1604.0411086576,,
2.1558482647,-1626.4881514264,,
2.1558637619,-1647.3849694602,,
2.1577069759,-1666.5772013698,,
2.2298250198,-1684.0725443498,,
2.2300891876,-1700.0262611828,,
2.2301127911,-1714.6842068637,,
2.2301373482,-1728.2929891557,,
2.2301642895,-1740.9989462958,,
2.2317430973,-1752.7630053512,,
2.2725994587,-1763.3154476546,,
2.2728695869,-1772.1652739054,,
2.2729122639,-1778.6673585323,,
2.2729432583,-1782.1396743490,,
2.2729732990,-1782.0128679599,,
2.2730121613,-1777.9860012806,,
2.2730414867,-1770.1575995919,,
2.3240904808,-1759.1012157898,,
2.3242621422,-1745.8579172364,,
2.3242878914,-1731.8237143173,,
2.324311018,-1718.5203677868,,
2.3647060394,-1707.2561785431,,
2.3649427891,-1698.7097757381,,
2.3649778366,-1692.5017001141,,
2.3650093079,-1686.8486393533,,
2.3650381565,-1678.4118543628,,
2.3654837608,-1662.4416194623,,
2.3978419304,-1633.2753555472,,
2.3979864120,-1585.1707787926,,
2.3980119228,-1513.3610571050,,
2.3998911381,-1415.1318990641,,
2.3999726772,-1290.6721487343,,
2.4000058174,-1143.466474212,,
2.4000370502,-980.08826738,,
2.4953970909,-809.3919391255,,
2.4955067635,-641.2534726837,,
2.4955313206,-485.1198883906,,
2.4955537319,-348.6703055123,,
2.4955754280,-236.8550052621,,
2.5086469650,-151.4785787620,,
2.5475852489,-91.3601932418,,
2.5477464199,-52.9764026142,,
2.5477676392,-31.4017851264,,
2.5481185913,-21.3263965922,,
2.5530836582,-17.9462868831,,
2.5910468102,-17.5815290267,,
2.5912108421,-17.9553519365,,
2.591231823,-18.1464289087,,
2.5912504196,-18.2876953903,,
2.5931246281,-19.1210714798,,
2.6225481033,-21.5264474005,,
2.6227383614,-26.1281387763,,
2.6227617264,-33.0491545276,,
2.6508698463,-41.8408970081,,
2.6510143280,-51.5719884480,,
2.6510345936,-61.0252490992,,
2.6527514458,-68.9358520661,,
2.6867887974,-74.2084707837,,
2.6869206429,-76.0702493646,,
2.6891460419,-74.1402832693,,
2.7188787460,-68.4185108064,,
2.7190463543,-59.2140881333,,
2.7190670967,-47.0431167308,,
2.7563312054,-32.5265626572,,
2.7564995289,-16.3118727696,,
2.7565224171,0.9707652205,,
2.7938811779,18.7195623659,,
2.7940509319,36.3510810991,,
2.7940714359,53.2847275755,,
2.7961542606,68.9372258896,,
2.8311889172,82.7385318569,,
2.8313658237,94.1739749309,,
2.8313868046,102.8490614358,,
2.834145546,108.5644814591,,
2.8665354252,111.3815710183,,
2.8666160107,111.6556515673,,
2.8666350842,110.0183386322,,
2.9065997601,107.3001385532,,
2.9067945480,104.3991825714,,
2.9068222046,102.1168163718,,
2.9068448544,100.9919542582,,
2.9499599934,101.1709185454,,
2.9501187801,102.3465199483,,
2.9501459599,103.7888614535,,
2.9506623745,104.4714194728,,
2.9806032181,103.2723089001,,
2.9808316231,99.2083107321,,
2.9808666706,91.6460520796,,
2.9809076786,80.4364951319,,
3.0231673717,65.9359795028,,
3.0233402252,48.9043681754,,
3.0233619213,30.3009931812,,
3.0261690617,11.0255097423,,
3.0712888241,-8.3315200679,,
3.071461916,-27.6581490432,,
3.07148242,-47.3499798632,,
3.0744273663,-68.1627192414,,
3.1197421551,-90.8902285994,,
3.1198675632,-115.9142548681,,
3.1198883057,-142.7149821298,,
3.1199083328,-169.46371819,,
3.1229503155,-192.8289095569,,
3.1543924809,-208.1035963965,,
3.1545605659,-209.7029665822,,
3.1545822620,-191.9935769781,,
3.1546015739,-150.3220087492,,
3.2009465694,-82.0383072177,,
3.201117754,12.7155609546,,
3.2011394501,130.6474523814,,
3.2041258812,265.495846344,,
3.2406344414,408.7437847824,,
3.2408359051,550.7447149453,,
3.2408611774,682.0488306977,,
3.2408838272,794.6750247531,,
3.2424952984,883.0890197672,,
3.2778196335,944.7189301168,,
3.2779569626,979.9454009332,,
3.2779774666,991.6160040921,,
3.3154454231,984.2255544523,,
3.3155908585,962.9563915126,,
3.3156108856,932.7775818949,,
3.3156294823,897.7633848852,,
3.3683290482,860.7232184676,,
3.368483305,823.1574992279,,
3.3685085773,785.4854143672,,
3.3685307503,747.4452782094,,
3.3696465492,708.5507743589,,
3.4156420231,668.4951711703,,
3.4158165455,627.4239253948,,
3.4158461094,586.0353446967,,
3.4158704281,545.5108458901,,
3.4628913403,507.3130623302,,
3.4630734921,472.9141960787,,
3.4630992413,443.5238005186,,
3.4631230831,419.8750946432,,
3.4631443024,402.1069839708,,
3.5040476322,389.7522395636,,
3.5041923523,381.8181495645,,
3.5042181015,376.9308002532,,
3.5042402744,373.5109022358,,
3.50613904,369.9549238253,,
3.5522732735,364.8032079070,,
3.552462101,356.8812296065,,
3.5524868965,345.4012282860,,
3.5553708076,330.0128567198,,
3.5893137455,310.7962559027,,
3.5894858837,288.1990493459,,
3.5895123482,262.9276091645,,
3.5895359516,235.8098429068,,
3.5917060375,207.6508078957,,
3.6316370964,179.1039144067,,
3.631793499,150.5784570786,,
3.6318173409,122.1974938700,,
3.677438736,93.8102408251,,
3.6776127815,65.0542110087,,
3.6776378155,35.4565305346,,
3.6776607037,4.5598603498,,
3.6801793575,-27.9457266302,,
3.7204563618,-62.1073793820,,
3.7206258774,-97.6349124528,,
3.7206516266,-133.8894827678,,
3.7206745148,-169.9505556435,,
3.7684223652,-204.7622462125,,
3.7685809135,-237.3412697475,,
3.7686071396,-267.0099928348,,
3.7686305046,-293.6048591366,,
3.7716629505,-317.6056040520,,
3.8153338432,-340.1349091462,,
3.8155083656,-362.7924646208,,
3.8155503273,-387.3132323465,,
3.8155841827,-415.0768101710,,
3.8527996540,-446.5391475813,,
3.8529798985,-480.7005503453,,
3.8530008793,-514.7517057447,,
3.8530187607,-544.0371942938,,
3.8532488346,-562.4323755014,,
3.8882651329,-563.1456251483,,
3.8884193897,-539.8505097655,,
3.8884437084,-487.9498753758,,
3.8903172016,-405.7075585871,,
3.9201054573,-294.9787311766,,
3.920334816,-161.3358368432,,
3.9212386608,-13.5120819789,,
3.9618823528,137.7611949696,,
3.9620597363,281.304021267,,
3.9620816708,407.1135948253,,
3.9624729156,507.7416723946,,
4.0059762001,579.1637216939,,
4.0061209202,621.0028789216,,
4.0061457157,636.1172744179,,
4.0065207481,629.6904655608,,
4.0590686798,608.0527005835,,
4.0592567921,577.490151193,,
4.0592823029,543.2703757325,,
4.0593054295,509.0391485618,,
4.0622429848,476.6479281615,,
4.1043748856,446.3747942795,,
4.1046071053,417.4236792722,,
4.1046421528,388.5420327431,,
4.1046731472,358.5946853681,,
4.1072845459,326.9698658498,,
4.1523125172,293.7567826371,,
4.1524686813,259.7005646353,,
4.1524927616,225.9916024932,,
4.1525516510,193.9734563423,,
4.1922805309,164.8544871211,,
4.1924483776,139.4871651426,,
4.1924724579,118.2458362564,,
4.1924934387,101.001952195,,
4.2022168636,87.1758616568,,
4.2398262024,75.8390998735,,
4.2399938107,65.8457727922,,
4.2400197983,55.977866879,,
4.2405598164,45.0913431607,,
4.3072943687,32.2472050992,,
4.3074257374,16.8085073137,,
4.3074564934,-1.5138526970,,
4.3074841499,-22.6740037250,,
4.3095047474,-46.3551693154,,
4.3561644554,-72.063665629,,
4.3563532829,-99.2252772828,,
4.3563950062,-127.2613739629,,
4.3564262390,-155.6360490681,,
4.3564658165,-183.8799312333,,
4.3564956188,-211.6026441798,,
4.4003207684,-238.5031195487,,
4.400472641,-264.3802938546,,
4.4005002975,-289.1410094045,,
4.4005241394,-312.7991185382,,
4.4006099701,-335.4603850469,,
4.4033083916,-357.2916802034,,
4.4417011738,-378.4788800236,,
4.4418272972,-399.1831824442,,
4.4418485165,-419.5072890779,,
4.4438228607,-439.4793863853,,
4.4764873981,-459.0554332355,,
4.4766175747,-478.1329679427,,
4.4766366482,-496.5667402855,,
4.4799156189,-514.1799323859,,
4.5222773552,-530.7736503050,,
4.5224270821,-546.1477267405,,
4.5224497318,-560.1503921624,,
4.5662589073,-572.7658099085,,
4.5664029121,-584.2264423744,,
4.5664260387,-595.1112533423,,
4.566447258,-606.3744429043,,
4.5688438416,-619.251395424,,
4.6071734428,-635.0098920397,,
4.6073570251,-654.5522155430,,
4.6073830128,-677.9213775423,,
4.6074116230,-703.8118086955,,
4.6373682022,-729.2180075159,,
4.6375532150,-749.3609596709,,
4.6376202106,-758.0016848382,,
4.6376440525,-748.1803212557,,
4.6772322655,-713.3159955344,,
4.6773746014,-648.4910337215,,
4.6773953438,-551.6572738842,,
4.7143695354,-424.4754553424,,
4.7145371437,-272.5495233393,,
4.7145574093,-104.9415323304,,
4.7145752907,66.9802470828,,
4.7539839745,231.1451297002,,
4.7541201115,376.5121083534,,
4.7541396618,494.5827971527,,
4.754421711,580.4116356411,,
4.7842707634,632.9571718575,,
4.7844204903,654.7695410208,,
4.7844405174,651.1434390743,,
4.7848365307,628.9532817578,,
4.8268806934,595.416718857,,
4.8270556927,557.0098331122,,
4.8270812035,518.6969978364,,
4.8671867847,483.5583350426,,
4.8673710823,452.8152523941,,
4.8673963547,426.1834920451,,
4.8674194813,402.4328129916,,
4.9121212959,380.0086322420,,
4.9122657776,357.5768565848,,
4.9122908115,334.3880764088,,
4.9123132229,310.4138119120,,
4.9526295662,286.2701271452,,
4.9528980255,262.9933444371,,
4.9529256821,241.7547114039,,
4.9529495239,223.5940623562,,
4.9577860832,209.2265528212,,
4.9956359863,198.9450160027,,
4.9958081245,192.6136934465,,
4.9958283901,189.7317036477,,
4.9961500168,189.5372742959,,
5.0338797569,191.1250239076,,
5.0340087414,193.5552429544,,
5.0340282917,195.94226937,,
5.0340456963,197.5163206249,,
5.0705499649,197.6588354825,,
5.0707337856,195.9148451836,,
5.0707542896,191.9870997397,,
5.0707724094,185.7170281971,,
5.1043043137,177.0580030972,,
5.1045188904,166.0459519536,,
5.1045467854,152.7706037509,,
5.1078381538,137.3488930847,,
5.1494944096,119.9016564201,,
5.1496298313,100.5353356196,,
5.1496508121,79.3307055086,,
5.1833369732,56.3404123307,,
5.1834445,31.5965655786,,
5.1834638119,5.1280564749,,
5.1834819317,-23.0158093809,,
5.1866753101,-52.74178377,,
5.1867551804,-83.8959029394,,
5.1867742538,-116.2563046233,,
5.1867926121,-149.5322705118,,
5.2584252357,-183.3621303292,,
5.2587797642,-217.3053734149,,
5.2588124275,-250.8331920722,,
5.2588629723,-283.3303013546,,
5.2620968819,-314.1225920551,,
5.2621674538,-342.5388943768,,
5.2621872425,-368.0051209177,,
5.304425478,-390.1601141189,,
5.3351194859,-408.9761349119,,
5.3352129459,-424.8616403465,,
5.3352322578,-438.7184850944,,
5.3377871513,-451.9210661334,,
5.3379065990,-466.1850143605,,
5.3379313946,-483.3030131165,,
5.3379542828,-504.7486213256,,
5.4143373966,-531.1836560656,,
5.4145100117,-561.9438232038,,
5.4145309925,-594.6128290332,,
5.4145493507,-624.818288456,,
5.4701051712,-646.3800031387,,
5.4702608585,-651.8968371433,,
5.4702880383,-633.7665436734,,
5.4703650475,-585.5100216123,,
5.5199830532,-503.1558679748,,
5.520169735,-386.3765977231,,
5.5201969147,-239.0838271706,,
5.5202212334,-69.289199587,,
5.5202441216,111.8020175006,,
5.5208351612,291.3180841095,,
5.5709710121,456.5715129155,,
5.5711522102,596.8577277809,,
5.5711781979,704.8432359598,,
5.5712020397,777.291667729,,
5.5741641521,815.0376624897,,
5.5742456913,822.2862528886,,
5.5742778778,805.4461753453,,
5.5743091106,771.775048136,,
5.5743379593,728.1173774522,,
5.6335074902,679.9614769149,,
5.6893680096,630.9465819506,,
5.6896054745,582.8409080868,,
5.6896390915,535.9110266053,,
5.6896688938,489.533352252,,
5.6897385120,442.8698682970,,
5.6897675991,395.4427304309,,
5.7377228737,347.4897915318,,
5.737893343,300.0522697112,,
5.7379190922,254.816527966,,
5.7379384041,213.7840965546,,
5.7379574776,178.8678909242,,
5.7421991825,151.5105760196,,
5.7809865475,132.4012724832,,
5.7810661793,121.3372311687,,
5.7810842991,117.2444775652,,
5.7811021805,118.3414526808,,
5.8271350861,122.406640176,,
5.8272995949,127.0976568398,,
5.8273203373,130.2658344460,,
5.8273389339,130.2155554015,,
5.8321232796,125.8696816420,,
5.8683874607,116.8201245916,,
5.8685536385,103.2641112374,,
5.8685746193,85.8479969691,,
5.8685932159,65.4564071702,,
5.8736283779,42.991413243,,
5.9168641567,19.1839958837,,
5.9169936180,-5.5292274586,,
5.9170136452,-31.0443526438,,
5.9214262962,-57.5405625250,,
5.9632813931,-85.3584198023,,
5.9633991718,-114.8385859414,,
5.9634222984,-146.1615439654,,
5.9634432793,-179.2262879360,,
5.9655168056,-213.5951654463,,
6.0004041195,-248.5165656684,,
6.0005700588,-283.0194906665,,
6.0005927086,-316.0570109708,,
6.0006132126,-346.6633773893,,
6.0430228710,-374.0871493723,,
6.0431170464,-397.8729609552,,
6.0431416035,-417.8846052227,,
6.0449359417,-434.2834492062,,
6.0798339844,-447.4895399482,,
6.0800111294,-458.1529654845,,
6.0800318718,-467.1495226311,,
6.0800497532,-475.5906039858,,
6.1203782558,-484.8102523713,,
6.1205263138,-496.2749105951,,
6.1205484867,-511.3656532056,,
6.1209738255,-531.0142192355,,
6.1557018757,-555.2283917316,,
6.1558392048,-582.6040866824,,
6.1558582783,-609.9687542385,,
6.1576559544,-632.3120540837,,
6.157743454,-643.1236369259,,
6.1577622890,-635.1764569259,,
6.1577801704,-601.6824502623,,
6.2286536694,-537.6316512836,,
6.2288305759,-441.0393436800,,
6.2288508415,-313.8004332600,,
6.2288701534,-161.9033833433,,
6.2707788944,5.1168911752,,
6.27090168,175.4337974324,,
6.2709231377,336.6618660439,,
6.3095166683,477.7118174540,,
6.3096506596,590.3782913151,,
6.3096692562,670.341004758,,
6.3097176552,717.4097151135,,
6.3112411499,735.0234302193,,
6.3461697102,729.1746102461,,
6.3463335037,707.0338439346,,
6.3463530540,675.5824305664,,
6.3498752117,640.5201669049,,
6.3499429226,605.6212254109,,
6.3499619961,572.5918567509,,
6.3499803543,541.3705825798,,
6.3897757530,510.7283708545,,
6.4194178581,478.9868901623,,
6.4195399284,444.6802484331,,
6.4195604324,407.0308377063,,
6.4216973782,366.1750780365,,
6.4217736721,323.1401929574,,
6.421797514,279.6241620387,,
6.4592156410,237.6601570048,,
6.4979133606,199.2520848537,,
6.4981813431,166.0531907232,,
6.4982070923,139.1348851991,,
6.5001525879,118.8689615491,,
6.5339729786,104.9276281510,,
6.5341091156,96.3895923547,,
6.5341291428,91.9243403744,,
6.5372316837,90.0137893794,,
6.5801393986,89.1660002340,,
6.5803148746,88.0819769192,,
6.5803349018,85.7517993470,,
6.6206355095,81.4759786083,,
6.6208140850,74.8267604930,,
6.6208341122,65.5768842722,,
6.6208519936,53.6259224315,,
6.6229124069,38.9464281586,,
6.6229748726,21.5583611960,,
6.6229934692,1.5275530706,,
6.6230118275,-21.0228492418,,
6.6231532097,-45.8991477567,,
6.7033581734,-72.8291673789,,
6.7035322189,-101.4622187659,,
6.7036597729,-131.3774733717,,
6.7042620182,-162.102147986,,
6.7394764423,-193.1422872674,,
6.739641428,-224.0271971515,,
6.7396621704,-254.3622854574,,
6.7397191525,-283.8767042608,,
6.7432363033,-312.4463802669,,
6.7433402538,-340.0742338492,,
6.7433614731,-366.8205117383,,
6.7819640636,-392.6961965021,,
6.8163487911,-417.5548566142,,
6.8165073395,-441.0325536613,,
6.8165283203,-462.5815868462,,
6.8165462017,-481.6182997424,,
6.8184735775,-497.7641499439,,
6.8185343742,-511.1166604192,,
6.8185527325,-522.4578501096,,
6.9175262451,-533.3031425842,,
6.9177124500,-545.717954576,,
6.9177422523,-561.8796881269,,
6.9177699089,-583.4305939422,,
6.9177951813,-610.7371826952,,
6.9249975681,-642.2265110040,,
6.9693772793,-673.9914484067,,
6.9695723057,-699.8335252103,,
6.9696052074,-711.8394697763,,
6.9696350098,-701.4748221424,,
6.9733490944,-661.0473770282,,
7.0170738697,-585.2766053627,,
7.0173008442,-472.6368677240,,
7.0173368454,-326.1495960448,,
7.0173661709,-153.3927885165,,
7.0177538395,34.3399930934,,
7.0196349621,223.6037824863,,
7.0197165012,400.7882137208,,
7.0197441578,554.1208843808,,
7.019767046,675.2822759024,,
7.0713808537,760.3275362185,,
7.1177527905,809.781802102,,
7.1178565025,827.9651876810,,
7.1178812981,821.7601316374,,
7.1179051399,799.1237776835,,
7.1202590466,767.6598075242,,
7.1699001789,733.5062904266,,
7.1701335907,700.6930978894,,
7.1701617241,671.0058928495,,
7.1701922417,644.2914116026,,
7.1730442047,619.0677135931,,
7.2141873837,593.2695617757,,
7.2143254280,564.9619591775,,
7.2143456936,532.8880104664,,
7.2143640518,496.7706828360,,
7.2146513462,457.3488859407,,
7.2594971657,416.1835418296,,
7.2597763538,375.3086806648,,
7.2598106861,336.8202247735,,
7.2598321438,302.4908912883,,
7.2997221947,273.4796071308,,
7.2998962402,250.1766608740,,
7.2999186516,232.1973920639,,
7.2999625206,218.5100892989,,
7.3022360802,207.6608006727,,
7.3437514305,198.0432955848,,
7.3438963890,188.1596461161,,
7.3439168930,176.8253833811,,
7.3465027809,163.2893738646,,
7.3888721466,147.2582353095,,
7.3890485764,128.8344471629,,
7.3890686035,108.3927115004,,
7.3890879154,86.4282435374,,
7.3920779228,63.4127819486,,
7.4522292614,39.6888943025,,
7.4523179531,15.4213482511,,
7.4523360729,-9.3908619105,,
7.4547767639,-34.8526025989,,
7.5051078796,-61.0823334397,,
7.5052583218,-88.1208717237,,
7.5052878857,-115.8665386970,,
7.5053203106,-144.0571948191,,
7.5053498745,-172.3061364565,,
7.5053780079,-200.1814670125,,
7.5595345497,-227.3037450201,,
7.5596418381,-253.4313609546,,
7.5596659184,-278.5090601719,,
7.559766531,-302.6675787988,,
7.5598022938,-326.1752988252,,
7.6023104191,-349.3532232335,,
7.6024777889,-372.4721086986,,
7.6024980545,-395.6552792777,,
7.6025164127,-418.8119582732,,
7.6025331020,-441.6229909696,,
7.6055967808,-463.5931016471,,
7.6459462643,-484.1717664545,,
7.6460857391,-502.9293226719,,
7.6461048126,-519.7573576085,,
7.6461238861,-535.0448869417,,
7.6874804497,-549.7682613093,,
7.6876373291,-565.4299312944,,
7.6876590252,-583.7978448099,,
7.6877093315,-606.4382892577,,
7.6898636818,-634.0952507619,,
7.7296040058,-666.0336096655,,
7.7297980785,-699.5124501276,,
7.7298178673,-729.5704551990,,
7.7320127487,-749.2738759872,,
7.7732105255,-750.4933150494,,
7.7733502388,-725.1487833688,,
7.7733700275,-666.723759221,,
7.7778875828,-571.7418629152,,
7.827634573,-440.8632560059,,
7.8278317451,-279.3110929175,,
7.8278520107,-96.4745217556,,
7.8278706074,95.2781879276,,
7.8791005611,282.3554806947,,
7.8791983128,451.9127921136,,
7.8792161942,593.6404487805,,
7.8792328835,701.0293388247,,
7.8792493343,771.9084742229,,
7.8795826435,808.2177219898,,
7.967592001,815.1376788522,,
7.9677581787,799.8110535414,,
7.9677777290,769.9377965389,,
7.9677948952,732.510828307,,
7.9696135521,692.8960459698,,
8.0241656303,654.3697683320,,
8.0243349075,618.1282615261,,
8.0243537426,583.6945531319,,
8.0243713856,549.5819391890,,
8.0243868828,514.0419911514,,
8.0244021416,475.7312814641,,
8.0244171619,434.1704264232,,
8.0244333744,389.9291696294,,
8.0264742374,344.5364622996,,
8.1123712063,300.1695402665,,
8.1125912666,259.2107574068,,
8.1126170158,223.7736834603,,
8.1126389503,195.2945935215,,
8.1126606464,174.2661580852,,
8.1650500298,160.1593450752,,
8.1651945114,151.5401760023,,
8.1652154922,146.3469189065,,
8.1652333736,142.2612094235,,
8.1652495861,137.0919822251,,
8.1652665138,129.0953756834,,
8.1652824879,117.1735114955,,
8.1652987003,100.9261062065,,
8.1653139591,80.5651056631,,
8.2538104057,56.7336081289,,
8.2539615631,30.2862595683,,
8.2539837360,2.0865312543,,
8.2540028095,-27.138320986,,
8.2540206909,-56.8650286856,,
8.2563900948,-86.7680992595,,
8.3025906086,-116.6621713011,,
8.3027839661,-146.4258644921,,
8.302806139,-175.939136422,,
8.3028240204,-205.0554959455,,
8.3028409481,-233.6139974749,,
8.3028581142,-261.4787342241,,
8.3028743267,-288.5809567355,,
8.3028912544,-314.9357690484,,
8.3573708534,-340.6141480531,,
8.3575086594,-365.6701949168,,
8.3575692177,-390.0460906742,,
8.3575937748,-413.4932289985,,
8.3576169014,-435.5505240741,,
8.4131662846,-455.6092991056,,
8.4133496284,-473.0712216287,,
8.4133770466,-487.5749376609,,
8.4134006500,-499.2345308020,,
8.4134240150,-508.8092184447,,
8.4149663448,-517.7200267211,,
8.4779179096,-527.8516017636,,
8.4780898094,-541.1240498770,,
8.4781160355,-558.8823313926,,
8.4781394005,-581.2157524706,,
8.4781606197,-606.3702033943,,
8.4820420742,-630.4333334673,,
8.4821448326,-647.4452913032,,
8.4821791649,-650.0127418187,,
8.4822103977,-630.3926885472,,
8.4822409153,-581.8885177443,,
8.4822709560,-500.2946495678,,
8.5830044746,-385.0712432011,,
8.6784267426,-239.9526066912,,
8.6786131859,-72.7982927193,,
8.6786382198,105.3376239264,,
8.6786611080,281.7597040954,,
8.6787102222,443.9970636441,,
8.6787323952,581.5991108336,,
8.6787521839,687.5036377856,,
8.6787724495,758.7338324898,,
8.6787919998,796.3450366427,,
8.678812027,804.7077387466,,
8.6811418533,790.3392731719,,
8.6812238693,760.5596313423,,
8.681255579,722.2431291707,,
8.6812860966,680.8797269067,,
8.6813154221,640.0684600819,,
8.6813442707,601.4636556779,,
8.6813745499,565.1032760672,,
8.6814048290,529.9843722142,,
8.6814332008,494.7231137071,,
8.7467381954,458.1469369760,,
8.8264212608,419.7062482203,,
8.8265709877,379.6504067717,,
8.8265972137,338.9726540348,,
8.8266210556,299.1765745755,,
8.8266427517,261.9435670528,,
8.8266637325,228.7860691483,,
8.8287246227,200.7592301485,,
8.8968505859,178.2799953376,,
8.8970301151,161.0736694727,,
8.8970556259,148.2409942393,,
8.8970797062,138.4192292941,,
8.8971016407,130.0005310311,,
8.8971235752,121.3680797748,,
8.8971443176,111.1120477113,,
8.9012675285,98.1925888078,,
8.9912009239,82.0261698747,,
8.9913494587,62.4852463357,,
8.9913754463,39.8185744563,,
8.9913988113,14.5173436656,,
8.9914205074,-12.8344367536,,
8.9914429188,-41.6842659205,,
8.9935014248,-71.5801653352,,
9.0700519085,-102.1759028483,,
9.0702006817,-133.1878605741,,
9.0702264309,-164.3352961027,,
9.0702486038,-195.2974638274,,
9.0702698231,-225.7085042637,,
9.0702912807,-255.1917820807,,
9.0703117847,-283.4190146472,,
9.0703318119,-310.1716800278,,
9.0703520775,-335.3826516464,,
9.0748856068,-359.1417625721,,
9.0750284195,-381.6581297561,,
9.0750677586,-403.1839224996,,
9.0750961304,-423.9167261321,,
9.0751247406,-443.9066905916,,
9.0751535892,-462.9970103342,,
9.0752809048,-480.8211125657,,
9.0753178596,-496.8682021707,,
9.1395120621,-510.6129509726,,
9.199226141,-521.6887909799,,
9.1994495392,-530.0709995757,,
9.1994774342,-536.2273573727,,
9.1995000839,-541.1909141403,,
9.1995232105,-546.5128544551,,
9.1995463371,-554.0671759552,,
9.2055237293,-565.7033363061,,
9.2055902481,-582.7730978899,,
9.2056090832,-605.5891645535,,
9.2056269646,-632.9051867473,,
9.2056441307,-661.5357341915,,
9.2059428692,-686.2499883698,,
9.3399586678,-700.0586709823,,
9.3401935101,-694.956742076,,
9.3402297497,-663.0846017697,,
9.3402612209,-598.1490527209,,
9.3402915001,-496.8382104729,,
9.3403217793,-359.9089508919,,
9.3458447456,-192.6492838164,,
9.4143664837,-4.5309120604,,
9.4144968987,191.9498826717,,
9.4145374298,383.0414055314,,
9.4145724773,555.7546568721,,
9.4146056175,699.7072459981,,
9.4146392345,808.4242262721,,
9.4146735668,879.8740404867,,
9.4204802513,916.2054064608,,
9.4724845886,922.8236133794,,
9.4726204872,907.0625280302,,
9.4726388454,876.7531219746,,
9.4726572037,838.9631907716,,
9.4726743698,799.1064320777,,
9.4727134705,760.5192558400,,
9.4763410091,724.5032207631,,
9.5273957253,690.7455502705,,
9.5276062489,657.971365479,,
9.5276353359,624.656948661,,
9.5276610851,589.6455274851,,
9.5277323723,552.5501180584,,
9.5301501751,513.8891802617,,
9.5889458656,474.9644365487,,
9.5890846252,437.542736492,,
9.5891101360,403.4370681454,,
9.5891327858,374.0923275041,,
9.5935337543,350.2696978813,,
9.6565036774,331.8934671062,,
9.6566522121,318.0831501103,,
9.6567065716,307.3511602227,,
9.6567308903,297.9110258600,,
9.6567518711,288.0205431907,,
9.6567742825,276.2822423323,,
9.7193651199,261.8388949724,,
9.7196216583,244.4291611096,,
9.7196667194,224.3022031879,,
9.7197649479,202.0247557589,,
9.7197976112,178.2417450958,,
9.7198390961,153.4623591312,,
9.7241742611,127.9316229618,,
9.7903347015,101.6159464559,,
9.7905809879,74.2913322672,,
9.7906169891,45.6902992115,,
9.7906479836,15.6502181505,,
9.7906963825,-15.7853021455,,
9.7907307148,-48.3364873134,,
9.8457820415,-81.5271370705,,
9.8459267616,-114.7733090211,,
9.8459603786,-147.4924598701,,
9.8459899426,-179.2067508421,,
9.8460309505,-209.6217353323,,
9.8460586071,-238.6689741131,,
9.8460855484,-266.5057742719,,
9.8481926918,-293.4692902122,,
9.8482730389,-319.9892996689,,
9.8483045101,-346.4743608269,,
9.8483347893,-373.1951112543,,
9.8483636379,-400.190909954,,
9.9342312813,-427.2212247003,,
9.9968070984,-453.7747072625,,
9.9969890118,-479.140079943,,
9.9970183372,-502.5345793942,,
9.9970433712,-523.2770856997,,
9.9970698357,-540.9833158545,,
9.997096777,-555.7492459143,,
9.9971222878,-568.2775267708,,
9.9971449375,-579.8942344442,,
10.0023157597,-592.4067654909,,
10.0617878437,-607.7743135026,,
10.0619375706,-627.6012812190,,
10.0619666576,-652.5162296052,,
10.0619950294,-681.5541702629,,
10.0620214939,-711.7015768324,,
10.0641918182,-737.771495446,,
10.1312544346,-752.7368613105,,
10.1316065788,-748.5638122792,,
10.1316626072,-717.4679489206,,
10.1317553520,-653.3916838656,,
10.1318039894,-553.4057917649,,
10.131875515,-418.7090178671,,
10.2041184902,-254.9568792474,,
10.2047111988,-71.7879824706,,
10.2048170567,118.4006702263,,
10.2048459053,302.1998657469,,
10.2048733234,467.1055718788,,
10.2048993111,603.2278504535,,
10.2049245834,704.4761274321,,
10.2103395462,769.0376620534,,
10.2637929916,799.1246567484,,
10.2639508247,800.1103657618,,
10.2639737129,779.2764566867,,
10.2639946938,744.4388966860,,
10.2640144825,702.7080963605,,
10.2640342712,659.5815427216,,
10.2642886639,618.4807851614,,
10.3365535736,580.7487848311,,
10.3367848396,546.0361402013,,
10.3368086815,512.9401237876,,
10.336830616,479.7288311159,,
10.3368499279,444.9877913567,,
10.3430883884,408.0647233007,,
10.3955049515,369.2491356713,,
10.3957231045,329.6906428665,,
10.3957538605,291.1157014884,,
10.3957774639,255.4352658188,,
10.3958008289,224.3429823310,,
10.3958220482,198.989445498,,
10.4003362656,179.7900801812,,
10.4534471035,166.3900106622,,
10.4536037445,157.7755901889,,
10.4536311626,152.4940058231,,
10.4536561966,148.9230875901,,
10.4537041187,145.5273174656,,
10.4582722187,141.0464485989,,
10.5102863312,134.5875419226,,
10.5105311871,125.6201540413,,
10.5105624199,113.8978687383,,
10.5105893612,99.3425056088,,
10.5106143951,81.9300067518,,
10.5149414539,61.6109006521,,
10.5633544922,38.2856308275,,
10.5635511875,11.838395013,,
10.5635740757,-17.7846096921,,
10.5635955334,-50.4810010780,,
10.563615799,-85.9159273144,,
10.6154770851,-123.4916249977,,
10.6156868935,-162.3775947475,,
10.6157193184,-201.6016453531,,
10.6157460213,-240.1882073342,,
10.6157710552,-277.3167499819,,
10.6190409660,-312.4620917088,,
10.667812109,-345.475450286,,
10.6679656506,-376.5751652602,,
10.6679890156,-406.2392009176,,
10.6680116653,-435.0217785194,,
10.6684207916,-463.3439442466,,
10.712376833,-491.3226852891,,
10.7126102448,-518.6985699475,,
10.7126402855,-544.8964657714,,
10.7126672268,-569.2137369727,,
10.7127158642,-591.0882071953,,
10.7148110867,-610.3680922658,,
10.7148892879,-627.4962532510,,
10.714912653,-643.5322239062,,
10.7149343491,-659.964872524,,
10.7694437504,-678.3126860564,,
10.8203544617,-699.5615100783,,
10.8205370903,-723.5421038921,,
10.8205604553,-748.3911019393,,
10.820581913,-770.2564526513,,
10.8225564957,-783.3900189214,,
10.8646247387,-780.7088900037,,
10.8648321629,-754.8070630671,,
10.8648550510,-699.2791725806,,
10.8648767471,-610.1100391379,,
10.8648982048,-486.8247966637,,
10.8688175678,-333.1114142563,,
10.8689312935,-156.7247958942,,
10.8689608574,31.3633706949,,
10.8689877987,218.4330672403,,
10.9222452641,391.8231919112,,
10.9665493965,540.7205965729,,
10.9667472839,657.582833696,,
10.9667718410,738.9367903474,,
10.9667928219,785.4391259738,,
10.966814518,801.2432742538,,
10.9689424038,792.8546704295,,
10.9690172672,767.7427891378,,
10.9690403938,733.0014391592,,
10.9690611362,694.3086215474,,
10.9690804482,655.3479485018,,
11.0739078522,617.7384605686,,
11.0740640163,581.4066787535,,
11.0740866661,545.2489490959,,
11.0741066933,507.8892308306,,
11.0741271973,468.3424115628,,
11.1243240833,426.441442585,,
11.1245641708,382.9638114176,,
11.1245961189,339.4763906346,,
11.1246228218,297.9833182747,,
11.1246483326,260.493551263,,
11.1267826557,228.6213398055,,
11.179058075,203.3037133521,,
11.1792554855,184.6778388799,,
11.1792824268,172.1197259323,,
11.1793036461,164.4124936432,,
11.1849522591,159.9921414222,,
11.2364335060,157.2130282644,,
11.2365751266,154.582225438,,
11.2366030216,150.9268425789,,
11.2366271019,145.4756494432,,
11.236656189,137.8522661522,,
11.2399332523,127.9919897337,,
11.2846310139,116.0089441557,,
11.2848353386,102.0521690059,,
11.2848572731,86.1927877183,,
11.2848787308,68.3753981537,,
11.2849984169,48.4461359721,,
11.3405714035,26.2435479297,,
11.3408038616,1.7164142394,,
11.3408277035,-24.9757816893,,
11.3408498764,-53.4163826448,,
11.3432354927,-82.9568718498,,
11.3433074951,-112.8093003397,,
11.3843705654,-142.1818259539,,
11.3845303059,-170.4219345839,,
11.3845546246,-197.1302606934,,
11.3845770359,-222.215241716,,
11.4339232445,-245.8734449523,,
11.4341304302,-268.4998242857,,
11.4341545105,-290.5514542387,,
11.4341759682,-312.4007396761,,
11.4389750957,-334.2152201399,,
11.4847574234,-355.8916547144,,
11.4849483967,-377.0569392189,,
11.4849734306,-397.1328689185,,
11.4849944115,-415.4495606666,,
11.4894566536,-431.3859659058,,
11.5356209278,-444.5159310408,,
11.5358133316,-454.7417213436,,
11.5358388424,-462.3988787473,,
11.5358598232,-468.3140855127,,
11.5404973030,-473.7924677463,,
11.5867106915,-480.5063464480,,
11.5869076252,-490.2597232086,,
11.586933136,-504.6178689525,,
11.5869550705,-524.4222746279,,
11.5874261856,-549.2550367031,,
11.6270465851,-576.9630982856,,
11.6272356510,-603.3847956829,,
11.6272611618,-622.4206895920,,
11.6272830963,-626.5457782037,,
11.6273040771,-607.7716565566,,
11.6699743271,-558.9510005669,,
11.6701326370,-475.2025235826,,
11.6701555252,-355.1591158919,,
11.6701755524,-201.7370525621,,
11.7024261951,-22.2022036173,,
11.7026216984,172.5450217655,,
11.7026464939,369.3685216177,,
11.7026686668,554.7232542683,,
11.7471542358,716.5557203647,,
11.7474398613,845.9117809449,,
11.7474691868,937.9595988915,,
11.7494845390,992.2714620124,,
11.7871599197,1012.3676940744,,
11.7873337269,1004.6704384239,,
11.7873616219,977.115729827,,
11.7873847485,937.7129956732,,
11.8295242786,893.3195153825,,
11.8297662735,848.8239970443,,
11.8297979832,806.8296035792,,
11.829826355,767.8181116628,,
11.8587479591,730.6858912304,,
11.8589365482,693.4847472114,,
11.8589611053,654.1844668053,,
11.8589830399,611.2981959564,,
11.8610904217,564.2661618834,,
11.861168623,513.5617011610,,
11.8611912727,460.5493442395,,
11.9349081516,407.1735994949,,
11.9351062775,355.5794626681,,
11.9351308346,307.7591182558,,
11.9351522923,265.2900213217,,
11.987323761,229.1907034768,,
11.9874942303,199.8865876436,,
11.9875206947,177.2576715141,,
11.9897847176,160.7342662126,,
12.0217769146,149.4123102191,,
12.0219717026,142.1706620467,,
12.0220043659,137.7834309893,,
12.0220310688,135.0261266520,,
12.0220572948,132.773137597,,
12.0600969791,130.077534925,,
12.0602974892,126.2181574404,,
12.0603201389,120.7000076734,,
12.0607988834,113.2043033202,,
12.0872702599,103.5000517364,,
12.0874533653,91.3432354956,,
12.0874805450,76.3968979070,,
12.0901529789,58.2018288007,,
12.0902309418,36.2132201988,,
12.09025383,9.8981785688,,
12.1732242107,-21.1307733142,,
12.1734163761,-56.9832164504,,
12.1734385490,-97.3961026403,,
12.1734597683,-141.7011803009,,
12.1789617538,-188.8608615146,,
12.2258532047,-237.5622102082,,
12.2263877392,-286.3476096594,,
12.2264578342,-333.7565766404,,
12.2310366631,-378.4575582478,,
12.2757349014,-419.3604963844,,
12.2758915424,-455.7144716229,,
12.2759149075,-487.2012397436,,
12.2759354115,-514.0295458214,,
12.2759552002,-537.0181818334,,
12.3274035454,-557.6351331158,,
12.3275973797,-577.9449411258,,
12.3276216984,-600.4145054202,,
12.3276438713,-627.5446124655,,
12.3276638985,-661.3322633200,,
12.3692317009,-702.6227602549,,
12.3694245815,-750.4684016393,,
12.3694489002,-801.6547774468,,
12.3694696426,-850.5676084721,,
12.3694901466,-889.5392529793,,
12.424725771,-909.7294761105,,
12.4248659611,-902.467577267,,
12.4248900414,-860.8388462464,,
12.4249114990,-781.1832774282,,
12.4291746616,-664.1399277343,,
12.4727363586,-514.9478166034,,
12.4729199409,-342.8921388227,,
12.4729509354,-160.0040101038,,
12.4729788303,20.6967046086,,
12.4730031490,187.0404482013,,
12.5253379345,329.2743677781,,
12.5255784988,441.0997671356,,
12.5256099701,520.0597979848,,
12.5256381035,567.2931700162,,
12.5303244591,586.7803880781,,
12.5791521072,584.2780149418,,
12.5793302059,566.1605586667,,
12.5793571472,538.3750681739,,
12.5793809891,505.6694073587,,
12.5794041157,471.1898417073,,
12.6271102428,436.4664197835,,
12.6273021698,401.7283157690,,
12.6273281574,366.4306814505,,
12.6273770332,329.8426864465,,
12.6273999214,291.5501852168,,
12.6791322231,251.7642518367,,
12.6793122292,211.3883627606,,
12.6793348789,171.8648278950,,
12.6793544292,134.8755314456,,
12.6793735027,101.9986365058,,
12.7266082764,74.4171515315,,
12.7268059254,52.7431609959,,
12.7268314362,36.9770339012,,
12.7268538475,26.5806165275,,
12.7268755436,20.6194427086,,
12.7732584476,17.9248887469,,
12.7734510899,17.2390219056,,
12.7734749317,17.3245415955,,
12.7734954357,17.0402523954,,
12.7735152245,15.3918375856,,
12.816100359,11.5673757296,,
12.8162667751,4.9619541058,,
12.8162934780,-4.8081283855,,
12.8163149357,-17.9012629136,,
12.8168091774,-34.2551127278,,
12.8562321663,-53.5999510301,,
12.8563828468,-75.4848184514,,
12.8564062119,-99.3220819165,,
12.8564276695,-124.451538781,,
12.8582553864,-150.217218914,,
12.8583304882,-176.0434360127,,
12.8583533764,-201.4943417957,,
12.8583741188,-226.3038409243,,
12.9454548359,-250.3692063528,,
12.9456472397,-273.7094803986,,
12.9456725121,-296.396560563,,
12.9457828999,-318.4730078118,,
12.9878356457,-339.8766989281,,
12.9880127907,-360.3962402202,,
12.9880354404,-379.6786453558,,
12.9880557060,-397.3004243037,,
12.9880759716,-412.8969856649,,
12.9914665222,-426.3273193103,,
12.9915513992,-437.8349620187,,
12.9915766716,-448.1547152664,,
12.9916028976,-458.5109505455,,
13.0411727428,-470.4628204334,,
13.0759627819,-485.5777072687,,
13.0761163235,-504.9548667550,,
13.0761401653,-528.6692279130,,
13.0761606693,-555.2498851569,,
13.1232795715,-581.3364375652,,
13.1234531403,-601.6566478072,,
13.1234753132,-609.4306332540,,
13.1234958172,-597.2257080809,,
13.1604466438,-558.1715096546,,
13.1606407166,-487.3260315414,,
13.1606705189,-382.9014509452,,
13.1607191563,-247.0500172071,,
13.1607432365,-85.9868578470,,
13.1625745296,90.6289010871,,
13.1627106667,270.9610413281,,
13.1627347469,442.666499217,,
13.2094986439,594.6355679481,,
13.2541842461,718.4630855922,,
13.2545166016,809.3850421131,,
13.2545573711,866.5426473834,,
13.2545781136,892.5830107913,,
13.3018350601,892.737975059,,
13.3019974232,873.6127252604,,
13.3020203114,841.9469623573,,
13.3020403385,803.5823715526,,
13.3020601273,762.7953508186,,
13.3444874287,722.0576628129,,
13.3446648121,682.1941221571,,
13.3447210789,642.8335052395,,
13.3447442055,603.0067164043,,
13.3469569683,561.7387359298,,
13.3863649368,518.5063473498,,
13.3866081238,473.4838983974,,
13.3866424561,427.5600988234,,
13.3866693974,382.1639338430,,
13.4315917492,338.9741871300,,
13.4317958355,299.5981777045,,
13.4318253994,265.2929360622,,
13.4318470955,236.7758242177,,
13.4742574692,214.1432415587,,
13.4744167328,196.8931550409,,
13.4744441509,184.0321661952,,
13.4744672775,174.2398154978,,
13.4762480259,166.0597438307,,
13.5107052326,158.0878237436,,
13.5108866692,149.1310538560,,
13.5109155178,138.3173760541,,
13.5109951496,125.1451058263,,
13.5147786140,109.4709305632,,
13.5148603916,91.4459528612,,
13.5148887634,71.4176017337,,
13.5530412197,49.8196069958,,
13.5868034363,27.0720355857,,
13.5869836807,3.5086735475,,
13.5870084763,-20.6594835175,,
13.5894076824,-45.3459342920,,
13.5894825459,-70.5647400271,,
13.5895056725,-96.3930332422,,
13.5895266533,-122.930404866,,
13.6839745045,-150.2617685942,,
13.6841318607,-178.4261980468,,
13.6841566563,-207.3911987747,,
13.6841804981,-237.0307626303,,
13.6842024326,-267.1060538418,,
13.7285592556,-297.2491075768,,
13.7287817001,-326.9531547499,,
13.7288074493,-355.5789292661,,
13.7288293839,-382.3925880569,,
13.7288503647,-406.6521778565,,
13.777790308,-427.7503724422,,
13.777985096,-445.4010930094,,
13.7780089378,-459.8326316939,,
13.7780299187,-471.9284146475,,
13.778387785,-483.2460978541,,
13.8206260204,-495.853511445,,
13.8208007812,-511.9514775257,,
13.8208305836,-533.3066511778,,
13.8208534718,-560.5802760009,,
13.8230288029,-592.6937069984,,
13.8231303692,-626.4019128158,,
13.8231544495,-656.2387598589,,
13.8231761456,-674.9452556158,,
13.8731751442,-674.3961668242,,
13.9168190956,-646.9173376096,,
13.917198658,-586.7654615844,,
13.9172439575,-491.4616631615,,
13.9172661304,-362.6629851974,,
13.9231579304,-206.3349181527,,
13.9752466679,-32.1378387152,,
13.9754438400,147.8792496404,,
13.9754695892,321.0231176269,,
13.9754927158,475.7871389651,,
13.9813389778,603.4085612893,,
14.0457739830,698.8696216545,,
14.0459778309,761.1952945736,,
14.0460083485,793.0550298313,,
14.0460350513,799.8128002714,,
14.046061039,788.2616607731,,
14.0513885021,765.3113431622,,
14.1053142548,736.8714646306,,
14.1055090427,707.1042057706,,
14.1055371761,678.1301744999,,
14.1055574417,650.178027637,,
14.1055767536,622.086221531,,
14.1055948734,592.0070423153,,
14.1102714539,558.1403756222,,
14.1582291126,519.3410312310,,
14.1584584713,475.4908835575,,
14.1585037708,427.5905894550,,
14.1585242748,377.5891526073,,
14.158544302,328.0196303376,,
14.2254602909,281.5376644853,,
14.2256653309,240.4648162062,,
14.225730896,206.4243518355,,
14.225758791,180.1285753799,,
14.2257840633,161.3403281021,,
14.2285864353,148.9943320686,,
14.2904372215,141.4344126123,,
14.290648222,136.7061659989,,
14.2907202244,132.8434500328,,
14.2907521725,128.0992110144,,
14.2907786369,121.0919352553,,
14.2908039093,110.862510405,,
14.3538033962,96.8563108209,,
14.353962183,78.8573468498,,
14.3539910316,56.9042362876,,
14.3540184498,31.2128493132,,
14.3540451527,2.1198731822,,
14.3540871143,-29.9512674759,,
14.3546113968,-64.510988161,,
14.4064564705,-101.0236283274,,
14.4066443443,-138.9373880685,,
14.4066739082,-177.7266229072,,
14.4067330360,-216.938670519,,
14.4067602158,-256.2288163732,,
14.4067854881,-295.3658890029,,
14.4092481136,-334.1998926697,,
14.4093363285,-372.5977548026,,
14.4093661308,-410.3663804644,,
14.4093940258,-447.1894870512,,
14.4094200134,-482.6051319128,,
14.5250182152,-516.0439535474,,
14.525223732,-546.9340717382,,
14.5252683163,-574.8596733464,,
14.5253045559,-599.7401838091,,
14.5253388882,-621.9791284996,,
14.5253717899,-642.5213169586,,
14.5254051685,-662.7611508656,,
14.5961709023,-684.2689273824,,
14.5963401794,-708.3442715264,,
14.5963695049,-735.4583071979,,
14.5963954926,-764.6976079065,,
14.5964343548,-793.3590987499,,
14.6680402756,-816.8495929746,,
14.6682479382,-829.0041430459,,
14.6682786942,-822.8533868093,,
14.6683077812,-791.756747412,,
14.6683347225,-730.7039650456,,
14.6683607101,-637.5071962772,,
14.6683855057,-513.5930730095,,
14.6743142605,-364.1758367192,,
14.7428767681,-197.7352624548,,
14.7430453300,-24.8917880578,,
14.7430775166,143.0888630524,,
14.7431042194,295.8569595272,,
14.7431302071,425.3072712497,,
14.7431559563,526.4476591427,,
14.7481882572,597.6923691465,,
14.8123214245,640.5878728415,,
14.8124306202,659.0870359718,,
14.8124620914,658.5591078215,,
14.8124916553,644.7474028638,,
14.8125193119,622.8650277136,,
14.8125476837,596.9637294049,,
14.8125743866,569.6392715904,,
14.8675534725,542.0654492174,,
14.8677895069,514.2902612801,,
14.8678133488,485.6894233366,,
14.8678352833,455.4586069977,,
14.8678553104,423.0369656066,,
14.8678767681,388.3854615684,,
14.8678956032,352.0850607838,,
14.9150590897,315.2623381028,,
14.9152176380,279.3849415896,,
14.9152407646,245.9902942971,,
14.9152626991,216.4150803727,,
14.9152834415,191.5817938771,,
14.9174392223,171.8768301892,,
14.9668483734,157.129192291,,
14.9670088291,146.6762129767,,
14.9670350552,139.4876008365,,
14.9670622349,134.3150526162,,
15.0132114887,129.8410675817,,
15.0134024620,124.8111796588,,
15.0134265423,118.1416449793,,
15.0134487152,108.9982046487,,
15.013471365,96.8436839101,,
15.0643396378,81.4546855695,,
15.0645415783,62.9096772771,,
15.0645678043,41.5513180098,,
15.0645885468,17.9257882783,,
15.0646078587,-7.2967569591,,
15.1160743237,-33.4132443876,,
15.1162316799,-59.7795920717,,
15.1162538528,-85.8911579132,,
15.1162748337,-111.439635234,,
15.1162953377,-136.3363973209,,
15.161598444,-160.6962294153,,
15.1617722511,-184.7811420193,,
15.1617980003,-208.9120552777,,
15.1618201733,-233.365774906,,
15.1618399620,-258.2814855549,,
15.2116243839,-283.5999309667,,
15.2118186951,-309.0491226381,,
15.2118434906,-334.178034103,,
15.2118651867,-358.4310328771,,
15.2118844986,-381.2534036454,,
15.2548069954,-402.2183045978,,
15.2549636364,-421.1614921321,,
15.2549867630,-438.3000981611,,
15.2550075054,-454.2998716384,,
15.2550270557,-470.2485575063,,
15.2937457561,-487.4975717249,,
15.2939147949,-507.353767299,,
15.2939391136,-530.6385756762,,
15.293961525,-557.1782703386,,
15.3363800049,-585.3345840517,,
15.3365631104,-611.7132401533,,
15.3365859985,-631.1847309051,,
15.3366076946,-637.308701921,,
15.384005785,-623.1711300872,,
15.3842165470,-582.535282273,,
15.3842482567,-511.1016319117,,
15.384275198,-407.6055756854,,
15.4271490574,-274.4841916635,,
15.4273345470,-117.9208663772,,
15.4273579121,52.7892870325,,
15.4273779392,226.454985154,,
15.4273967743,391.5519679507,,
15.4657714367,537.8228743947,,
15.4659693241,657.6036118347,,
15.4659943581,746.6410054094,,
15.4660170078,804.289522958,,
15.4681725502,833.1102496538,,
15.5079040527,838.0103012168,,
15.5080103874,825.1333786385,,
15.5080320835,800.7334945337,,
15.5099902153,770.236951835,,
15.5458660126,737.6332673591,,
15.5461022854,705.2515619158,,
15.5461363792,673.8969106791,,
15.5482332706,643.2571785206,,
15.5961205959,612.4491953724,,
15.5963168144,580.5577175128,,
15.5963404179,547.0410462935,,
15.6349251270,511.9311615209,,
15.635065794,475.8206274607,,
15.6350870132,439.6802168869,,
15.635106802,404.5836986038,,
15.6351263523,371.4290505306,,
15.6774516106,340.7335083092,,
15.6776094437,312.5440086518,,
15.6776320934,286.461488536,,
15.6776521206,261.7497811580,,
15.7149779797,237.4951821698,,
15.7151730061,212.7876045940,,
15.7151985168,186.8924861223,,
15.7152211666,159.3774123479,,
15.7173314095,130.1648927667,,
15.7658162117,99.5060601481,,
15.7659709454,67.8938930071,,
15.7659935951,35.9454478866,,
15.8153636456,4.2816015298,,
15.8156006336,-26.5730815958,,
15.8156342506,-56.2551768885,,
15.8156604767,-84.5857335775,,
15.8157098293,-111.5565803883,,
15.8178143501,-137.2937302506,,
15.8584165573,-162.0151978414,,
15.8586106300,-185.9943912541,,
15.8586325645,-209.5288149010,,
15.8586530685,-232.9049369910,,
15.8610000610,-256.3493216179,,
15.8974545002,-279.9643411658,,
15.8976545334,-303.6606046690,,
15.8977057934,-327.1113600926,,
15.8995764256,-349.7586249285,,
15.9473795891,-370.8898675411,,
15.9475708008,-389.7777752253,,
15.9475941658,-405.8450584548,,
15.9497733116,-418.7983961255,,
15.9862298965,-428.6821231895,,
15.9864234924,-435.8319727395,,
15.9864492416,-440.7496500864,,
15.9864711761,-443.9528293187,,
15.9891355038,-445.8671057249,,
16.0301835537,-446.8096225370,,
16.0304307938,-447.0740170051,,
16.0304622650,-447.0804965474,,
16.0324187279,-447.5248793258,,
16.0687065125,-449.4589879032,,
16.0689024925,-454.2575697779,,
16.0689272881,-463.4578388723,,
16.0694131851,-478.4825697313,,
16.1123631001,-500.2732599916,,
16.1125500202,-528.8727443911,,
16.1125752926,-563.0155331688,,
16.1147277355,-599.8110430429,,
16.1565163136,-634.6288732158,,
16.1566741467,-661.2955848676,,
16.1567306519,-672.6711106367,,
16.1567511559,-661.5883836112,,
16.1994047165,-622.0320364126,,
16.1995911598,-550.3362154884,,
16.1996142864,-446.1339836297,,
16.1996355057,-312.8148415603,,
16.2018842697,-157.3436479479,,
16.2430613041,10.5604323957,,
16.2432472706,179.7352864288,,
16.2432715893,339.1170117433,,
16.2455420494,479.2099864525,,
16.2868418694,593.2193305309,,
16.2869954109,677.6699566548,,
16.2870187759,732.4540381435,,
16.2870395184,760.3632585646,,
16.3383758068,766.24881076,,
16.3385751247,755.996169399,,
16.3385980129,735.5034192065,,
16.3386194706,709.823607881,,
16.3409833908,682.5866470219,,
16.3866357803,655.7618891347,,
16.3868625164,629.7622771589,,
16.3868889809,603.8314605544,,
16.3869097233,576.6072881609,,
16.3895728588,546.7289234744,,
16.4396648407,513.3558532684,,
16.4398496151,476.4950093184,,
16.4398722649,437.081551609,,
16.4398913383,396.8185249285,,
16.4417924881,357.8355045767,,
16.4880430698,322.2620283115,,
16.4882323742,291.8202462542,,
16.4882571697,267.5243339742,,
16.4882791042,249.5398121629,,
16.4905757904,237.2140922824,,
16.5396752357,229.2504376426,,
16.5399029255,223.9698824131,,
16.5399346352,219.5951056955,,
16.5399625301,214.4978080651,,
16.5424449444,207.3719626993,,
16.5945076942,197.3200831776,,
16.5946998596,183.8601069012,,
16.5947401524,166.8732903024,,
16.5947868824,146.5184725916,,
16.5970554352,123.1365775553,,
16.6548006535,97.1641973960,,
16.6550090313,69.0686110301,,
16.6550409794,39.3086762848,,
16.6550686359,8.317456917,,
16.6550951004,-23.5039557395,,
16.7074406147,-55.7929791793,,
16.7076344490,-88.2382330291,,
16.7076582909,-120.5945383458,,
16.7077047825,-152.6898736157,,
16.7077283859,-184.4159710738,,
16.7077474594,-215.7027678543,,
16.709897995,-246.4848091852,,
16.7602567673,-276.6695598484,,
16.7606418133,-306.1132529301,,
16.7607111931,-334.6037789576,,
16.7607386112,-361.8481445013,,
16.7628743649,-387.4666558544,,
16.8129446507,-411.0034543703,,
16.8131260872,-431.9671103409,,
16.8131508827,-449.9120344607,,
16.8131704330,-464.5609473742,,
16.8153233528,-475.9519603237,,
16.8564078808,-484.5751192326,,
16.8566021919,-491.4495148558,,
16.8566255569,-498.0902746954,,
16.8566462994,-506.328605993,,
16.8566648960,-517.9763633208,,
16.9097549915,-534.3644075701,,
16.9098975658,-555.8244609567,,
16.9099204540,-581.2188095290,,
16.9099404812,-607.6412318560,,
16.9119780064,-630.406854572,,
16.9531288147,-643.4122670666,,
16.9532389641,-639.8793079338,,
16.9532604218,-613.4045440428,,
16.9532804489,-559.1420868645,,
16.9532988071,-474.8798481282,,
17.0024092197,-361.7572198610,,
17.0025973320,-224.4304470944,,
17.0026216507,-70.6123862501,,
17.0026416779,89.938026628,,
17.0474936962,246.7724027528,,
17.047700882,390.1814644593,,
17.0477311611,512.4239784499,,
17.0477571487,608.5484310646,,
17.0477814674,676.7002077454,,
17.0930266380,717.9162972473,,
17.0932693481,735.5044222253,,
17.0933020115,734.1680736409,,
17.0933296680,719.0651117585,,
17.0954930782,694.9750119803,,
17.1371729374,665.7051550687,,
17.1373617649,633.8020644755,,
17.1373846531,600.5647246953,,
17.1374049187,566.2991373571,,
17.1880114079,530.7163935939,,
17.1882066727,493.3643925655,,
17.1882290840,453.9941000773,,
17.1882486343,412.7898301516,,
17.1902787685,370.4325934336,,
17.232452631,328.0077748120,,
17.2326388359,286.803357145,,
17.2326636314,248.0636213673,,
17.2327110767,212.7627829606,,
17.2330722809,181.4478854981,,
17.2742843628,154.1778234505,,
17.2744884491,130.5612024722,,
17.274512291,109.873701335,,
17.2745323181,91.2195547298,,
17.340246439,73.6953232107,,
17.3404083252,56.5188027114,,
17.3404378891,39.1002586333,,
17.3404655457,21.0526404939,,
17.3426606655,2.155704957,,
17.4037780762,-17.6997113373,,
17.4039852619,-38.5598331777,,
17.4040145874,-60.4298341894,,
17.404042244,-83.2659691614,,
17.4040679932,-106.9498374255,,
17.4040920734,-131.2656277731,,
17.4588627815,-155.8994742459,,
17.4590375423,-180.4684500590,,
17.4590611458,-204.5717912079,,
17.4590816498,-227.8474324092,,
17.4591021538,-250.0176817138,,
17.4591219425,-270.9159112081,,
17.4612443447,-290.4934088847,,
17.5099098682,-308.8070441489,,
17.5100557804,-325.9873736665,,
17.5100791454,-342.1892481538,,
17.5101001263,-357.5331120421,,
17.5101189613,-372.0500152862,,
17.5640039444,-385.643654813,,
17.5641951561,-398.0797468595,,
17.5642273426,-409.0092802885,,
17.5642518997,-418.0289044243,,
17.5642762184,-424.7782432912,,
17.6180074215,-429.0682441702,,
17.6181771755,-431.0246107953,,
17.6182022095,-431.2161454756,,
17.6182231903,-430.7235979296,,
17.6182429790,-431.0979589998,,
17.6205296516,-434.1661628456,,
17.669066906,-441.6708520797,,
17.6692113876,-454.7754629696,,
17.6692335606,-473.5157634508,,
17.6692535877,-496.3205499313,,
17.6692728996,-519.7438016879,,
17.7241585255,-538.5361961708,,
17.7243440151,-546.1298496401,,
17.7243680954,-535.5228599638,,
17.7243890762,-500.4478241137,,
17.7244086266,-436.615895609,,
17.7759876251,-342.7731424455,,
17.7761459351,-221.3138209957,,
17.7761695385,-78.2748565968,,
17.7761921883,77.3289636266,,
17.7762122154,234.7174385671,,
17.7783293724,382.8696996366,,
17.8322012424,512.0635784815,,
17.8323566914,615.1409837134,,
17.8323807716,688.2813993667,,
17.8324017525,731.176584108,,
17.8342747688,746.6237618175,,
17.8744728565,739.6653860615,,
17.8746693134,716.4801276574,,
17.8747148514,683.2592057061,,
17.8747365475,645.2806170236,,
17.8747570515,606.3287339976,,
17.9309685230,568.5169058218,,
17.9311664104,532.4797219516,,
17.9311909676,497.8295366398,,
17.9312136173,463.7309517931,,
17.9334356785,429.4420742638,,
17.9875004292,394.7007350402,,
17.9876320362,359.8881973785,,
17.9876601696,325.9664612887,,
17.9877116680,294.2409614057,,
17.9877357483,266.035376738,,
18.0402884483,242.3738810898,,
18.0403969288,223.7503624594,,
18.0404179096,210.0312927138,,
18.0404372215,200.4995261368,,
18.0404555798,194.0115804102,,
18.0406601429,189.219124105,,
18.0968616009,184.7987280038,,
18.0970592499,179.6402744213,,
18.0970816612,172.9605033946,,
18.0971021652,164.3300457979,,
18.0971212387,153.6240058531,,
18.1438734531,140.9210376256,,
18.1440253258,126.3809249003,,
18.1440470219,110.1290588941,,
18.1440668106,92.1727700575,,
18.1440868378,72.3696956251,,
18.1460094452,50.4591235469,,
18.1993377209,26.1518324325,,
18.199567318,-0.7453596121,,
18.1995918751,-30.2104327229,,
18.1996130943,-61.9359393837,,
18.2019205093,-95.33603512,,
18.2532787323,-129.6304154857,,
18.2534818649,-163.9767057761,,
18.2535045147,-197.6083744659,,
18.2535252571,-229.9390114696,,
18.2535455227,-260.6110475581,,
18.3220739365,-289.4878208237,,
18.3222470284,-316.6036281421,,
18.3223409653,-342.0930082154,,
18.3223707676,-366.1181002060,,
18.3223969936,-388.8047954149,,
18.3246164322,-410.190254085,,
18.3765516281,-430.1814091286,,
18.3767812252,-448.5278544284,,
18.3768119812,-464.8203304137,,
18.3768389225,-478.5321192632,,
18.3768641949,-489.1185380313,,
18.3768894672,-496.1759775657,,
18.4338319302,-499.6392261501,,
18.4340240955,-499.9721376959,,
18.4340484142,-498.2913412891,,
18.4340693951,-496.3615997129,,
18.4340901375,-496.4158936582,,
18.4343585968,-500.7822063792,,
18.4876089096,-511.3406051109,,
18.4877927303,-528.8849387889,,
18.4878218174,-552.5145189217,,
18.4878444672,-579.2169874928,,
18.4878678322,-603.8053338927,,
18.4902069569,-619.3256148501,,
18.5347969532,-617.9563341572,,
18.5349950790,-592.2926394756,,
18.5350198746,-536.7832661916,,
18.5350410938,-449.0088307933,,
18.5350635052,-330.4905354427,,
18.5823698044,-186.8069713398,,
18.5824806690,-26.9525302572,,
18.5825018883,137.9489849120,,
18.5825207233,296.3093738852,,
18.5849010944,437.7723053349,,
18.6267538071,554.6035021348,,
18.6269090176,642.5281656506,,
18.6269314289,700.9074929603,,
18.6269519329,732.2931357588,,
18.6848981380,741.5192994921,,
18.6850609779,734.5629897161,,
18.6850841045,717.4147211171,,
18.6851034164,695.1623087664,,
18.6853437424,671.4177556281,,
18.7390782833,648.1321148133,,
18.7392654419,625.7627642993,,
18.7392890453,603.6958938728,,
18.7393105030,580.7939441357,,
18.7393305302,555.9359225333,,
18.7415463924,528.443157099,,
18.7979724407,498.3240346234,,
18.7981278896,466.3167046188,,
18.7981500626,433.7494082119,,
18.7981700897,402.2697755708,,
18.7981891632,373.5150302459,,
18.8676042557,348.8009901085,,
18.8677806854,328.8958718614,,
18.8678312302,313.9173527005,,
18.8678603172,303.3569836904,,
18.8678858280,296.2064915709,,
18.8679118156,291.1442003518,,
18.9361479282,286.7381745653,,
18.9362988472,281.6308885727,,
18.9363303185,274.6819527702,,
18.9363570213,265.0571116802,,
18.9363818169,252.2621728758,,
18.9364075661,236.1283805969,,
18.9364321232,216.7599121514,,
18.9963846207,194.4559873607,,
18.9966471195,169.6220236278,,
18.9967000484,142.6861570468,,
18.9967272282,114.0363849438,,
18.9967515469,83.9879880505,,
18.9967756271,52.7827910673,,
18.9987471104,20.6146504649,,
19.0501697063,-12.3296453185,,
19.0503647327,-45.8296271563,,
19.0503895283,-79.6097744634,,
19.0504114628,-113.354020015,,
19.0504319668,-146.7590948789,,
19.0509624481,-179.6093332885,,
19.1211936474,-211.8398917675,,
19.1213819981,-243.5542772768,,
19.1214120388,-274.9765803331,,
19.1214387417,-306.3419176458,,
19.1214642525,-337.7518357137,,
19.1951854229,-369.0384177704,,
19.1953611374,-399.6862954406,,
19.1954004765,-428.8518850716,,
19.1954343319,-455.4950180797,,
19.1954793930,-478.6068461317,,
19.1955111027,-497.4890704792,,
19.1955432892,-512.0205780954,,
19.1979289055,-522.8419864165,,
19.264854908,-531.3971846026,,
19.2650542259,-539.7928897687,,
19.2650835514,-550.4696206671,,
19.265111208,-565.7148569322,,
19.2651369572,-587.0849025753,,
19.265162468,-614.8306176115,,
19.2657568455,-647.4395505533,,
19.3387963772,-681.4088508416,,
19.3390007019,-711.3449770079,,
19.3390309811,-730.4439912733,,
19.3390593529,-731.3402922956,,
19.3390853405,-707.2289875702,,
19.3391089439,-653.0836579291,,
19.3415198326,-566.7319185137,,
19.4087626934,-449.5443191481,,
19.4089145660,-306.5548829009,,
19.4089426994,-145.9539250393,,
19.4089691639,21.961803859,,
19.4090008736,186.1763705843,,
19.4090330601,336.4108529297,,
19.4090645313,464.3840886550,,
19.4822463989,564.6754582188,,
19.4824545383,635.0843515046,,
19.4824845791,676.4852073149,,
19.4825110435,692.263953881,,
19.4825363159,687.478332716,,
19.4825627804,667.9087361882,,
19.4825870991,639.1608687863,,
19.5560176373,605.9521472168,,
19.5563445091,571.6680892824,,
19.5563890934,538.2217576051,,
19.5564157963,506.1961819338,,
19.5564417839,475.2036005498,,
19.5564665794,444.3637131296,,
19.5564911366,412.7915370484,,
19.5590837002,379.9953089375,,
19.6259155273,346.1131261697,,
19.6261272430,311.9568417167,,
19.6261684895,278.8738702514,,
19.6262042522,248.4734220279,,
19.6262538433,222.2876738757,,
19.6262874603,201.4475548707,,
19.6263208389,186.4457680429,,
19.700599432,177.0369489801,,
19.7008221149,172.2903049650,,
19.7008550167,170.7719064924,,
19.7008824348,170.8032726328,,
19.7009088993,170.7294075971,,
19.7009346485,169.1359712478,,
19.7013885975,164.9776433833,,
19.7607882023,157.6092483954,,
19.760979414,146.7381330618,,
19.7610030174,132.3329280287,,
19.7610228062,114.5264324528,,
19.7610418797,93.5402205630,,
19.76106143,69.6415784967,,
19.7610805035,43.1276815287,,
19.7633867264,14.3239453273,,
19.8212215900,-16.4156271311,,
19.8214070797,-48.7127345666,,
19.8214371204,-82.175457421,,
19.8214771748,-116.4147036694,,
19.8215022087,-151.0640832926,,
19.8234579563,-185.7983948927,,
19.8907320499,-220.344264566,,
19.8909473419,-254.4783092507,,
19.890976429,-288.01351561,,
19.8910038471,-320.7798211572,,
19.8910293579,-352.6060513425,,
19.8936445713,-383.3066033085,,
19.9657239914,-412.6713981066,,
19.9659104347,-440.4575207992,,
19.9659416676,-466.3880139334,,
19.9659678936,-490.1724033591,,
19.9659934044,-511.5654366367,,
19.9660181999,-530.469834706,,
19.9687530994,-547.0680340726,,
20.0417780876,-561.9444512737,,
20.0420091152,-576.1426995414,,
20.0420651436,-591.0998310199,,
20.0420997143,-608.4172746296,,
20.0421316624,-629.4648894031,,
20.0421636105,-654.8634422236,,
20.0421950817,-683.9408226739,,
20.1144227982,-714.2955195720,,
20.1145551205,-741.6135969992,,
20.1145842075,-759.8605045238,,
20.1146097183,-761.9023933803,,
20.1146354675,-740.5135429973,,
20.1146597862,-689.6210107478,,
20.1147112846,-605.5543405832,,
20.1175713539,-488.0337085292,,
20.1904075146,-340.6600485311,,
20.1905913353,-170.7633154158,,
20.1906211376,11.4016601459,,
20.1906468868,193.9821218583,,
20.1906728745,365.1349895780,,
20.1907300949,514.6144094562,,
20.1932501793,635.0474246917,,
20.2669837475,722.6795413911,,
20.2671537399,777.4905555626,,
20.2671866417,802.7127647728,,
20.2672233582,803.8960632485,,
20.2672932148,787.7347719154,,
20.2673280239,760.8905136462,,
20.2673602104,729.0175191777,,
20.2697668076,696.1337494287,,
20.3426480293,664.3998173116,,
20.3428704739,634.2848520541,,
20.3429017067,605.0285477987,,
20.3429298401,575.2621620653,,
20.3429563046,543.6347001822,,
20.3429820538,509.3063690029,,
20.3430070877,472.2167123067,,
20.4187455177,433.0993944969,,
20.4189596176,393.2818459753,,
20.4189894199,354.3564929647,,
20.419015646,317.8283280686,,
20.4190411568,284.8305306469,,
20.4190652370,255.9656558509,,
20.4190890789,231.2882650874,,
20.422134161,210.4068439276,,
20.4957389832,192.6555696485,,
20.4959008694,177.2752994904,,
20.4959316254,163.5513692454,,
20.4959583282,150.8805843613,,
20.4959840775,138.7704387413,,
20.4960274696,126.7969393874,,
20.4960534573,114.5557865721,,
20.4984555244,101.6354673956,,
20.5686495304,87.6253978778,,
20.5688424110,72.1548138167,,
20.5688710213,54.9460053811,,
20.5688972473,35.8626878241,,
20.5689227581,14.9387119777,,
20.5689489841,-7.6211803745,,
20.5689740181,-31.4711213809,,
20.6453847885,-56.1816969134,,
20.6456415653,-81.3166979641,,
20.6457211971,-106.513779386,,
20.64575243,-131.5490005413,,
20.6457791328,-156.3667537599,,
20.6458060741,-181.0663354912,,
20.6458339691,-205.8505868697,,
20.6483941078,-230.9537376427,,
20.709053278,-256.5698664862,,
20.7092797756,-282.7993641128,,
20.7093129158,-309.6209360084,,
20.7093536854,-336.8853828192,,
20.7093813419,-364.3196736141,,
20.7094068527,-391.5301745643,,
20.7094314098,-418.0036554712,,
20.7864103317,-443.1190142209,,
20.7866051197,-466.1919977725,,
20.7866363525,-486.5719278547,,
20.7866637707,-503.7930320121,,
20.7867300510,-517.7593049271,,
20.7867558002,-528.9187067807,,
20.789659977,-538.3667672403,,
20.846200943,-547.8171368693,,
20.8463172913,-559.3914018018,,
20.8463451862,-575.2127291071,,
20.8463711739,-596.8339990251,,
20.846395731,-624.5844297798,,
20.8464207649,-656.9680640441,,
20.8464446068,-690.2768858524,,
20.8982834816,-718.5754293025,,
20.8984854221,-734.1638560291,,
20.8985157013,-728.5340543689,,
20.8985414505,-693.7129283417,,
20.8985667229,-623.7677658697,,
20.8985891342,-516.1682325646,,
20.9595823288,-372.6908649174,,
20.9598045349,-199.6271413835,,
20.9598288536,-7.1995071441,,
20.9598510265,191.7371269580,,
20.9598731995,383.473791273,,
21.0078570843,555.3686909385,,
21.0080473423,697.5488673435,,
21.0080699921,804.0849147827,,
21.0080900192,873.4508102379,,
21.008109808,908.2339172246,,
21.0081284046,914.2099286858,,
21.070830822,899.0112072669,,
21.0709841251,870.6736372076,,
21.0710055828,836.3403939566,,
21.0710251331,801.3384282397,,
21.0710432529,768.7437161060,,
21.118224144,739.4406758687,,
21.1184151173,712.5854746936,,
21.1184382439,686.3189113421,,
21.1184608936,658.5480687843,,
21.1184799671,627.6269628157,,
21.1184985638,592.8105010954,,
21.1207778454,554.4216212437,,
21.1812672615,513.7411983926,,
21.1814632416,472.6874826178,,
21.1814858913,433.3854488337,,
21.1815059185,397.7333868849,,
21.1838407516,367.0583032272,,
21.256248951,341.9204152316,,
21.2564184666,322.0877617219,,
21.2564473152,306.6633988242,,
21.2564737797,294.3185176579,,
21.2565002441,283.5698908287,,
21.2589290142,273.0394860083,,
21.3350296021,261.6463863708,,
21.3352899551,248.7035677692,,
21.3353304863,233.9183230086,,
21.3353641033,217.3168027226,,
21.3353970051,199.124901866,,
21.3354289532,179.6394860694,,
21.3354620934,159.1186140767,,
21.3844366074,137.7101602461,,
21.3846304417,115.4275605339,,
21.3846547604,92.1710295522,,
21.3846745491,67.7837937585,,
21.3847303391,42.1266284696,,
21.3847503662,15.1509289967,,
21.3847694397,-13.049035262,,
21.3847892284,-42.2201260364,,
21.4482376575,-71.9785328908,,
21.4483926296,-101.8793124322,,
21.4484157562,-131.5127440864,,
21.448435545,-160.6046794697,,
21.4484543800,-189.0960649170,,
21.5077457428,-217.1801706688,,
21.5079488754,-245.2821283479,,
21.5079727173,-273.9737658685,,
21.5079934597,-303.8291245514,,
21.5080127716,-335.2425471663,,
21.5080327988,-368.2480095786,,
21.5712368488,-402.3886367016,,
21.5714125633,-436.6828794610,,
21.5714411736,-469.7166779252,,
21.5714626312,-499.8623080625,,
21.57148242,-525.5913443947,,
21.5715017319,-545.8201153744,,
21.6348092556,-560.2105880504,,
21.6349656582,-569.3543448187,,
21.6349887848,-574.7908802342,,
21.6350083351,-578.8437852752,,
21.6350278854,-584.2874623275,,
21.6350471973,-593.8771661607,,
21.6371200085,-609.78913742,,
21.7105274200,-633.0320707293,,
21.7107586861,-662.910638749,,
21.7107899189,-696.6440368231,,
21.7108159065,-729.2569175297,,
21.7108416557,-753.8503540449,,
21.7108664513,-762.3121664103,,
21.7707252502,-746.4367244929,,
21.7709352970,-699.3110478963,,
21.7709662914,-616.7203427522,,
21.7709934711,-498.2706025531,,
21.7710232735,-347.9466522788,,
21.7710566521,-173.9263027847,,
21.7710907459,12.3674101129,,
21.7743005753,197.8177265642,,
21.8370718956,369.4700785601,,
21.8372292519,516.3256284351,,
21.8372511864,630.7282145385,,
21.8372709751,709.1040424478,,
21.8372907639,751.9669330056,,
21.8395967484,763.262101135,,
21.8974888325,749.2476166436,,
21.8977205753,717.1797365589,,
21.8977448940,674.0706486194,,
21.8977649212,625.7347079573,,
21.8977856636,576.2508315698,,
21.8978047371,527.8669733985,,
21.9786198139,481.2799111261,,
21.9788577557,436.1580341944,,
21.9788889885,391.7467367928,,
21.9789156914,347.406516581,,
21.9789416790,302.9755742462,,
21.9789671898,258.9077673961,,
22.0411455631,216.1970980632,,
22.0413842201,176.1479194227,,
22.0414159298,140.0767863381,,
22.0414421558,109.0334741942,,
22.0414683819,83.6076721963,,
22.0414948463,63.8534522468,,
22.0415220261,49.3280745539,,
22.0415468216,39.2146226836,,
22.0440287590,32.4838745044,,
22.0943973064,28.0505430093,,
22.0946524143,24.8904658328,,
22.0946962833,22.1030262046,,
22.0947220325,18.9206709615,,
22.0947465897,14.681339814,,
22.0969834328,8.7888606086,,
22.1430799961,0.6887984928,,
22.1431863308,-10.1201671884,,
22.1432125568,-24.0358165397,,
22.143237114,-41.2781940063,,
22.1432757378,-61.8190661651,,
22.1972856522,-85.3430594637,,
22.1974463463,-111.2589218198,,
22.1974687576,-138.7650669047,,
22.1974885464,-166.9600721532,,
22.1975071430,-194.9787459904,,
22.2513887882,-222.1283005341,,
22.2517635822,-247.9974772481,,
22.2517969608,-272.5145388562,,
22.2518336773,-295.9379735646,,
22.2518630028,-318.77669,,
22.3223767281,-341.6528611612,,
22.3228089809,-365.1354774058,,
22.3228571415,-389.5806293886,,
22.3228924274,-415.0137253785,,
22.3230249882,-441.0805080415,,
22.323333025,-467.0793803586,,
22.3721849918,-492.0693535263,,
22.3723342419,-515.0308107015,,
22.3723561764,-535.0465469965,,
22.3723766804,-551.4713188220,,
22.3723964691,-564.0665302829,,
22.3724148273,-573.085981819,,
22.3727521896,-579.3032745258,,
22.3747947216,-583.9700985659,,
22.3749046326,-588.6897081585,,
22.3749275208,-595.1872413686,,
22.3749489784,-604.9661399071,,
22.4366018772,-618.8634144565,,
22.485773325,-636.5550224716,,
22.4859771729,-656.1082027176,,
22.4860024452,-673.7152658188,,
22.486022234,-683.7523298813,,
22.4860420227,-679.268125063,,
22.4860613346,-652.917779608,,
22.5395605564,-598.2316540692,,
22.5397813320,-510.9869546828,,
22.5398123264,-390.3754062687,,
22.5398395061,-239.6679791034,,
22.5398654938,-66.1736241016,,
22.6037197113,119.552275751,,
22.6038789749,305.1179261082,,
22.6039021015,478.0469908814,,
22.6039233208,627.5205912152,,
22.6039428711,745.7709199467,,
22.6066012383,828.8822300813,,
22.6703126431,876.8996968962,,
22.6705145836,893.2996623325,,
22.6705384254,883.996639642,,
22.6705610752,856.1278700867,,
22.6705825329,816.8595877584,,
22.6706037521,772.4124798125,,
22.737937212,727.4286298698,,
22.7380828857,684.7208677850,,
22.7381038666,645.3748186639,,
22.7381231785,609.122211837,,
22.7381415367,574.8726974369,,
22.7381608486,541.2810238170,,
22.7403409481,507.2382007406,,
22.8005943298,472.2071162536,,
22.8008484840,436.3665226598,,
22.8008806705,400.5705790131,,
22.8009030819,366.1646939716,,
22.8009269238,334.7173719479,,
22.8009498119,307.7314532571,,
22.8674957752,286.3895169109,,
22.8677177429,271.3722121764,,
22.8677444458,262.7691104052,,
22.8677656651,260.0826239155,,
22.8677852154,262.3103070876,,
22.8678045273,268.0822237424,,
22.8700077534,275.8277691376,,
22.9315259457,283.9478986451,,
22.931804657,290.9722071834,,
22.9318451881,295.6854110277,,
22.93187356,297.2143098991,,
22.9319376945,295.0724477921,,
22.9319617748,289.1629004025,,
22.9985325336,279.7396824444,,
22.9987592697,267.3285562287,,
22.9987902641,252.6126324641,,
22.9988150597,236.2977387203,,
22.9988377094,218.9826877978,,
22.9988596439,201.0633776134,,
22.999196291,182.6927197327,,
23.0541646481,163.8023998134,,
23.0542826653,144.1743244650,,
23.0543072224,123.5371460630,,
23.0543270111,101.6604474252,,
23.0543463230,78.4245936209,,
23.0543656349,53.8539725938,,
23.0575611591,28.1120782219,,
23.1059107780,1.4664500552,,
23.1060645580,-25.7619162331,,
23.1060864925,-53.2479658825,,
23.1061069965,-80.6972784059,,
23.1061255932,-107.8599543823,,
23.1714026928,-134.5260184886,,
23.1715083122,-160.5113676895,,
23.1715369225,-185.6476155199,,
23.1715981960,-209.7908798479,,
23.1716187000,-232.8621814731,,
23.2361733913,-254.9240642165,,
23.2364108562,-276.284653541,,
23.2364425659,-297.6043853745,,
23.2364699841,-319.9656816634,,
23.2364952564,-344.8555952888,,
23.2365207672,-374.0112459509,,
23.2365450859,-409.0950874295,,
23.3020684719,-451.2061261048,,
23.3022341728,-500.2893046217,,
23.3022651672,-554.5635370096,,
23.3022937775,-610.1297774884,,
23.3023192883,-660.9257667213,,
23.3023438454,-699.1514680821,,
23.3051879406,-716.1977413090,,
23.3814914227,-703.9856246589,,
23.3817169666,-656.4955511044,,
23.3817510605,-571.1742918088,,
23.3817777634,-449.8877840253,,
23.3818044662,-299.1573375632,,
23.3818287849,-129.5642995296,,
23.4361352921,45.6031293446,,
23.4363267422,212.2089701527,,
23.4363501072,357.2631083287,,
23.4363713264,470.6494069723,,
23.4363913536,546.2568825119,,
23.4364104271,582.3291994626,,
23.4364292622,581.0321777862,,
23.4366490841,547.412206211,,
23.4927270412,488.0380652458,,
23.4928839207,409.6617456027,,
23.4929060936,318.1992245925,,
23.4929261208,218.2334615915,,
23.4929449558,113.1012274308,,
